{
  "12k": {
    "K": 12288,
    "warm_median_tps": 356.7716490994684,
    "wall_tps_values": [
      352.12463814972386,
      356.7716490994684,
      356.8722067339772
    ],
    "wall_tps_std": 2.7124475437967015,
    "peak_gpu_mem_mib": 19395,
    "server_ready_s": 80.04343867301941,
    "completion_full": true,
    "mechanism": {
      "splitkv_armed": true,
      "splitkv_redirects": 0,
      "graph_capture_lines": 5,
      "onegraph_captured": true,
      "fatal_traceback": false,
      "n_tracebacks": 1,
      "benign_usage_tracebacks": 2,
      "batch_invariant_mentions": 1
    }
  },
  "16k": {
    "K": 16384,
    "warm_median_tps": 359.91305590780723,
    "wall_tps_values": [
      347.18775817960153,
      360.0376807869409,
      359.91305590780723
    ],
    "wall_tps_std": 7.383193128615234,
    "peak_gpu_mem_mib": 19395,
    "server_ready_s": 140.04408526420593,
    "completion_full": true,
    "mechanism": {
      "splitkv_armed": true,
      "splitkv_redirects": 0,
      "graph_capture_lines": 5,
      "onegraph_captured": true,
      "fatal_traceback": false,
      "n_tracebacks": 1,
      "benign_usage_tracebacks": 2,
      "batch_invariant_mentions": 1
    }
  },
  "32k": {
    "K": 32768,
    "warm_median_tps": 353.3120391423363,
    "wall_tps_values": [
      343.0958050606657,
      353.39132156587925,
      353.3120391423363
    ],
    "wall_tps_std": 5.921365054097101,
    "peak_gpu_mem_mib": 19415,
    "server_ready_s": 135.04351568222046,
    "completion_full": true,
    "mechanism": {
      "splitkv_armed": true,
      "splitkv_redirects": 0,
      "graph_capture_lines": 5,
      "onegraph_captured": true,
      "fatal_traceback": false,
      "n_tracebacks": 1,
      "benign_usage_tracebacks": 2,
      "batch_invariant_mentions": 1
    }
  },
  "full": {
    "K": 262144,
    "warm_median_tps": 337.04427564440175,
    "wall_tps_values": [
      325.1717742547279,
      337.2087137981138,
      337.04427564440175
    ],
    "wall_tps_std": 6.902550769164152,
    "peak_gpu_mem_mib": 20017,
    "server_ready_s": 135.0444004535675,
    "completion_full": true,
    "mechanism": {
      "splitkv_armed": true,
      "splitkv_redirects": 0,
      "graph_capture_lines": 5,
      "onegraph_captured": true,
      "fatal_traceback": false,
      "n_tracebacks": 1,
      "benign_usage_tracebacks": 2,
      "batch_invariant_mentions": 1
    }
  }
}