{
  "pr": 422,
  "agent": "ubel",
  "kind": "cb3-real-rung-perturbation",
  "analysis_only": true,
  "no_launch": true,
  "no_hf_job": true,
  "no_submission": true,
  "no_served_file_change": true,
  "gpu_used_for_analysis_only": true,
  "official_tps": 0,
  "baseline_unchanged_tps": 481.53,
  "baseline_unchanged_ppl": 2.3772,
  "inputs": {
    "model_id": "google/gemma-4-E4B-it",
    "schemes": [
      "fp16",
      "int8",
      "cb3-ldlq",
      "cb3-real",
      "int4",
      "int3"
    ],
    "measure": [
      "shared_kv_states",
      "inputs_embeds_hidden"
    ],
    "cb3_real_recipe": "two-sided RHT incoherence + K=64 dim-2 Gaussian VQ (data-free, NO LDLQ -> strict UB)",
    "cb3_ldlq_recipe": "two-sided RHT + K=64 dim-2 VQ + block-pair GPTQ/LDLQ error-feedback (calibrated -> FAITHFUL rung)",
    "cb3_vq_k": 64,
    "cb3_vq_dim": 2,
    "cb3_vq_code_bpw": 3.0,
    "cb3_vq_scale_group": 64,
    "cb3_vq_eff_bpw": 3.25,
    "cb3_ldlq_blocksize": 128,
    "cb3_ldlq_damp_frac": 0.01,
    "cb3_bpw_eff_banked": 3.2368598382749325,
    "cb3_byte_ratio": 0.7846932941272564,
    "cb3_mixed_frac": 0.888,
    "int4_bpw": 4.125,
    "ladder_289": [
      0.7292532942898975,
      0.759556697719242,
      0.7929794882639035,
      0.8228,
      0.8348727920920435,
      0.8357919254658385,
      0.8464932652113331
    ],
    "drafter_top1_289": 0.7292532942898975,
    "e_accepted_289": 2.851185944363104,
    "gross_tps_per_unit_cov_402": 962.27,
    "demand_coverage_band_401": 0.10973404808468479,
    "demand_lift_tps_band": 105.59378245044962,
    "negligible_frac": 0.05,
    "negligible_tps": 5.279689122522481,
    "baseline_tps": 481.53,
    "baseline_ppl": 2.3772,
    "cb3_ppl_388": 2.3812,
    "ppl_gate": 2.42,
    "int8_dtps_410": 15.741107889179563,
    "int8_kv_l2rel_410": 0.0071407895516850195,
    "int4_kv_l2rel_410": 0.07342104081134417,
    "fp16_tf_ppl_410": 25.733985341277865,
    "int4_tf_ppl_410": 30.348819770011534,
    "cb3_vq_seed": 1337,
    "source_410_run": "7rzf74q5",
    "source_289_run": "fi34s269",
    "source_401_run": "i2qsjyp6",
    "source_402_run": "8pcyhe2r",
    "source_355_run": "vqzzc9jw",
    "source_388_ref": "cb3_supply_lift_mtp_honest",
    "source_kernel_ref": "cb3_kernel_realized_bw"
  },
  "meta": {
    "n_prompts": 128,
    "max_seq_len": 512,
    "seqlen_min": 110,
    "seqlen_max": 512,
    "seqlen_mean": 247.8671875,
    "n_layers": 42,
    "n_kv_layers": 24,
    "kv_layers": [
      0,
      1,
      2,
      3,
      4,
      5,
      6,
      7,
      8,
      9,
      10,
      11,
      12,
      13,
      14,
      15,
      16,
      17,
      18,
      19,
      20,
      21,
      22,
      23
    ],
    "n_quantized_linears": 259,
    "load_s": 9.11,
    "ref_peak_vram_mb": 18198.1,
    "lm_head_available": true,
    "cb3_codebook_norm_distortion": 0.029733216390013695,
    "cb3_two_sided_coverage": {
      "n": 259,
      "two_sided": 259,
      "one_sided": 0
    },
    "cb3ldlq_two_sided_coverage": {
      "n": 259,
      "two_sided": 259,
      "one_sided": 0
    },
    "cb3_ldlq_calibrated": true,
    "cb3_ldlq_calib_prompts": 64,
    "cb3_ldlq_calib_min_tokens": 15931,
    "cb3_ldlq_calib_s": 905.29,
    "rht_roundtrip_rel": 2.3886316284915665e-06
  },
  "per_scheme": {
    "fp16": {
      "scheme": "fp16",
      "spec": [
        "ref",
        null
      ],
      "role": "reference (bf16; Delta=0 sanity)",
      "aggr": 0.0,
      "apply_s": 3.48,
      "inputs_embeds_hidden": {
        "l2_relative": 0.0,
        "cosine": 1.0000004746879567,
        "max_abs_delta": 0.0,
        "per_channel_max_abs_delta_max": 0.0,
        "per_channel_max_abs_delta_mean": 0.0,
        "sumsq_ref": 808725469.5
      },
      "shared_kv_states": {
        "l2_relative": 0.0,
        "cosine": 1.0000000054656848,
        "max_abs_delta": 0.0,
        "per_channel_max_abs_delta_max": 0.0,
        "per_channel_max_abs_delta_mean": 0.0,
        "sumsq_ref": 101108181326.42188
      },
      "body_proxy": {
        "argmax_flip_rate": 0.0,
        "n_positions": 31727,
        "teacher_forced_ppl": 25.733985341277865
      }
    },
    "int8": {
      "scheme": "int8",
      "spec": [
        "rtn",
        8
      ],
      "role": "int8 RTN g128 (gate-safe rung; #410 faithful anchor we replace)",
      "aggr": 1.0,
      "apply_s": 11.23,
      "inputs_embeds_hidden": {
        "l2_relative": 0.06498690782584027,
        "cosine": 0.9982635827971837,
        "max_abs_delta": 14.5546875,
        "per_channel_max_abs_delta_max": 14.5546875,
        "per_channel_max_abs_delta_mean": 5.314425468444824,
        "sumsq_ref": 808725469.5
      },
      "shared_kv_states": {
        "l2_relative": 0.0071407895516850195,
        "cosine": 0.9996976828269787,
        "max_abs_delta": 85.875,
        "per_channel_max_abs_delta_max": 85.875,
        "per_channel_max_abs_delta_mean": 8.967302322387695,
        "sumsq_ref": 101108181326.42188
      },
      "body_proxy": {
        "argmax_flip_rate": 0.016358306804929557,
        "n_positions": 31727,
        "teacher_forced_ppl": 25.672351025459786
      }
    },
    "cb3-ldlq": {
      "scheme": "cb3-ldlq",
      "spec": [
        "cb3ldlq",
        null
      ],
      "role": "cb3-LDLQ (FAITHFUL rung): two-sided RHT incoherence + K=64 dim-2 Gaussian VQ + block-pair GPTQ/LDLQ error-feedback (calibrated on the 128 prompts) @ 3.250bpw -- the supply-rung the band tightens to",
      "aggr": 2.0,
      "apply_s": 274.06,
      "inputs_embeds_hidden": {
        "l2_relative": 0.3646707192184989,
        "cosine": 0.9343960402190495,
        "max_abs_delta": 34.0,
        "per_channel_max_abs_delta_max": 34.0,
        "per_channel_max_abs_delta_mean": 11.468669891357422,
        "sumsq_ref": 808725469.5
      },
      "shared_kv_states": {
        "l2_relative": 0.04777774570391769,
        "cosine": 0.9862955917114081,
        "max_abs_delta": 151.84375,
        "per_channel_max_abs_delta_max": 151.84375,
        "per_channel_max_abs_delta_mean": 17.0074462890625,
        "sumsq_ref": 101108181326.42188
      },
      "body_proxy": {
        "argmax_flip_rate": 0.11195511709269707,
        "n_positions": 31727,
        "teacher_forced_ppl": 23.85592483009579
      }
    },
    "cb3-real": {
      "scheme": "cb3-real",
      "spec": [
        "cb3real",
        null
      ],
      "role": "cb3-real (LITERAL recipe, data-free): two-sided RHT + K=64 dim-2 Gaussian VQ @ 3.250bpw, NO LDLQ -> strict UPPER bound (over-perturbs)",
      "aggr": 3.5,
      "apply_s": 19.45,
      "inputs_embeds_hidden": {
        "l2_relative": 0.7691211343214981,
        "cosine": 0.7193398986195032,
        "max_abs_delta": 65.505859375,
        "per_channel_max_abs_delta_max": 65.505859375,
        "per_channel_max_abs_delta_mean": 15.204551696777344,
        "sumsq_ref": 808725469.5
      },
      "shared_kv_states": {
        "l2_relative": 0.10206522047959495,
        "cosine": 0.9534410548434833,
        "max_abs_delta": 150.375,
        "per_channel_max_abs_delta_max": 150.375,
        "per_channel_max_abs_delta_mean": 17.747669219970703,
        "sumsq_ref": 101108181326.42188
      },
      "body_proxy": {
        "argmax_flip_rate": 0.2718819932549563,
        "n_positions": 31727,
        "teacher_forced_ppl": 23.930769909491552
      }
    },
    "int4": {
      "scheme": "int4",
      "spec": [
        "rtn",
        4
      ],
      "role": "crude int4 RTN g128 (scalar; OVER-states cb3 -- the upper bracket edge)",
      "aggr": 3.0,
      "apply_s": 9.37,
      "inputs_embeds_hidden": {
        "l2_relative": 0.6547745743543942,
        "cosine": 0.8113117653869616,
        "max_abs_delta": 36.1875,
        "per_channel_max_abs_delta_max": 36.1875,
        "per_channel_max_abs_delta_mean": 14.671740531921387,
        "sumsq_ref": 808725469.5
      },
      "shared_kv_states": {
        "l2_relative": 0.07342104081134417,
        "cosine": 0.9732330792354591,