{
  "schema": "bi0_k_sweep_arm/v1",
  "complete": true,
  "K": 6,
  "submission": "int4_mtp_bi0_surgattn",
  "n": 3,
  "workload": {
    "num_prompts": 128,
    "output_len": 512,
    "seed": 1,
    "warmup": "8x128"
  },
  "measurement_env": {
    "VLLM_USE_FLASHINFER_SAMPLER": "0",
    "DISABLE_LOG_STATS": "0",
    "STEPTIME": "1",
    "STEPTIME_WARMUP_SKIP": "64",
    "STEPTIME_RAW_START": "64",
    "STEPTIME_RAW_COUNT": "4000",
    "STEPTIME_REPORT_EVERY": "100000",
    "NUM_SPECULATIVE_TOKENS": "6"
  },
  "manifest_env": {
    "VLLM_BATCH_INVARIANT": "0",
    "DRAFTER_MODEL": "google/gemma-4-E4B-it-qat-q4_0-unquantized-assistant",
    "NUM_SPECULATIVE_TOKENS": "6",
    "MAX_MODEL_LEN": "4096",
    "GPU_MEMORY_UTILIZATION": "0.90",
    "MAX_NUM_BATCHED_TOKENS": "512",
    "MAX_NUM_SEQS": "1",
    "PYTORCH_CUDA_ALLOC_CONF": "expandable_segments:True"
  },
  "server_ready_s": 110.02397727966309,
  "elapsed_s": 1080.6817064285278,
  "peak_gpu_mem_mib": 19673,
  "wall_tps": {
    "n": 3,
    "mean": 219.82947097962838,
    "std": 1.1311373284256334,
    "cv_pct": 0.5145521769146485,
    "min": 218.52340493440084,
    "max": 220.49324038364446,
    "range_pct": 0.8960743254602851,
    "median": 220.4717676208399,
    "p25": 218.52340493440084,
    "p75": 220.4717676208399,
    "values": [
      218.52340493440084,
      220.49324038364446,
      220.4717676208399
    ]
  },
  "e_accept_exact": {
    "n": 3,
    "mean": 3.3437825920220567,
    "std": 0.012638791778963225,
    "cv_pct": 0.3779788736599731,
    "min": 3.329202366381069,
    "max": 3.351622088884369,
    "range_pct": 0.6704898385675954,
    "median": 3.3505233208007317,
    "p25": 3.329202366381069,
    "p75": 3.3505233208007317,
    "values": [
      3.329202366381069,
      3.3505233208007317,
      3.351622088884369
    ]
  },
  "draft_acceptance_rate": {
    "n": 3,
    "mean": 0.39063043200367614,
    "std": 0.002106465296493876,
    "cv_pct": 0.539247617163133,
    "min": 0.38820039439684484,
    "max": 0.3919370148140615,
    "range_pct": 0.9565615249304257,
    "median": 0.39175388680012196,
    "p25": 0.38820039439684484,
    "p75": 0.39175388680012196,
    "values": [
      0.38820039439684484,
      0.39175388680012196,
      0.3919370148140615
    ]
  },
  "prometheus_spec_decode": {
    "populated": true,
    "num_drafts": 59138.0,
    "num_accepted_tokens": 138796.0,
    "num_draft_tokens": 354828.0,
    "mean_tokens_per_step_E_T": 3.346985018093273,
    "accepted_per_pos": [
      41264.0,
      29869.0,
      23171.0,
      18175.0,
      14717.0,
      11600.0
    ],
    "cumulative_acceptance_C": [
      0.6977577868713856,
      0.5050728803814806,
      0.3918123710642903,
      0.30733200311136666,
      0.24885860191416687,
      0.1961513747505834
    ],
    "conditional_acceptance_p": [
      0.6977577868713856,
      0.7238512989530825,
      0.7757541263517359,
      0.7843856544818956,
      0.8097386519944979,
      0.7882041176870286
    ]
  },
  "ppl": 2.0056557074968437,
  "ppl_summary": {
    "base_url": "http://127.0.0.1:8000",
    "dataset_path": "/workspace/senpai/target/official/main_bucket/shared_resources/speed_benchmark/data/ppl_ground_truth_tokens.jsonl",
    "mean_record_ppl": 2.159233499456369,
    "model": "gemma-4-e4b-it",
    "neg_log_likelihood": 43008.92257219653,
    "num_records": 128,
    "num_tokens": 61797,
    "output_file": "/workspace/senpai/target/research/bi0_k_sweep/k6/ppl.jsonl",
    "ppl": 2.0056557074968437,
    "prompt_logprobs": 1
  },
  "ppl_bar": 2.42,
  "ppl_within_bar": true,
  "fingerprint": "b4d3cf0dc162bb8e3d278eec0b546b2ad97d8eef283e92a7d1d011a76a315353",
  "fingerprint_per_record": {
    "0": "86adc997ba2577243e0fa1bf77ca08d4f88cfda00c901e9bbe5e9667f547c4bb",
    "1": "f7f87b15123cce78789c08e541d52e1ff05fcefb2b432c61421ca77ed232c1b3",
    "2": "464c0eb63f65d642bcc01aab57419bb63d1b5986f3922e194ea60c4646b1abd0",
    "3": "d3d8067a2d19eff6832fc6f63db3a08ed0ef342e800286eefe647822d2cb2971",
    "4": "1e018829eaba393d8dc43c25aa6001a6ceb886010ef16f7cc80ba523ebc3ec04",
    "5": "7fef6270c9104125f352582274f507982eb5df4c8986d5b8d2f7d96713cb30f1",
    "6": "a2ee6526aa38587d200b9ee96fae09e5a650a8a96ef84cf30a6b55d2bc24a862",
    "7": "aa6a6f9381ea8397a54a82a1943a336f587661fe74c79ee787df667d51e6479f",
    "8": "fa920b1af305b5265e67d3ad9b0d526d6f7383136ebb81c1ab4963c8a1398a10",
    "9": "3b8399642cb01ee946be1c3b71d42a203b95940460bc83e299a9f13df2b11e74",
    "10": "e9f89105f2167520d220afe7fa8ed3aae165d4f77bc4acea8f77c2edb5c4f52b",
    "11": "214f2973cff15c74492ab6e5c6198eb0609ce95568251560bd5863399d30f21e",
    "12": "001754ae8306ea11252f04450bb563c4e65e13c915f682890605712750a09bab",
    "13": "0193611961f3d7b2750f9ce729a698d92d6ab995f20564c56a55edfd75a470da",
    "14": "2ba33dbc509c90b081c9dd4cf92bd9822003ac9fbe5a9e5e5662497843ca6ab8",
    "15": "bcba23c92259b63b06da8a17c934090716823852a7e96447c81c7ea61f30a917",
    "16": "0ffb21376ac9eb4a4cfa267b92282efc944debf9275ade4d01f6635fb6226944",
    "17": "66359d73da2befbc0ac9b0ca22f90387e3a1b4f1330e6d70f4a68ea69f57b9a1",
    "18": "d3692b24d4a641e04f44d9199e96d3c1e0dd0f39b24cf663d2f0d19f93e1a2d7",
    "19": "8e3154682b586cb4ca712eebc8349c7e7f57ae7268619f1be75d0991d22a7f08",
    "20": "af9c7529a4d9d1c4df9dc3196c892e37e06a39704779bcaf711a8c695c5f3e55",
    "21": "f4ea77cb9bd4d32c071570b66d0d35931904e28c91a9ac6484b2cf2fe2d44e1a",
    "22": "e46d98b5eb5f68f4850e541d1866a96b38a1f8d6d5a0e268ce287ca0a39ed4cb",
    "23": "2b1501ba2b7db432d40ce147e97484dab5bc7549d69bba787d2a3974b78050e6",
    "24": "a8a592e435d9fc5237a5ea53f65619e44156d858579aa38fef6ac6daab4c558c",
    "25": "1b0e8938de786b8f23567038ec3ddab492d5b4403eb7e7b16419c6426cec0629",
    "26": "ee84b041a78eb0e30f2b666dd097242aa63a972402c6db0796dc94a6430279ab",
    "27": "ee5211e6429de01e256b7bd3a5d7719600e0c0daf21de8e15cd678b14bc4dcb7",
    "28": "691ee4933adc95212ba1c0b7ed0ae5368662a3aa30945e99b0be3675cc833c7d",
    "29": "2de3ce868c5bb908c6550d0c0231f6970f2b65cb031d188c3ab945b1d48031c7",
    "30": "52f4b076a3838fe2e61557d4aecdcc8b45ead72eb8b3e850572551a629d628dd",
    "31": "d362b84b683dc9e24c92c24830264c0b7ce331a0327972486c8bce372f67a25c",
    "32": "d6c7bef3f92dc26dba091558edbb17df294370332cc5b0d08c7811a9a1c23a5e",
    "33": "0c7cb126eb62769a94c7b7837395e3f55718c4bd362216434aca3be2fe6f8820",
    "34": "834987005fdedb8203510d823816f6ddda81b8ddbcfcd5455be12443bd33d497",
    "35": "c1ed0be03fc0da66429b327097d0de273e2145f48e34e71c710d0b08565ec377",
    "36": "8763c74d5809bd1b7d6e7d5a41ccde1148066d782e6085ec2c3bd8ae8b8998e7",
    "37": "06071394865574586cf0941c44292e74df5a1f0f5086ff17957848b5ebf63e82",
    "38": "126b7761880f2ea52284b77bf5bf56e656ac7bb616c4b2a1e06cfd5271c85f31",
    "39": "740e69f7e98d8f2b7e4aa08fd24d4fffabacdc08fc3b9cf2d3ef5773c172a177",
    "40": "34f405004db704eb408d7d1cb8abf306b925434ba181d8766b59d011e96e32f5",
    "41": "14cb1d56adb8d8539d77a28e0e15a117ceacf09b00c2825fdc800ccaedfa3237",
    "42": "410f1d728de4eb12d69a0da323ecec7304aa3ff1cfc5e015ca8e35bc2b345769",
    "43": "2a8db2010d99b130743c66d67f568ae73dbbad4c41bfa66ed5335ad7da0d2cf2",
    "44": "aacef202df49568332de62456daa09937c1de391974d313e00d1fc6fefd46184",
    "45": "3f4a476f14ffbeb490c8ded70f72eb015341f33d5c50ab0ba27abb5bed96b459",
    "46": "f16d830718240e8c134b67b280b254adf0dd92d7808b37f82e5ab812ee936e87",
    "47": "1cc55ccbff951c34ca783e93fcde077760dff32b897969d91832fc8b410d140d",
    "48": "e50025b8d46d5c11f003d12b79d746184b7c609bbd37b1eafde3aaba602d4eea",
    "49": "ad6751b5f2d9387a88439da3e0ec3909431a1563bd172fab049bdd91f2fe298f",
    "50": "d6f04289778f50a32e80d1caabdbfb222216fae19ef4026360a8f004f2ad861c",
    "51": "d6ed39f2be1fc084252a063b7d3cb5a98d404f8a023c9489668ac8ec65da6174",
    "52": "2dafcbc55b81a52d99a667da1f2cab2f4d6bd2228f5886c0c378072f3fe73412",
    "53": "d853aeb38f2a48b428bb04372b86e58157cbceae9e45c282bbf2c68cd5f0890a",
    "54": "3850076e83640783eeba2e338ae6ca0cb243dc60d2a43741daa4c21417c24313",