{
  "runner": "paired_tps_ab",
  "pr": 82,
  "metric": "wall_tps",
  "baseline": {
    "submission": "fa2sw_precache_kenyan",
    "label": "bm16_s3",
    "override_env": {},
    "describe": "fa2sw_precache_kenyan"
  },
  "candidate": {
    "submission": "fa2sw_precache_kenyan",
    "label": "bm16_s2",
    "override_env": {
      "WIRBEL_BM4_AB": "1",
      "WIRBEL_BM4_BLOCK_M": "16",
      "WIRBEL_BM4_NUM_STAGES": "2"
    },
    "describe": "fa2sw_precache_kenyan[WIRBEL_BM4_AB=1,WIRBEL_BM4_BLOCK_M=16,WIRBEL_BM4_NUM_STAGES=2]"
  },
  "n": 1,
  "workload": {
    "num_prompts": 128,
    "output_len": 512,
    "seed": 2
  },
  "reused_baseline_from": null,
  "elapsed_s": 472.5984675884247,
  "git": {
    "git_commit": "626fb4f931a0b87e46d9d6c51e8626f94832d28d",
    "git_branch": "wirbel/numstages-realize",
    "git_dirty": true
  },
  "arms": {
    "baseline": {
      "n": 1,
      "wall_tps": {
        "n": 1,
        "mean": 454.2752099669216,
        "std": 0.0,
        "cv_pct": 0.0,
        "min": 454.2752099669216,
        "max": 454.2752099669216,
        "range_pct": 0.0,
        "median": 454.2752099669216,
        "p25": 454.2752099669216,
        "p75": 454.2752099669216,
        "values": [
          454.2752099669216
        ]
      },
      "steady_gen_tps_mean": {
        "n": 1,
        "mean": 449.7214285714286,
        "std": 0.0,
        "cv_pct": 0.0,
        "min": 449.7214285714286,
        "max": 449.7214285714286,
        "range_pct": 0.0,
        "median": 449.7214285714286,
        "p25": 449.7214285714286,
        "p75": 449.7214285714286,
        "values": [
          449.7214285714286
        ]
      },
      "e_accept_exact": {
        "n": 1,
        "mean": 3.8374028182701654,
        "std": 0.0,
        "cv_pct": 0.0,
        "min": 3.8374028182701654,
        "max": 3.8374028182701654,
        "range_pct": 0.0,
        "median": 3.8374028182701654,
        "p25": 3.8374028182701654,
        "p75": 3.8374028182701654,
        "values": [
          3.8374028182701654
        ]
      },
      "server_ready_s": {
        "n": 1,
        "mean": 80.01976776123047,
        "std": 0.0,
        "cv_pct": 0.0,
        "min": 80.01976776123047,
        "max": 80.01976776123047,
        "range_pct": 0.0,
        "median": 80.01976776123047,
        "p25": 80.01976776123047,
        "p75": 80.01976776123047,
        "values": [
          80.01976776123047
        ]
      },
      "records": [
        {
          "run_idx": 0,
          "t_start_utc": "2026-06-16T08:18:09.629715+00:00",
          "seed": 2,
          "num_prompts": 128,
          "output_len": 512,
          "num_completion_tokens": 65536,
          "decode_duration_s": 144.26497101783752,
          "wall_around_decode_s": 152.79708099365234,
          "wall_tps": 454.2752099669216,
          "steady_gen_tps_mean": 449.7214285714286,
          "steady_gen_tps_mean_nonzero": 449.7214285714286,
          "steady_gen_tps_n": 14,
          "gen_tps_series": [
            396.3,
            481.5,
            459.6,
            446.6,
            498.9,
            425.3,
            475.1,
            444.9,
            409.6,
            458.5,
            456.4,
            466.6,
            460.0,
            416.8
          ],
          "e_accept_exact": 3.8374028182701654,
          "e_accept_interval_mean": 3.837142857142857,
          "num_speculative_tokens": 7,
          "total_accepted_tokens": 46715,
          "total_drafted_tokens": 115248,
          "intervals": 14,
          "clock": {
            "n_samples": 621,
            "n_load_samples": 576,
            "sm_clock_mhz": {
              "mean": 1710.0,
              "min": 1710.0,
              "max": 1710.0
            },
            "sm_clock_mhz_load": {
              "mean": 1710.0,
              "min": 1710.0,
              "max": 1710.0
            },
            "mem_clock_mhz_load": {
              "mean": 6251.0,
              "min": 6251.0,
              "max": 6251.0
            },
            "temp_c": {
              "mean": 41.86312399355877,
              "min": 28.0,
              "max": 49.0
            },
            "power_w_load": {
              "mean": 163.15967013888888,
              "min": 59.3,
              "max": 187.31
            },
            "util_pct": {
              "mean": 92.2061191626409,
              "min": 0.0,
              "max": 100.0
            }
          },
          "log_offset_start": 0,
          "server_ready_s": 80.01976776123047,
          "arm": "bm16_s3",
          "submission": "fa2sw_precache_kenyan",
          "override_env": {}
        }
      ]
    },
    "candidate": {
      "n": 1,
      "wall_tps": {
        "n": 1,
        "mean": 455.93260310745615,
        "std": 0.0,
        "cv_pct": 0.0,
        "min": 455.93260310745615,
        "max": 455.93260310745615,
        "range_pct": 0.0,
        "median": 455.93260310745615,
        "p25": 455.93260310745615,
        "p75": 455.93260310745615,
        "values": [
          455.93260310745615
        ]
      },
      "steady_gen_tps_mean": {
        "n": 1,
        "mean": 455.4857142857143,
        "std": 0.0,
        "cv_pct": 0.0,
        "min": 455.4857142857143,
        "max": 455.4857142857143,
        "range_pct": 0.0,
        "median": 455.4857142857143,
        "p25": 455.4857142857143,
        "p75": 455.4857142857143,
        "values": [
          455.4857142857143
        ]
      },
      "e_accept_exact": {
        "n": 1,
        "mean": 3.8366710636767,
        "std": 0.0,
        "cv_pct": 0.0,
        "min": 3.8366710636767,
        "max": 3.8366710636767,
        "range_pct": 0.0,
        "median": 3.8366710636767,
        "p25": 3.8366710636767,
        "p75": 3.8366710636767,
        "values": [
          3.8366710636767
        ]
      },
      "server_ready_s": {
        "n": 1,
        "mean": 80.01366877555847,
        "std": 0.0,
        "cv_pct": 0.0,
        "min": 80.01366877555847,
        "max": 80.01366877555847,
        "range_pct": 0.0,
        "median": 80.01366877555847,
        "p25": 80.01366877555847,
        "p75": 80.01366877555847,
        "values": [
          80.01366877555847
        ]
      },
      "records": [
        {
          "run_idx": 0,
          "t_start_utc": "2026-06-16T08:22:06.176402+00:00",
          "seed": 2,
          "num_prompts": 128,
          "output_len": 512,
          "num_completion_tokens": 65536,
          "decode_duration_s": 143.74054312705994,
          "wall_around_decode_s": 152.14634370803833,
          "wall_tps": 455.93260310745615,
          "steady_gen_tps_mean": 455.4857142857143,
          "steady_gen_tps_mean_nonzero": 455.4857142857143,
          "steady_gen_tps_n": 14,
          "gen_tps_series": [
            451.3,
            487.2,
            481.0,
            450.9,
            473.5,
            439.4,
            471.0,
            444.6,
            419.1,
            453.4,
            463.5,
            475.4,
            447.7,
            418.8
          ],
          "e_accept_exact": 3.8366710636767,
          "e_accept_interval_mean": 3.8378571428571426,
          "num_speculative_tokens": 7,
          "total_accepted_tokens": 47310,
          "total_drafted_tokens": 116746,
          "intervals": 14,
          "clock": {
            "n_samples": 619,
            "n_load_samples": 574,
            "sm_clock_mhz": {
              "mean": 1710.0,
              "min": 1710.0,
              "max": 1710.0
            },
            "sm_clock_mhz_load": {
              "mean": 1710.0,
              "min": 1710.0,
              "max": 1710.0
            },
            "mem_clock_mhz_load": {
              "mean": 6251.0,
              "min": 6251.0,
              "max": 6251.0
            },
            "temp_c": {
              "mean": 42.34894991922456,
              "min": 30.0,
              "max": 49.0
            },