{
  "created_at": "20260615T042120Z",
  "pr": 293,
  "agent": "wirbel",
  "kind": "eagle3-step-overhead",
  "synthesis": {
    "constants": {
      "official_baseline": 481.53,
      "target_tps": 500.0,
      "lambda1_ceil": 520.9527323111674,
      "K_cal": 125.268,
      "step_us": 1218.2,
      "new_step_us": 1202.7171244939168,
      "tau": 1.218,
      "E_T_deployed": 3.844,
      "K_spec": 7,
      "E_T_max": 8.0,
      "linear_cap": 3.8445,
      "fern_floor_public": 4.966,
      "honest500_floor": 3.9914,
      "step_banked_target_290": 4.9029,
      "delta_target_290": 0.0631,
      "bridge_draft": 0.2147122962556323,
      "bridge_verify": 1.0,
      "eagle3_target_layers": [
        2,
        21,
        39
      ],
      "L_fuse_deployed": 3,
      "m_fuse_sweep": [
        2,
        3,
        4,
        6
      ]
    },
    "draft_fraction": {
      "g_draft_frac_primary_denken278": 0.12458592007609487,
      "g_draft_frac_via_bridge_crosscheck": 0.12458592007609486,
      "g_draft_frac_floor_denken283": 0.09166632777459371,
      "naive_draft_frac_278": 0.5802458557276351,
      "draft_frac_bounded_by_bridge": true,
      "draft_k7_chain_us_278": 706.8555014474051,
      "step_wall_micro_us_278": 5673.638730730329,
      "composition_overcredit_278": 4.817987532332126
    },
    "primary": {
      "label": "denken278_bridge_bounded_PRIMARY",
      "g_draft_frac": 0.12458592007609487,
      "linear_draft_us": 149.84161954634976,
      "verify_step_us": 1052.8755049475672,
      "draft_is_minority": true,
      "target_290_recomputed": 4.9028839601352745,
      "delta_target_recomputed": 0.06311603986472569,
      "rows": [
        {
          "m_fuse": 1,
          "is_eagle3_sweep": false,
          "eagle3_draft_us": 149.84161954634976,
          "eagle3_step_us": 1202.7171244939168,
          "d_step_us": 0.0,
          "eagle3_corrected_target": 4.9028839601352745,
          "d_target_eagle3": 0.0,
          "eagle3_step_eats_free_lever": false,
          "above_fern_floor": false,
          "eagle3_target_within_window": true,
          "eroded_headroom_fraction": 0.2546947323150703
        },
        {
          "m_fuse": 2,
          "is_eagle3_sweep": true,
          "eagle3_draft_us": 299.6832390926995,
          "eagle3_step_us": 1352.5587440402667,
          "d_step_us": 149.84161954634988,
          "eagle3_corrected_target": 5.513714269335055,
          "d_target_eagle3": 0.6108303091997804,
          "eagle3_step_eats_free_lever": true,
          "above_fern_floor": true,
          "eagle3_target_within_window": true,
          "eroded_headroom_fraction": 0.40168794834196964
        },
        {
          "m_fuse": 3,
          "is_eagle3_sweep": true,
          "eagle3_draft_us": 449.5248586390493,
          "eagle3_step_us": 1502.4003635866165,
          "d_step_us": 299.68323909269975,
          "eagle3_corrected_target": 6.124544578534836,
          "d_target_eagle3": 1.2216606183995617,
          "eagle3_step_eats_free_lever": true,
          "above_fern_floor": true,
          "eagle3_target_within_window": true,
          "eroded_headroom_fraction": 0.5486811643688693
        },
        {
          "m_fuse": 4,
          "is_eagle3_sweep": true,
          "eagle3_draft_us": 599.366478185399,
          "eagle3_step_us": 1652.2419831329662,
          "d_step_us": 449.5248586390494,
          "eagle3_corrected_target": 6.735374887734617,
          "d_target_eagle3": 1.8324909275993422,
          "eagle3_step_eats_free_lever": true,
          "above_fern_floor": true,
          "eagle3_target_within_window": true,
          "eroded_headroom_fraction": 0.6956743803957687
        },
        {
          "m_fuse": 6,
          "is_eagle3_sweep": true,
          "eagle3_draft_us": 899.0497172780986,
          "eagle3_step_us": 1951.9252222256657,
          "d_step_us": 749.2080977317489,
          "eagle3_corrected_target": 7.957035506134178,
          "d_target_eagle3": 3.054151545998904,
          "eagle3_step_eats_free_lever": true,
          "above_fern_floor": true,
          "eagle3_target_within_window": true,
          "eroded_headroom_fraction": 0.9896608124495677
        }
      ],
      "by_m": {
        "1": {
          "m_fuse": 1,
          "is_eagle3_sweep": false,
          "eagle3_draft_us": 149.84161954634976,
          "eagle3_step_us": 1202.7171244939168,
          "d_step_us": 0.0,
          "eagle3_corrected_target": 4.9028839601352745,
          "d_target_eagle3": 0.0,
          "eagle3_step_eats_free_lever": false,
          "above_fern_floor": false,
          "eagle3_target_within_window": true,
          "eroded_headroom_fraction": 0.2546947323150703
        },
        "2": {
          "m_fuse": 2,
          "is_eagle3_sweep": true,
          "eagle3_draft_us": 299.6832390926995,
          "eagle3_step_us": 1352.5587440402667,
          "d_step_us": 149.84161954634988,
          "eagle3_corrected_target": 5.513714269335055,
          "d_target_eagle3": 0.6108303091997804,
          "eagle3_step_eats_free_lever": true,
          "above_fern_floor": true,
          "eagle3_target_within_window": true,
          "eroded_headroom_fraction": 0.40168794834196964
        },
        "3": {
          "m_fuse": 3,
          "is_eagle3_sweep": true,
          "eagle3_draft_us": 449.5248586390493,
          "eagle3_step_us": 1502.4003635866165,
          "d_step_us": 299.68323909269975,
          "eagle3_corrected_target": 6.124544578534836,
          "d_target_eagle3": 1.2216606183995617,
          "eagle3_step_eats_free_lever": true,
          "above_fern_floor": true,
          "eagle3_target_within_window": true,
          "eroded_headroom_fraction": 0.5486811643688693
        },
        "4": {
          "m_fuse": 4,
          "is_eagle3_sweep": true,
          "eagle3_draft_us": 599.366478185399,
          "eagle3_step_us": 1652.2419831329662,
          "d_step_us": 449.5248586390494,
          "eagle3_corrected_target": 6.735374887734617,
          "d_target_eagle3": 1.8324909275993422,
          "eagle3_step_eats_free_lever": true,
          "above_fern_floor": true,
          "eagle3_target_within_window": true,
          "eroded_headroom_fraction": 0.6956743803957687
        },
        "6": {
          "m_fuse": 6,
          "is_eagle3_sweep": true,
          "eagle3_draft_us": 899.0497172780986,
          "eagle3_step_us": 1951.9252222256657,
          "d_step_us": 749.2080977317489,
          "eagle3_corrected_target": 7.957035506134178,
          "d_target_eagle3": 3.054151545998904,
          "eagle3_step_eats_free_lever": true,
          "above_fern_floor": true,
          "eagle3_target_within_window": true,
          "eroded_headroom_fraction": 0.9896608124495677
        }
      }
    },
    "floor_sensitivity": {
      "label": "denken283_honest_wall_FLOOR",
      "g_draft_frac": 0.09166632777459371,
      "linear_draft_us": 110.24866215397621,
      "verify_step_us": 1092.4684623399405,
      "draft_is_minority": true,
      "target_290_recomputed": 4.9028839601352745,
      "delta_target_recomputed": 0.06311603986472569,
      "rows": [
        {
          "m_fuse": 1,
          "is_eagle3_sweep": false,
          "eagle3_draft_us": 110.24866215397621,
          "eagle3_step_us": 1202.7171244939168,
          "d_step_us": 0.0,
          "eagle3_corrected_target": 4.9028839601352745,
          "d_target_eagle3": 0.0,
          "eagle3_step_eats_free_lever": false,
          "above_fern_floor": false,
          "eagle3_target_within_window": true,
          "eroded_headroom_fraction": 0.2546947323150703
        },
        {
          "m_fuse": 2,
          "is_eagle3_sweep": true,
          "eagle3_draft_us": 220.49732430795243,
          "eagle3_step_us": 1312.9657866478929,
          "d_step_us": 110.24866215397606,
          "eagle3_corrected_target": 5.352313328265831,
          "d_target_eagle3": 0.44942936813055656,
          "eagle3_step_eats_free_lever": true,