{
  "agent": "wirbel",
  "created_at": "20260614T185623Z",
  "kind": "compliant-spec-et-ceiling",
  "nan_clean": true,
  "peak_mem_mib": 27.227,
  "pr": 199,
  "synthesis": {
    "brackets": {
      "both_bugs": {
        "anchor_full_coverage": {
          "et": 5.206954309441966,
          "reproduces": true,
          "resid": 2.6645352591003757e-15,
          "target": 5.206954309441963
        },
        "bracket_ordered_floor_le_ceiling": true,
        "bracket_width_E_T": 1.170392490640741,
        "ceiling_dp_provenance": {
          "et_backward": 5.218877178410781,
          "et_pmf_mean": 5.21887717841078,
          "et_score_tree": 5.2188771784107795,
          "max_abs_resid": 8.881784197001252e-16
        },
        "ceiling_finite_sample_ci_tau1": {
          "E_T": 5.21887717841078,
          "N_steps": 3139.3725968061876,
          "SE_Lbar": 0.05423244910240829,
          "SE_tps": 5.5767447333446745,
          "central_tps": 536.6592565959298,
          "ci_halfwidth_tps": 10.93021882832899,
          "ci_lower_tps": 525.7290377676009,
          "ci_upper_tps": 547.5894754242588,
          "lower_clears_500": true,
          "n_tokens": 16384,
          "sigma_L": 3.0386497839776614,
          "step": 1.2182,
          "tau": 1.0,
          "tps_slope_per_Lbar": 102.83040551633559
        },
        "ceiling_propagate": {
          "tau_central_1p0": {
            "clear500_bar_et": 4.862377006624717,
            "clears_500": true,
            "max_kernel_overhead_pct_to_clear_500": 7.331808522875782,
            "official_tps": 536.6590426143789,
            "tau": 1.0,
            "tps_margin_over_500": 36.659042614378905
          },
          "tau_conservative_0p9924": {
            "clear500_bar_et": 4.8996140735839555,
            "clears_500": true,
            "max_kernel_overhead_pct_to_clear_500": 6.516086778101915,
            "official_tps": 532.5804338905097,
            "tau": 0.9924,
            "tps_margin_over_500": 32.58043389050965
          }
        },
        "ceiling_sigma_L": 3.0386497839776614,
        "ceiling_spine": [
          0.7304444056147708,
          0.759030380352444,
          0.7923101166088875,
          0.8221957040572793,
          0.8371230446702145,
          0.8362550568291274,
          0.8472702142363511
        ],
        "et_compliant_ceiling": 5.21887717841078,
        "et_compliant_floor": 4.048484687770039,
        "floor_propagate": {
          "tau_central_1p0": {
            "clear500_bar_et": 4.862377006624717,
            "clears_500": false,
            "max_kernel_overhead_pct_to_clear_500": -16.738568764737806,
            "official_tps": 416.307156176311,
            "tau": 1.0,
            "tps_margin_over_500": -83.69284382368897
          },
          "tau_conservative_0p9924": {
            "clear500_bar_et": 4.8996140735839555,
            "clears_500": false,
            "max_kernel_overhead_pct_to_clear_500": -17.371355642125796,
            "official_tps": 413.14322178937107,
            "tau": 0.9924,
            "tps_margin_over_500": -86.85677821062893
          }
        },
        "floor_spine_at_lambda_hat": [
          0.728739760479042,
          0.601228901092212,
          0.6526458788388307,
          0.705619089700195,
          0.7323381339296116,
          0.729232448721727,
          0.6954991166669162
        ],
        "selftest_a_floor_reproduce": {
          "et_floor_backward": 4.048484687770039,
          "et_reachdp_on_floor_spine": 4.048484687770039,
          "resid": 0.0
        }
      },
      "descent_only": {
        "anchor_full_coverage": {
          "et": 5.056404568844711,
          "reproduces": true,
          "resid": 1.7763568394002505e-15,
          "target": 5.056404568844709
        },
        "bracket_ordered_floor_le_ceiling": true,
        "bracket_width_E_T": 1.133445060592512,
        "ceiling_dp_provenance": {
          "et_backward": 5.062874725337895,
          "et_pmf_mean": 5.062874725337895,
          "et_score_tree": 5.0628747253378945,
          "max_abs_resid": 8.881784197001252e-16
        },
        "ceiling_finite_sample_ci_tau1": {
          "E_T": 5.062874725337895,
          "N_steps": 3236.1061430186846,
          "SE_Lbar": 0.053853297674262196,
          "SE_tps": 5.537756438236314,
          "central_tps": 520.617461084902,
          "ci_halfwidth_tps": 10.853803174097983,
          "ci_lower_tps": 509.76365791080394,
          "ci_upper_tps": 531.4712642589999,
          "lower_clears_500": true,
          "n_tokens": 16384,
          "sigma_L": 3.063540888417097,
          "step": 1.2182,
          "tau": 1.0,
          "tps_slope_per_Lbar": 102.83040551633559
        },
        "ceiling_propagate": {
          "tau_central_1p0": {
            "clear500_bar_et": 4.862377006624717,
            "clears_500": true,
            "max_kernel_overhead_pct_to_clear_500": 4.123450699935671,
            "official_tps": 520.6172534996784,
            "tau": 1.0,
            "tps_margin_over_500": 20.61725349967844
          },
          "tau_conservative_0p9924": {
            "clear500_bar_et": 4.8996140735839555,
            "clears_500": true,
            "max_kernel_overhead_pct_to_clear_500": 3.3321124746161557,
            "official_tps": 516.6605623730809,
            "tau": 0.9924,
            "tps_margin_over_500": 16.660562373080893
          }
        },
        "ceiling_sigma_L": 3.063540888417097,
        "ceiling_spine": [
          0.679,
          0.759030380352444,
          0.7923101166088875,
          0.8221957040572793,
          0.8371230446702145,
          0.8362550568291274,
          0.8472702142363511
        ],
        "et_compliant_ceiling": 5.062874725337895,
        "et_compliant_floor": 3.9294296647453835,
        "floor_propagate": {
          "tau_central_1p0": {
            "clear500_bar_et": 4.862377006624717,
            "clears_500": false,
            "max_kernel_overhead_pct_to_clear_500": -19.187063047728405,
            "official_tps": 404.06468476135797,
            "tau": 1.0,
            "tps_margin_over_500": -95.93531523864203
          },
          "tau_conservative_0p9924": {
            "clear500_bar_et": 4.8996140735839555,
            "clears_500": false,
            "max_kernel_overhead_pct_to_clear_500": -19.80124136856567,
            "official_tps": 400.99379315717164,
            "tau": 0.9924,
            "tps_margin_over_500": -99.00620684282836
          }
        },
        "floor_spine_at_lambda_hat": [
          0.675709323583181,
          0.601228901092212,
          0.6526458788388307,
          0.705619089700195,
          0.7323381339296116,
          0.729232448721727,
          0.6954991166669162
        ],
        "selftest_a_floor_reproduce": {
          "et_floor_backward": 3.9294296647453835,
          "et_reachdp_on_floor_spine": 3.9294296647453835,
          "resid": 0.0
        }
      }
    },
    "composition": {
      "K_cal": 125.26795005202914,
      "bench_tokens": 16384,
      "clear500_bar_et_tau1": 4.862377006624717,
      "clear500_bar_et_tau_cons": 4.8996140735839555,
      "kanna114_divergence": 0.5608,
      "kanna122_offshelf_overhead_nonworking_ref": 0.5178,
      "step": 1.2182,
      "target_official": 500.0,
      "tau_central": 1.0,
      "tau_conservative": 0.9924
    },