{
  "pr": 583,
  "created_at": "20260617T110459Z",
  "analysis_only": true,
  "official_tps": 0,
  "legs": {
    "ngram_573": "tkapaz90",
    "mtp_572": "wndiyzxk",
    "verifycost_575": "qgyqilcm",
    "dispersion_577": "q5631wt0"
  },
  "inputs": {
    "ngram": {
      "run_id": "tkapaz90",
      "label": "ngram K=7",
      "acceptance": 2.286525040263824,
      "c_overhead": 1.865677364279604,
      "proj_tps": 285.0913706631914,
      "speedup_blended": 1.089825074832225,
      "coverage": 0.27886733537224373,
      "A_ship_banked": 2.6805993589363384,
      "identity_seq_exact": 0.1640625,
      "identity_per_step": 0.4656524658203125
    },
    "ngram_ksweep": [
      {
        "k": 3,
        "acceptance": 2.0084214781378424,
        "c_overhead": 1.742346146010073
      },
      {
        "k": 7,
        "acceptance": 2.286525040263824,
        "c_overhead": 1.865677364279604
      }
    ],
    "mtp": {
      "run_id": "wndiyzxk",
      "label": "MTP K=7",
      "acceptance": 3.8442646633920834,
      "proj_tps": 262.9360241121258,
      "num_speculative_tokens": 7,
      "identity_seq_exact": 0.15625,
      "identity_per_step": 0.4776611328125
    },
    "verify": {
      "run_id": "qgyqilcm",
      "true_C1_ms": 11.496036290062799,
      "verify_cost_k7_ms": 13.13689941411235,
      "c_compute_ms_per_pos": 0.08462453266874165,
      "implied_mtp_mean_acceptance": 2.9495050404810774,
      "specdec_ceiling_exceeds_ship_unphysical": true,
      "fit_r2": 0.9272188783994963
    },
    "dispersion": {
      "run_id": "q5631wt0",
      "mtp_strata": {
        "easy": {
          "accept_rate": 0.25662668203288586,
          "mean_accept_len": 2.796386774230201,
          "net_tps": 185.12136658366114
        },
        "mix": {
          "accept_rate": 0.40038377555746707,
          "mean_accept_len": 3.8026864289022697,
          "net_tps": 250.30245560549952
        },
        "hard": {
          "accept_rate": 0.5092937785886148,
          "mean_accept_len": 4.565056450120304,
          "net_tps": 309.9261922170867
        }
      },
      "self_det": 0.875
    },
    "candidate_verify_identity": {
      "run_id": "ix0oap4a",
      "per_step": 0.994,
      "seq_exact": 0.14
    }
  },
  "synthesis": {
    "analysis_only": true,
    "official_tps": 0,
    "ship_tps": 375.857,
    "capstone_floor_tps": 311.25,
    "gate_tps": 500.0,
    "anchor_base_fullhead_nospec_official": 261.59369723354945,
    "anchor_base_fullhead_nospec_wirbel553": 252.69,
    "ship_speedup_required": 1.4367968493691838,
    "floor_speedup_required": 1.189822244540233,
    "gate_speedup_required": 1.911361035405997,
    "ngram_run_id": "tkapaz90",
    "ngram_acceptance": 2.286525040263824,
    "ngram_effective_cost": 1.865677364279604,
    "ngram_proj_tps": 285.0913706631914,
    "ngram_speedup_ideal_100pct_cov": 1.2255736624358533,
    "ngram_speedup_real_coverage": 1.089825074832225,
    "ngram_coverage": 0.27886733537224373,
    "mtp_run_id": "wndiyzxk",
    "mtp_acceptance": 3.8442646633920834,
    "mtp_effective_cost": 3.824639129753407,
    "mtp_proj_tps": 262.9360241121258,
    "mtp_speedup": 1.005131342584978,
    "A_ship_at_ngram_cost": 2.6805993589363384,
    "A_ship_at_mtp_cost": 5.495229451603793,
    "mtp_k7_break_even_acceptance": 5.495229451603792,
    "breakeven_line_slope": 1.4367968493691838,
    "achievable_envelope_slope": 0.7951863331806773,
    "line_outruns_envelope": true,
    "cheap_end_monotone_down": true,
    "naive_crossing_cost": 1.2514818223899287,
    "naive_crossing_acceptance": 1.798125139452654,
    "naive_crossing_is_physical": false,
    "envelope_below_a_ship_everywhere": true,
    "max_measured_speedup": 1.2255736624358533,
    "speedup_shortfall_vs_ship": 0.21122318693333053,
    "verify_cost_k7_ms": 13.13689941411235,
    "true_C1_ms": 11.496036290062799,
    "verify_only_cost_ratio": 1.1427329457430397,
    "implied_mtp_mean_acceptance_575": 2.9495050404810774,
    "dispersion_worstcase_best_stratum_tps": 309.9261922170867,
    "dispersion_worstcase_clears_ship": false,
    "ngram_identity_per_step": 0.4656524658203125,
    "ngram_identity_seq_exact": 0.1640625,
    "mtp_identity_per_step": 0.4776611328125,
    "mtp_identity_seq_exact": 0.15625,
    "best_specdec_identity_per_step_candidate_verify": 0.994,
    "any_drafter_at_k_clears_ship": false,
    "clearing_drafter_required_acceptance_at_ngram_cost": 2.6805993589363384,
    "escalation_acceptance_lift_over_ngram": 0.3940743186725144,
    "escalation_acceptance_lift_pct": 17.234638227580717,
    "ngram_acceptance_gap": 0.3940743186725144,
    "mtp_k7_break_even_acceptance_out": 5.495229451603792,
    "specdec_identity_fire_eligible": false,
    "specdec_speed_clears_ship": false,
    "specdec_two_gate_closed": true
  }
}