{
  "utc": "2026-06-13T19:14:34Z",
  "gpu": "NVIDIA A10G",
  "sm_count": 80,
  "l2_bytes": 6291456,
  "m_values": [
    1,
    7,
    17,
    25,
    45
  ],
  "frontier_anchors": {
    "attn_frac_of_gpu_busy": 0.19629872265302628,
    "attn_ms_per_cycle": 1.8357856542511017,
    "kernel_unified_attention_ms_total": 88.57348199999979,
    "attention_category_ms_total": 90.26759699999967,
    "reduce_segments_ms_total": 3.9473849999999784,
    "gpu_busy_ms_per_cycle": 9.352,
    "cycle_wall_ms": 9.416,
    "e_accept": 3.817303602892035,
    "measured_steady_tps": 391.3125,
    "public_a10g_small_tps": 424.5
  },
  "trace_attribution": {
    "kernel_unified_attention_ms": 88.57348199999979,
    "reduce_segments_ms": 3.9473849999999784,
    "reshape_and_cache_ms": 1.6941149999998828,
    "attention_category_ms": 90.26759699999967,
    "fraction_unified_attention": 0.9812323019964752,
    "trace_scanned": true,
    "fa2_fmha_sdpa_kernels_found": [
      "reshape_and_cache_kernel_flash"
    ],
    "served_attention_kernel": "kernel_unified_attention (vLLM Triton)",
    "note": "fa2sw FA2 router is inert: vLLM forces TRITON_ATTN for the heterogeneous head_dims (sliding=256, full=512); FA2 caps at 256. Zero FlashAttention/FMHA kernels in the served decode trace."
  },
  "swa_floor": {
    "plens_source": "decode_jsonl:decode_frontier.jsonl",
    "n_prompts": 128,
    "mean_prompt_len": 272.15625,
    "mean_ctx": 527.65625,
    "mean_min_ctx_window": 434.6872100830078,
    "full_layers": 7,
    "sliding_layers": 30,
    "kv_bytes_per_cycle_full": 15128960.0,
    "kv_bytes_per_cycle_sliding": 26707182.1875,
    "kv_bytes_per_cycle_total": 41836142.1875,
    "kv_MB_per_cycle_total": 41.8361421875,
    "floor_time_us_at_peak": 69.72690364583333,
    "floor_time_ms_at_peak": 0.06972690364583334,
    "peak_gbps_assumed": 600.0,
    "shared_kv_unique_fraction": 0.5675675675675675,
    "kv_MB_per_cycle_if_shared_coalesced": 23.74483745777027
  },
  "peak_bw": {
    "measured_peak_gbps_copy": 481.9532390696061,
    "spec_peak_gbps": 600.0
  },
  "per_M": [
    {
      "layer_type": "sliding",
      "M": 1,
      "ctx": 528,
      "dispatch": "served",
      "used_3d_split_kv": true,
      "rot_buffers": 92,
      "device_us": 12.216129999999957,
      "wall_us": 109.48224067687988,
      "achieved_gbps_total": 86.50595565043952,
      "achieved_gbps_kv_floor": 85.83536684694774,
      "arithmetic_intensity_flops_per_byte": 3.9689922480620154,
      "bytes": {
        "kv_floor_bytes": 1048576,
        "kv_raw_bytes": 1048576,
        "q_bytes": 4096,
        "out_bytes": 4096,
        "total_raw_bytes": 1056768,
        "total_floor_bytes": 1056768
      },
      "validation": {
        "max_abs_err": 6.103515625e-05,
        "mean_abs_err": 3.904104232788086e-06,
        "ref_abs_mean": 0.0032501220703125
      },
      "peak_eff_total": 0.17949035017886017
    },
    {
      "layer_type": "sliding",
      "M": 7,
      "ctx": 528,
      "dispatch": "served",
      "used_3d_split_kv": true,
      "rot_buffers": 92,
      "device_us": 12.618909999999978,
      "wall_us": 112.20447540283203,
      "achieved_gbps_total": 87.63989916720237,
      "achieved_gbps_kv_floor": 83.09560809927338,
      "arithmetic_intensity_flops_per_byte": 26.548148148148147,
      "bytes": {
        "kv_floor_bytes": 1048576,
        "kv_raw_bytes": 1048576,
        "q_bytes": 28672,
        "out_bytes": 28672,
        "total_raw_bytes": 1105920,
        "total_floor_bytes": 1105920
      },
      "validation": null,
      "peak_eff_total": 0.18184315834537834
    },
    {
      "layer_type": "sliding",
      "M": 17,
      "ctx": 528,
      "dispatch": "served",
      "used_3d_split_kv": true,
      "rot_buffers": 92,
      "device_us": 14.393340000000054,
      "wall_us": 112.2383975982666,
      "achieved_gbps_total": 82.52705765305312,
      "achieved_gbps_kv_floor": 72.85147158338482,
      "arithmetic_intensity_flops_per_byte": 60.02758620689655,
      "bytes": {
        "kv_floor_bytes": 1048576,
        "kv_raw_bytes": 1048576,
        "q_bytes": 69632,
        "out_bytes": 69632,
        "total_raw_bytes": 1187840,
        "total_floor_bytes": 1187840
      },
      "validation": null,
      "peak_eff_total": 0.17123457415156856
    },
    {
      "layer_type": "sliding",
      "M": 25,
      "ctx": 528,
      "dispatch": "served",
      "used_3d_split_kv": true,
      "rot_buffers": 92,
      "device_us": 16.098029999999973,
      "wall_us": 111.6096019744873,
      "achieved_gbps_total": 77.85896783643726,
      "achieved_gbps_kv_floor": 65.13691426839196,
      "arithmetic_intensity_flops_per_byte": 83.66013071895425,
      "bytes": {
        "kv_floor_bytes": 1048576,
        "kv_raw_bytes": 1048576,
        "q_bytes": 102400,
        "out_bytes": 102400,
        "total_raw_bytes": 1253376,
        "total_floor_bytes": 1253376
      },
      "validation": null,
      "peak_eff_total": 0.16154880084786083
    },
    {
      "layer_type": "sliding",
      "M": 45,
      "ctx": 528,
      "dispatch": "served",
      "used_3d_split_kv": true,
      "rot_buffers": 92,
      "device_us": 27.538279999999872,
      "wall_us": 111.76799774169922,
      "achieved_gbps_total": 51.46349009451595,
      "achieved_gbps_kv_floor": 38.07703313351469,
      "arithmetic_intensity_flops_per_byte": 133.17919075144508,
      "bytes": {
        "kv_floor_bytes": 1048576,
        "kv_raw_bytes": 1048576,
        "q_bytes": 184320,
        "out_bytes": 184320,
        "total_raw_bytes": 1417216,
        "total_floor_bytes": 1417216
      },
      "validation": null,
      "peak_eff_total": 0.10678108563781917
    },
    {
      "layer_type": "full",
      "M": 1,
      "ctx": 528,
      "dispatch": "served",
      "used_3d_split_kv": true,
      "rot_buffers": 45,
      "device_us": 16.402919999999924,
      "wall_us": 109.30496215820312,
      "achieved_gbps_total": 132.8465907289684,
      "achieved_gbps_kv_floor": 131.84774418213405,
      "arithmetic_intensity_flops_per_byte": 3.969924812030075,
      "bytes": {
        "kv_floor_bytes": 2162688,
        "kv_raw_bytes": 2162688,
        "q_bytes": 8192,
        "out_bytes": 8192,
        "total_raw_bytes": 2179072,
        "total_floor_bytes": 2179072
      },
      "validation": {
        "max_abs_err": 6.103515625e-05,
        "mean_abs_err": 3.769993782043457e-06,
        "ref_abs_mean": 0.003387451171875
      },
      "peak_eff_total": 0.27564207470713153
    },
    {
      "layer_type": "full",
      "M": 7,
      "ctx": 528,
      "dispatch": "served",
      "used_3d_split_kv": true,
      "rot_buffers": 45,
      "device_us": 17.585580000000014,
      "wall_us": 111.40352249145508,
      "achieved_gbps_total": 129.5024673624639,
      "achieved_gbps_kv_floor": 122.9807603729873,
      "arithmetic_intensity_flops_per_byte": 26.58992805755396,
      "bytes": {
        "kv_floor_bytes": 2162688,
        "kv_raw_bytes": 2162688,
        "q_bytes": 57344,
        "out_bytes": 57344,
        "total_raw_bytes": 2277376,
        "total_floor_bytes": 2277376
      },
      "validation": null,
      "peak_eff_total": 0.26870338627138163
    },
    {
      "layer_type": "full",
      "M": 17,
      "ctx": 528,
      "dispatch": "served",
      "used_3d_split_kv": true,
      "rot_buffers": 45,
      "device_us": 20.22727999999988,
      "wall_us": 111.28064155578613,
      "achieved_gbps_total": 120.68928694317844,
      "achieved_gbps_kv_floor": 106.91936829865475,
      "arithmetic_intensity_flops_per_byte": 60.241610738255034,
      "bytes": {
        "kv_floor_bytes": 2162688,
        "kv_raw_bytes": 2162688,
        "q_bytes": 139264,
        "out_bytes": 139264,
        "total_raw_bytes": 2441216,
        "total_floor_bytes": 2441216
      },
      "validation": null,
      "peak_eff_total": 0.2504170055505071
    },
    {
      "layer_type": "full",
      "M": 25,
      "ctx": 528,
      "dispatch": "served",
      "used_3d_split_kv": true,