{
  "out_dir": "/tmp/base-int4-lmhead",
  "snapshot": "/senpai-run/home/student-wirbel/.cache/huggingface/hub/models--google--gemma-4-E4B-it-qat-w4a16-ct/snapshots/ef0a4c43726bde42a3ca04fd300397c0b8b3c3f0",
  "group_size": 32,
  "vocab": 262144,
  "hidden": 2560,
  "tie_maxdiff": 0.0,
  "tie_identical": true,
  "roundtrip_mean_rel_err": 0.06666678789167725,
  "roundtrip_max_abs": 0.036718785762786865,
  "shard2_bytes": 377487648,
  "blob_bytes": 11513861828,
  "packed_shape": [
    262144,
    320
  ],
  "scale_shape": [
    262144,
    80
  ]
}