{
  "config": {
    "accept_json": "research/accept_calibration/accept_calibration_results.json",
    "rankcov_json": "research/rank_coverage/rank_coverage_results.json",
    "rho_opt_json": "research/spec_cost_model/rho_optimal_topology_results.json",
    "W": 4,
    "max_depth": 24,
    "mc_trials": 400000,
    "output": "research/spec_cost_model/bug2_salvage_descent_results.json",
    "report_md": "research/spec_cost_model/report_bug2_salvage_descent.md",
    "wandb_project": "gemma-challenge-senpai",
    "wandb_entity": "wandb-applied-ai-team",
    "wandb_group": "bug2-salvage-descent",
    "wandb_name": "wirbel/bug2-salvage-descent",
    "no_wandb": true
  },
  "oracle_readout": {
    "board": "20260614-100550-487",
    "package": "tree-488-pw-fp32-v0",
    "E_T": 2.621,
    "depth1": 0.674,
    "depth1_alt": 0.679,
    "cumulative_ladder": [
      0.674,
      0.35,
      0.203,
      0.131,
      0.089,
      0.06,
      0.037
    ],
    "conditional_ladder": [
      0.674,
      0.5192878338278931,
      0.5800000000000001,
      0.645320197044335,
      0.6793893129770991,
      0.6741573033707865,
      0.6166666666666667
    ],
    "salvages": 391,
    "full": 37,
    "steps": 1024,
    "drafts": 2417
  },
  "banked_model": {
    "deployed_rising_spine": [
      0.728739760479042,
      0.7589764102641635,
      0.7924989076194682,
      0.821702519412012,
      0.8342716929825772,
      0.8352594665096346,
      0.8472621220149911
    ],
    "rho_cond": [
      0.4165047789261015,
      0.2655480090557997,
      0.19075249320036264
    ],
    "topology_built_depth": 9,
    "n_nodes": 32,
    "max_branch": 3,
    "n_leaves": 7,
    "self_check_ET_0598": 4.811237948198919,
    "self_check_ET_0729": 5.206954309441963
  },
  "step1_reconstruct": {
    "oracle_realized_E_T": 2.621,
    "spine_only_linear_DP": 2.5439999999999996,
    "spine_only_identity_1_plus_sumC": 2.544,
    "dp_vs_identity_resid": 4.440892098500626e-16,
    "salvage_residual_vs_realized": 0.0770000000000004,
    "salvage_residual_frac_of_E_T": 0.029378099961846777,
    "reconstructed_E_T": 2.621,
    "reconstruction_residual": 0.0,
    "mb3_descending_same_ladder": 3.534580633373862,
    "salvage_count": 391,
    "salvage_rate": 0.3818359375,
    "full_reach_count": 37,
    "full_reach_rate": 0.0361328125,
    "note": "spine-only linear path-product telescopes to 1+sum(C_meas); the gap to realized 2.621 is the salvage rescue. It is small (=salvage fires but does NOT descend); feeding the SAME ladder through the full mb3 topology (a descending walk) would instead realize 3.535."
  },
  "step2_localize": {
    "q1_measured": 0.674,
    "rho_optimal_E_T_at_measured_q1": 5.041270826829537,
    "measured_realized_E_T": 2.621,
    "descent_gap_at_fixed_q1": 2.420270826829537,
    "config_A_declining_linear": 2.5439999999999996,
    "config_B_rising_linear_spread": 3.63079072427061,
    "config_C_declining_mb3_width": 3.534580633373862,
    "config_D_rising_mb3_both": 5.041270826829537,
    "contribution_spread_B_minus_A": 1.0867907242706103,
    "contribution_width_C_minus_A": 0.9905806333738623,
    "contribution_interaction": 0.41989946918506504,
    "dominant_mechanism": "spread",
    "spread_width_co_dominant": true,
    "depth_truncated": false,
    "measured_spine_reaches_depth": 7,
    "note": "spine reaches depth 7 (C[7]=0.037>0) so the gap is NOT depth-truncation. SPREAD (deep spine decays 0.67->0.52->0.58.. instead of RISING 0.73->0.76->..->0.85) and WIDTH (rank>=2 rescues stay terminal leaves) are co-dominant facets of the descent failure, with a large super-additive interaction (branches carry more mass on a higher spine)."
  },
  "step3_descent_dynamics": {
    "measured_mean_accepted_depth": 1.621,
    "rho_optimal_mean_accepted_depth": 4.041270826829537,
    "mean_depth_gap": 2.420270826829537,
    "measured_full_reach_rate": 0.0361328125,
    "rho_optimal_full_reach_rate_mc": 0.1407825,
    "full_reach_deficit": 0.1046496875,
    "measured_salvage_rate": 0.3818359375,
    "mc_et_crosscheck": 5.0439725,
    "mc_et_vs_dp": 0.0027016731704625485,
    "built_depth": 9,
    "defect_name": "salvage-fires-but-does-not-descend (deep-spine decay + rescue-leaf-not-reseeded)",
    "defect_explanation": "38% of steps salvage (rank>=2 rescues a divergence) but only 3.6% reach full depth, and the walk realizes mean accepted depth 1.62 vs the rho-optimal 4.04. The spine reaches depth 7, so this is NOT depth-truncation -- it is two co-dominant descent pathologies: (1) the deep spine's conditional acceptance DECAYS with depth (0.67->0.52->0.58..) instead of RISING as the same drafter+verifier does in the linear chain (0.73->..->0.85) -- the walk loses the 'easy run' once it descends; and (2) each rank>=2 rescue is committed as a TERMINAL LEAF rather than becoming a new spine root that RE-DESCENDS its subtree (full reach 14.1% rho-optimal vs measured 3.6%). Both are build defects (not drafter-capacity), recoverable together for +2.42 E[T] at the measured q1."
  },
  "step4_decomposition": {
    "deficit_to_clear_500": 2.22,
    "bug2_et_full": 5.041270826829537,
    "bug2_et_recovery": 2.420270826829537,
    "bug2_et_full_alt_d1_0679": 5.056404568844709,
    "bug2_recovery_alt_d1_0679": 2.435404568844709,
    "bug1_spine_scaled": 2.6693979082783983,
    "bug1_scale_factor": 1.0812162618383412,
    "bug1_et_full": 2.7463979082783987,
    "bug1_et_recovery": 0.1253979082783987,
    "combined_et_both_fixed": 5.206954309441963,
    "bug2_over_bug1_ratio": 19.300727261384935,
    "bug2_is_dominant_ceiling": 1,
    "bug2_alone_clears_500": true,
    "bug1_alone_clears_500": false,
    "fern_handoff_E_T_columns": {
      "as_measured": 2.621,
      "bug1_fix_spine_only": 2.7463979082783987,
      "bug2_fix_descent_only": 5.041270826829537,
      "both_fixed_rho_optimal": 5.206954309441963
    }
  },
  "verdict": {
    "primary_metric_name": "bug2_et_recovery",
    "bug2_et_recovery": 2.420270826829537,
    "test_metric_name": "bug2_is_dominant_ceiling",
    "bug2_is_dominant_ceiling": 1,
    "bug1_et_recovery": 0.1253979082783987,
    "bug2_over_bug1_ratio": 19.300727261384935,
    "descent_defect": "salvage-fires-but-does-not-descend (deep-spine decay + rescue-leaf-not-reseeded)",
    "dominant_mechanism": "spread",
    "bug2_alone_clears_500": true,
    "bug1_alone_clears_500": false,
    "measured_E_T": 2.621,
    "rho_optimal_E_T_at_measured_q1": 5.041270826829537,
    "combined_supply_ceiling": 5.206954309441963,
    "reconstruction_residual": 0.0,
    "gate": "GREEN",
    "gate_label": "descent defect NAMED (salvage-fires-but-does-not-descend (deep-spine decay + rescue-leaf-not-reseeded); spread+width co-dominant); bug2_et_recovery=2.420 E[T] (>> bug1 0.125) -> the build has a concrete BUG-2 target distinct from BUG-1, and BUG-2 alone CLEARS 500."
  }
}