{
  "config": {
    "source_base": "research/spec_cost_model/merged_treemask_flopideal.json",
    "key": "graph|ctx256",
    "label": "flopideal+lmhead12k(scatter-free(remap floor))",
    "kept_frac": 0.046875,
    "kept_size": 12288,
    "full_vocab": 262144,
    "detail_by_M": {
      "1": {
        "base_ms": 11.559423923492432,
        "lm_full_ms": 2.855936050415039,
        "lm_reduced_ms": 0.1617946177647133,
        "reduced_ms": 8.865282490842105
      },
      "2": {
        "base_ms": 11.548399925231934,
        "lm_full_ms": 2.797744035720825,
        "lm_reduced_ms": 0.1572625908375697,
        "reduced_ms": 8.907918480348679
      },
      "4": {
        "base_ms": 11.321072101593018,
        "lm_full_ms": 2.8130240440368652,
        "lm_reduced_ms": 0.15565536070842503,
        "reduced_ms": 8.663703418264578
      },
      "6": {
        "base_ms": 11.374592304229736,
        "lm_full_ms": 2.8325119018554688,
        "lm_reduced_ms": 0.1542743980291669,
        "reduced_ms": 8.696354800403434
      },
      "8": {
        "base_ms": 11.417759895324707,
        "lm_full_ms": 2.85097599029541,
        "lm_reduced_ms": 0.1547578615038816,
        "reduced_ms": 8.721541766533178
      },
      "10": {
        "base_ms": 11.656096458435059,
        "lm_full_ms": 2.8794240951538086,
        "lm_reduced_ms": 0.15771119958591528,
        "reduced_ms": 8.934383562867165
      },
      "12": {
        "base_ms": 11.702495574951172,
        "lm_full_ms": 2.907360076904297,
        "lm_reduced_ms": 0.1606402179133416,
        "reduced_ms": 8.955775715960216
      },
      "16": {
        "base_ms": 11.753472328186035,
        "lm_full_ms": 2.9521920680999756,
        "lm_reduced_ms": 0.1658879965543747,
        "reduced_ms": 8.967168256640434
      },
      "17": {
        "base_ms": 12.52555227279663,
        "lm_full_ms": 3.0931520462036133,
        "lm_reduced_ms": 0.16592404970654984,
        "reduced_ms": 9.598324276299568
      },
      "18": {
        "base_ms": 12.535664081573486,
        "lm_full_ms": 3.1033918857574463,
        "lm_reduced_ms": 0.16621426206611473,
        "reduced_ms": 9.598486457882155
      },
      "19": {
        "base_ms": 12.549759864807129,
        "lm_full_ms": 3.113071918487549,
        "lm_reduced_ms": 0.16647443240978743,
        "reduced_ms": 9.603162378729367
      },
      "20": {
        "base_ms": 12.566239833831787,
        "lm_full_ms": 3.123231887817383,
        "lm_reduced_ms": 0.16676021571149116,
        "reduced_ms": 9.609768161725896
      },
      "21": {
        "base_ms": 12.585360050201416,
        "lm_full_ms": 3.1349120140075684,
        "lm_reduced_ms": 0.1671269498245518,
        "reduced_ms": 9.6175749860184
      },
      "22": {
        "base_ms": 12.605888366699219,
        "lm_full_ms": 3.1429280042648315,
        "lm_reduced_ms": 0.1672983038235708,
        "reduced_ms": 9.630258666257959
      },
      "24": {
        "base_ms": 12.661856174468994,
        "lm_full_ms": 3.161344051361084,
        "lm_reduced_ms": 0.1677683040897234,
        "reduced_ms": 9.668280427197633
      },
      "25": {
        "base_ms": 12.606728012215997,
        "lm_full_ms": 3.1712080240249634,
        "lm_reduced_ms": 0.1680381579492649,
        "reduced_ms": 9.6035581461403
      },
      "28": {
        "base_ms": 12.744944095611572,
        "lm_full_ms": 3.2007999420166016,
        "lm_reduced_ms": 0.17843421881244334,
        "reduced_ms": 9.722578372407414
      },
      "32": {
        "base_ms": 12.811936378479004,
        "lm_full_ms": 3.246687889099121,
        "lm_reduced_ms": 0.19268063328778273,
        "reduced_ms": 9.757929122667665
      },
      "33": {
        "base_ms": 14.883456875030767,
        "lm_full_ms": 3.254607915878296,
        "lm_reduced_ms": 0.19603598951312742,
        "reduced_ms": 11.824884948665598
      },
      "34": {
        "base_ms": 15.004047870635986,
        "lm_full_ms": 3.2634880542755127,
        "lm_reduced_ms": 0.1960692299365454,
        "reduced_ms": 11.93662904629702
      },
      "35": {
        "base_ms": 15.032415866851807,
        "lm_full_ms": 3.270128011703491,
        "lm_reduced_ms": 0.19596848933497849,
        "reduced_ms": 11.958256344483294
      },
      "36": {
        "base_ms": 15.030288219451904,
        "lm_full_ms": 3.279279947280884,
        "lm_reduced_ms": 0.1960188462705451,
        "reduced_ms": 11.947027118441566
      },
      "37": {
        "base_ms": 15.055568218231201,
        "lm_full_ms": 3.2954879999160767,
        "lm_reduced_ms": 0.19649009412706897,
        "reduced_ms": 11.956570312442194
      },
      "38": {
        "base_ms": 15.087279796600342,
        "lm_full_ms": 3.3050880432128906,
        "lm_reduced_ms": 0.1965663954260112,
        "reduced_ms": 11.978758148813462
      },
      "39": {
        "base_ms": 15.093136310577393,
        "lm_full_ms": 3.3137760162353516,
        "lm_reduced_ms": 0.19658863502519058,
        "reduced_ms": 11.975948929367231
      },
      "40": {
        "base_ms": 15.09611177444458,
        "lm_full_ms": 3.3143839836120605,
        "lm_reduced_ms": 0.1961330463691383,
        "reduced_ms": 11.977860837201657
      },
      "41": {
        "base_ms": 15.140864372253418,
        "lm_full_ms": 3.3260960578918457,
        "lm_reduced_ms": 0.19633561746071723,
        "reduced_ms": 12.011103931822289
      },
      "46": {
        "base_ms": 15.258048057556152,
        "lm_full_ms": 3.3826560974121094,
        "lm_reduced_ms": 0.19752923761217128,
        "reduced_ms": 12.072921197756214
      },
      "48": {
        "base_ms": 15.265167713165283,
        "lm_full_ms": 3.388000011444092,
        "lm_reduced_ms": 0.19748604807506767,
        "reduced_ms": 12.074653749796258
      },
      "49": {
        "base_ms": 17.95872336024034,
        "lm_full_ms": 3.402351975440979,
        "lm_reduced_ms": 0.1981454173756378,
        "reduced_ms": 14.754516802175
      },
      "50": {
        "base_ms": 18.15385627746582,
        "lm_full_ms": 3.4144480228424072,
        "lm_reduced_ms": 0.19884986429302084,
        "reduced_ms": 14.938258118916433
      },
      "52": {
        "base_ms": 18.18502426147461,
        "lm_full_ms": 3.440095901489258,
        "lm_reduced_ms": 0.20034353974340433,
        "reduced_ms": 14.945271899728755
      },
      "64": {
        "base_ms": 18.446144104003906,
        "lm_full_ms": 3.5660319328308105,
        "lm_reduced_ms": 0.20767777431787662,
        "reduced_ms": 15.087789945490972
      }
    }
  },
  "cost_model": {
    "graph|ctx256": {
      "latency_ms_by_M": {
        "1": 8.865282490842105,
        "2": 8.907918480348679,
        "4": 8.663703418264578,
        "6": 8.696354800403434,
        "8": 8.721541766533178,
        "10": 8.934383562867165,
        "12": 8.955775715960216,
        "16": 8.967168256640434,
        "17": 9.598324276299568,
        "18": 9.598486457882155,
        "19": 9.603162378729367,
        "20": 9.609768161725896,
        "21": 9.6175749860184,
        "22": 9.630258666257959,
        "24": 9.668280427197633,
        "25": 9.6035581461403,
        "28": 9.722578372407414,
        "32": 9.757929122667665,
        "33": 11.824884948665598,
        "34": 11.93662904629702,
        "35": 11.958256344483294,
        "36": 11.947027118441566,
        "37": 11.956570312442194,
        "38": 11.978758148813462,
        "39": 11.975948929367231,
        "40": 11.977860837201657,
        "41": 12.011103931822289,
        "46": 12.072921197756214,
        "48": 12.074653749796258,
        "49": 14.754516802175,
        "50": 14.938258118916433,
        "52": 14.945271899728755,
        "64": 15.087789945490972
      },
      "attention_pct_step_by_M": {
        "1": 6.170348985464633,
        "2": 17.669288614021934,
        "4": 17.676781529910922,
        "6": 17.57481324614517,
        "8": 17.56614379665407,
        "10": 17.227082316059168,
        "12": 17.17182831426849,
        "16": 17.022654009175326,