{
  "config": {
    "source_base": "research/spec_cost_model/merged_dense_corrected.json",
    "key": "graph|ctx256",
    "label": "dense+lmhead12k(measured)",
    "kept_frac": 0.046875,
    "kept_size": 12288,
    "full_vocab": 262144,
    "detail_by_M": {
      "1": {
        "base_ms": 11.559423923492432,
        "lm_full_ms": 2.855936050415039,
        "lm_reduced_ms": 0.1743206568043833,
        "reduced_ms": 8.877808529881776
      },
      "2": {
        "base_ms": 11.548399925231934,
        "lm_full_ms": 2.797744035720825,
        "lm_reduced_ms": 0.17068329707784974,
        "reduced_ms": 8.921339186588959
      },
      "4": {
        "base_ms": 11.321072101593018,
        "lm_full_ms": 2.8130240440368652,
        "lm_reduced_ms": 0.17144496650942606,
        "reduced_ms": 8.679493024065579
      },
      "6": {
        "base_ms": 11.374592304229736,
        "lm_full_ms": 2.8325119018554688,
        "lm_reduced_ms": 0.17246267773550691,
        "reduced_ms": 8.714543080109774
      },
      "8": {
        "base_ms": 11.417759895324707,
        "lm_full_ms": 2.85097599029541,
        "lm_reduced_ms": 0.1769579209080312,
        "reduced_ms": 8.743741825937327
      },
      "10": {
        "base_ms": 11.656096458435059,
        "lm_full_ms": 2.8794240951538086,
        "lm_reduced_ms": 0.1856152074544013,
        "reduced_ms": 8.96228757073565
      },
      "12": {
        "base_ms": 11.702495574951172,
        "lm_full_ms": 2.907360076904297,
        "lm_reduced_ms": 0.1942566981428404,
        "reduced_ms": 8.989392196189716
      },
      "16": {
        "base_ms": 11.753472328186035,
        "lm_full_ms": 2.9521920680999756,
        "lm_reduced_ms": 0.2107977607903971,
        "reduced_ms": 9.012078020876457
      },
      "17": {
        "base_ms": 12.52555227279663,
        "lm_full_ms": 3.0931520462036133,
        "lm_reduced_ms": 0.2180871951503374,
        "reduced_ms": 9.650487421743355
      },
      "18": {
        "base_ms": 12.535664081573486,
        "lm_full_ms": 3.1033918857574463,
        "lm_reduced_ms": 0.2220914498110123,
        "reduced_ms": 9.654363645627052
      },
      "19": {
        "base_ms": 12.549759864807129,
        "lm_full_ms": 3.113071918487549,
        "lm_reduced_ms": 0.22605613224031215,
        "reduced_ms": 9.662744078559893
      },
      "20": {
        "base_ms": 12.566239833831787,
        "lm_full_ms": 3.123231887817383,
        "lm_reduced_ms": 0.23005606533629328,
        "reduced_ms": 9.673064011350696
      },
      "21": {
        "base_ms": 12.585360050201416,
        "lm_full_ms": 3.1349120140075684,
        "lm_reduced_ms": 0.23417044653119473,
        "reduced_ms": 9.684618482725043
      },
      "22": {
        "base_ms": 12.605888366699219,
        "lm_full_ms": 3.1429280042648315,
        "lm_reduced_ms": 0.2380113696868853,
        "reduced_ms": 9.700971732121273
      },
      "24": {
        "base_ms": 12.661856174468994,
        "lm_full_ms": 3.161344051361084,
        "lm_reduced_ms": 0.24586808651837078,
        "reduced_ms": 9.746380209626281
      },
      "25": {
        "base_ms": 12.682628154754639,
        "lm_full_ms": 3.1712080240249634,
        "lm_reduced_ms": 0.2498465374207394,
        "reduced_ms": 9.761266668150414
      },
      "28": {
        "base_ms": 12.744944095611572,
        "lm_full_ms": 3.2007999420166016,
        "lm_reduced_ms": 0.2701998827353954,
        "reduced_ms": 9.814344036330366
      },
      "32": {
        "base_ms": 12.811936378479004,
        "lm_full_ms": 3.246687889099121,
        "lm_reduced_ms": 0.2979283362413982,
        "reduced_ms": 9.86317682562128
      },
      "33": {
        "base_ms": 14.98748779296875,
        "lm_full_ms": 3.254607915878296,
        "lm_reduced_ms": 0.3045427022839786,
        "reduced_ms": 12.037422579374432
      },
      "34": {
        "base_ms": 15.004047870635986,
        "lm_full_ms": 3.2634880542755127,
        "lm_reduced_ms": 0.3081357334301387,
        "reduced_ms": 12.048695549790612
      },
      "35": {
        "base_ms": 15.032415866851807,
        "lm_full_ms": 3.270128011703491,
        "lm_reduced_ms": 0.3115139149286259,
        "reduced_ms": 12.07380177007694
      },
      "36": {
        "base_ms": 15.030288219451904,
        "lm_full_ms": 3.279279947280884,
        "lm_reduced_ms": 0.3151283063349478,
        "reduced_ms": 12.066136578505969
      },
      "37": {
        "base_ms": 15.055568218231201,
        "lm_full_ms": 3.2954879999160767,
        "lm_reduced_ms": 0.3194256740583392,
        "reduced_ms": 12.079505892373463
      },
      "38": {
        "base_ms": 15.087279796600342,
        "lm_full_ms": 3.3050880432128906,
        "lm_reduced_ms": 0.3230877897269216,
        "reduced_ms": 12.105279543114372
      },
      "39": {
        "base_ms": 15.093136310577393,
        "lm_full_ms": 3.3137760162353516,
        "lm_reduced_ms": 0.3266597555279697,
        "reduced_ms": 12.106020049870011
      },
      "40": {
        "base_ms": 15.09611177444458,
        "lm_full_ms": 3.3143839836120605,
        "lm_reduced_ms": 0.32942689532109437,
        "reduced_ms": 12.111154686153615
      },
      "41": {
        "base_ms": 15.140864372253418,
        "lm_full_ms": 3.3260960578918457,
        "lm_reduced_ms": 0.33329188711731966,
        "reduced_ms": 12.148060201478891
      },
      "46": {
        "base_ms": 15.258048057556152,
        "lm_full_ms": 3.3826560974121094,
        "lm_reduced_ms": 0.35320495333322194,
        "reduced_ms": 12.228596913477265
      },
      "48": {
        "base_ms": 15.265167713165283,
        "lm_full_ms": 3.388000011444092,
        "lm_reduced_ms": 0.3605671955249426,
        "reduced_ms": 12.237734897246135
      },
      "49": {
        "base_ms": 18.134016036987305,
        "lm_full_ms": 3.402351975440979,
        "lm_reduced_ms": 0.36549103343129347,
        "reduced_ms": 15.09715509497762
      },
      "50": {
        "base_ms": 18.15385627746582,
        "lm_full_ms": 3.4144480228424072,
        "lm_reduced_ms": 0.3667904277611846,
        "reduced_ms": 15.106198682384598
      },
      "52": {
        "base_ms": 18.18502426147461,
        "lm_full_ms": 3.440095901489258,
        "lm_reduced_ms": 0.3695456011646485,
        "reduced_ms": 15.11447396115
      },
      "64": {
        "base_ms": 18.446144104003906,
        "lm_full_ms": 3.5660319328308105,
        "lm_reduced_ms": 0.38307403401742357,
        "reduced_ms": 15.26318620519052
      }
    }
  },
  "cost_model": {
    "graph|ctx256": {
      "latency_ms_by_M": {
        "1": 8.877808529881776,
        "2": 8.921339186588959,
        "4": 8.679493024065579,
        "6": 8.714543080109774,
        "8": 8.743741825937327,
        "10": 8.96228757073565,
        "12": 8.989392196189716,
        "16": 9.012078020876457,
        "17": 9.650487421743355,
        "18": 9.654363645627052,
        "19": 9.662744078559893,
        "20": 9.673064011350696,
        "21": 9.684618482725043,
        "22": 9.700971732121273,
        "24": 9.746380209626281,
        "25": 9.761266668150414,
        "28": 9.814344036330366,
        "32": 9.86317682562128,
        "33": 12.037422579374432,
        "34": 12.048695549790612,
        "35": 12.07380177007694,
        "36": 12.066136578505969,
        "37": 12.079505892373463,
        "38": 12.105279543114372,
        "39": 12.106020049870011,
        "40": 12.111154686153615,
        "41": 12.148060201478891,
        "46": 12.228596913477265,
        "48": 12.237734897246135,
        "49": 15.09715509497762,
        "50": 15.106198682384598,
        "52": 15.11447396115,
        "64": 15.26318620519052
      },
      "attention_pct_step_by_M": {
        "1": 6.170348985464633,
        "2": 17.669288614021934,
        "4": 17.676781529910922,
        "6": 17.57481324614517,
        "8": 17.56614379665407,
        "10": 17.227082316059168,
        "12": 17.17182831426849,
        "16": 17.022654009175326,
        "17": 16.8031,