{
  "config": {
    "source_base": "research/spec_cost_model/merged_dense_corrected.json",
    "key": "graph|ctx256",
    "label": "dense+lmhead12k(analytic x0.0469)",
    "kept_frac": 0.046875,
    "kept_size": 12288,
    "full_vocab": 262144,
    "detail_by_M": {
      "1": {
        "base_ms": 11.559423923492432,
        "lm_full_ms": 2.855936050415039,
        "lm_reduced_ms": 0.13387200236320496,
        "reduced_ms": 8.837359875440598
      },
      "2": {
        "base_ms": 11.548399925231934,
        "lm_full_ms": 2.797744035720825,
        "lm_reduced_ms": 0.13114425167441368,
        "reduced_ms": 8.881800141185522
      },
      "4": {
        "base_ms": 11.321072101593018,
        "lm_full_ms": 2.8130240440368652,
        "lm_reduced_ms": 0.13186050206422806,
        "reduced_ms": 8.63990855962038
      },
      "6": {
        "base_ms": 11.374592304229736,
        "lm_full_ms": 2.8325119018554688,
        "lm_reduced_ms": 0.1327739953994751,
        "reduced_ms": 8.674854397773743
      },
      "8": {
        "base_ms": 11.417759895324707,
        "lm_full_ms": 2.85097599029541,
        "lm_reduced_ms": 0.13363949954509735,
        "reduced_ms": 8.700423404574394
      },
      "10": {
        "base_ms": 11.656096458435059,
        "lm_full_ms": 2.8794240951538086,
        "lm_reduced_ms": 0.13497300446033478,
        "reduced_ms": 8.911645367741585
      },
      "12": {
        "base_ms": 11.702495574951172,
        "lm_full_ms": 2.907360076904297,
        "lm_reduced_ms": 0.13628250360488892,
        "reduced_ms": 8.931418001651764
      },
      "16": {
        "base_ms": 11.753472328186035,
        "lm_full_ms": 2.9521920680999756,
        "lm_reduced_ms": 0.13838400319218636,
        "reduced_ms": 8.939664263278246
      },
      "17": {
        "base_ms": 12.52555227279663,
        "lm_full_ms": 3.0931520462036133,
        "lm_reduced_ms": 0.14499150216579437,
        "reduced_ms": 9.577391728758812
      },
      "18": {
        "base_ms": 12.535664081573486,
        "lm_full_ms": 3.1033918857574463,
        "lm_reduced_ms": 0.1454714946448803,
        "reduced_ms": 9.57774369046092
      },
      "19": {
        "base_ms": 12.549759864807129,
        "lm_full_ms": 3.113071918487549,
        "lm_reduced_ms": 0.14592524617910385,
        "reduced_ms": 9.582613192498684
      },
      "20": {
        "base_ms": 12.566239833831787,
        "lm_full_ms": 3.123231887817383,
        "lm_reduced_ms": 0.14640149474143982,
        "reduced_ms": 9.589409440755844
      },
      "21": {
        "base_ms": 12.585360050201416,
        "lm_full_ms": 3.1349120140075684,
        "lm_reduced_ms": 0.14694900065660477,
        "reduced_ms": 9.597397036850452
      },
      "22": {
        "base_ms": 12.605888366699219,
        "lm_full_ms": 3.1429280042648315,
        "lm_reduced_ms": 0.14732475019991398,
        "reduced_ms": 9.610285112634301
      },
      "24": {
        "base_ms": 12.661856174468994,
        "lm_full_ms": 3.161344051361084,
        "lm_reduced_ms": 0.1481880024075508,
        "reduced_ms": 9.648700125515461
      },
      "25": {
        "base_ms": 12.682628154754639,
        "lm_full_ms": 3.1712080240249634,
        "lm_reduced_ms": 0.14865037612617016,
        "reduced_ms": 9.660070506855845
      },
      "28": {
        "base_ms": 12.744944095611572,
        "lm_full_ms": 3.2007999420166016,
        "lm_reduced_ms": 0.1500374972820282,
        "reduced_ms": 9.694181650876999
      },
      "32": {
        "base_ms": 12.811936378479004,
        "lm_full_ms": 3.246687889099121,
        "lm_reduced_ms": 0.1521884948015213,
        "reduced_ms": 9.717436984181404
      },
      "33": {
        "base_ms": 14.98748779296875,
        "lm_full_ms": 3.254607915878296,
        "lm_reduced_ms": 0.15255974605679512,
        "reduced_ms": 11.88543962314725
      },
      "34": {
        "base_ms": 15.004047870635986,
        "lm_full_ms": 3.2634880542755127,
        "lm_reduced_ms": 0.15297600254416466,
        "reduced_ms": 11.893535818904638
      },
      "35": {
        "base_ms": 15.032415866851807,
        "lm_full_ms": 3.270128011703491,
        "lm_reduced_ms": 0.15328725054860115,
        "reduced_ms": 11.915575105696917
      },
      "36": {
        "base_ms": 15.030288219451904,
        "lm_full_ms": 3.279279947280884,
        "lm_reduced_ms": 0.15371624752879143,
        "reduced_ms": 11.904724519699812
      },
      "37": {
        "base_ms": 15.055568218231201,
        "lm_full_ms": 3.2954879999160767,
        "lm_reduced_ms": 0.1544759999960661,
        "reduced_ms": 11.91455621831119
      },
      "38": {
        "base_ms": 15.087279796600342,
        "lm_full_ms": 3.3050880432128906,
        "lm_reduced_ms": 0.15492600202560425,
        "reduced_ms": 11.937117755413055
      },
      "39": {
        "base_ms": 15.093136310577393,
        "lm_full_ms": 3.3137760162353516,
        "lm_reduced_ms": 0.1553332507610321,
        "reduced_ms": 11.934693545103073
      },
      "40": {
        "base_ms": 15.09611177444458,
        "lm_full_ms": 3.3143839836120605,
        "lm_reduced_ms": 0.15536174923181534,
        "reduced_ms": 11.937089540064335
      },
      "41": {
        "base_ms": 15.140864372253418,
        "lm_full_ms": 3.3260960578918457,
        "lm_reduced_ms": 0.15591075271368027,
        "reduced_ms": 11.970679067075253
      },
      "46": {
        "base_ms": 15.258048057556152,
        "lm_full_ms": 3.3826560974121094,
        "lm_reduced_ms": 0.15856200456619263,
        "reduced_ms": 12.033953964710236
      },
      "48": {
        "base_ms": 15.265167713165283,
        "lm_full_ms": 3.388000011444092,
        "lm_reduced_ms": 0.1588125005364418,
        "reduced_ms": 12.035980202257633
      },
      "49": {
        "base_ms": 18.134016036987305,
        "lm_full_ms": 3.402351975440979,
        "lm_reduced_ms": 0.1594852488487959,
        "reduced_ms": 14.891149310395122
      },
      "50": {
        "base_ms": 18.15385627746582,
        "lm_full_ms": 3.4144480228424072,
        "lm_reduced_ms": 0.16005225107073784,
        "reduced_ms": 14.899460505694151
      },
      "52": {
        "base_ms": 18.18502426147461,
        "lm_full_ms": 3.440095901489258,
        "lm_reduced_ms": 0.16125449538230896,
        "reduced_ms": 14.90618285536766
      },
      "64": {
        "base_ms": 18.446144104003906,
        "lm_full_ms": 3.5660319328308105,
        "lm_reduced_ms": 0.16715774685144424,
        "reduced_ms": 15.04726991802454
      }
    }
  },
  "cost_model": {
    "graph|ctx256": {
      "latency_ms_by_M": {
        "1": 8.837359875440598,
        "2": 8.881800141185522,
        "4": 8.63990855962038,
        "6": 8.674854397773743,
        "8": 8.700423404574394,
        "10": 8.911645367741585,
        "12": 8.931418001651764,
        "16": 8.939664263278246,
        "17": 9.577391728758812,
        "18": 9.57774369046092,
        "19": 9.582613192498684,
        "20": 9.589409440755844,
        "21": 9.597397036850452,
        "22": 9.610285112634301,
        "24": 9.648700125515461,
        "25": 9.660070506855845,
        "28": 9.694181650876999,
        "32": 9.717436984181404,
        "33": 11.88543962314725,
        "34": 11.893535818904638,
        "35": 11.915575105696917,
        "36": 11.904724519699812,
        "37": 11.91455621831119,
        "38": 11.937117755413055,
        "39": 11.934693545103073,
        "40": 11.937089540064335,
        "41": 11.970679067075253,
        "46": 12.033953964710236,
        "48": 12.035980202257633,
        "49": 14.891149310395122,
        "50": 14.899460505694151,
        "52": 14.90618285536766,
        "64": 15.04726991802454
      },
      "attention_pct_step_by_M": {
        "1": 6.170348985464633,
        "2": 17.669288614021934,
        "4": 17.676781529910922,
        "6": 17.57481324614517,
        "8": 17.56614379665407,
        "10": 17.227082316059168,
        "12": 17.17182831426849,
        "16": 17.022654009175326,