{
  "config": {
    "source_msweep": "research/spec_cost_model/results_msweep.json",
    "source_tile_boundary": null,
    "source_tree_mask": "research/spec_cost_model/results_tree_mask.json",
    "key": "graph|ctx256",
    "saving_lens": "flopideal",
    "tree_points": {
      "25": {
        "dense_merged": 12.682628154754639,
        "saving_ms": 0.07590014253864133,
        "tree_masked": 12.606728012215997
      },
      "33": {
        "dense_merged": 13.099939942359924,
        "saving_ms": 0.10403091793798348,
        "tree_masked": 12.995909024421941
      },
      "49": {
        "dense_merged": 15.453314274549484,
        "saving_ms": 0.17529267674696405,
        "tree_masked": 15.27802159780252
      }
    },
    "provenance": {
      "1": "msweep",
      "2": "msweep",
      "4": "msweep",
      "6": "msweep",
      "8": "msweep",
      "10": "msweep",
      "12": "msweep",
      "16": "msweep",
      "20": "msweep",
      "24": "msweep",
      "25": "tree-mask(flopideal, dense=12.683-0.076)",
      "28": "msweep",
      "32": "msweep",
      "33": "tree-mask(flopideal, dense=13.100-0.104)",
      "40": "msweep",
      "48": "msweep",
      "49": "tree-mask(flopideal, dense=15.453-0.175)",
      "64": "msweep"
    }
  },
  "cost_model": {
    "graph|ctx256": {
      "latency_ms_by_M": {
        "1": 11.559423923492432,
        "2": 11.548399925231934,
        "4": 11.321072101593018,
        "6": 11.374592304229736,
        "8": 11.417759895324707,
        "10": 11.656096458435059,
        "12": 11.702495574951172,
        "16": 11.807663917541504,
        "20": 12.574624061584473,
        "24": 12.661856174468994,
        "25": 12.606728012215997,
        "28": 12.744944095611572,
        "32": 12.81606388092041,
        "33": 12.995909024421941,
        "40": 15.087072372436523,
        "48": 15.25379228591919,
        "49": 15.27802159780252,
        "64": 18.446144104003906
      },
      "attention_pct_step_by_M": {
        "1": 6.170348985464633,
        "2": 17.669288614021934,
        "4": 17.676781529910922,
        "6": 17.57481324614517,
        "8": 17.56614379665407,
        "10": 17.227082316059168,
        "12": 17.17182831426849,
        "16": 17.022654009175326,
        "20": 16.14431171284091,
        "24": 16.000930709989138,
        "25": 15.9707,
        "28": 15.880173814443163,
        "32": 15.78034880534561,
        "33": 15.6893,
        "40": 15.052334903684255,
        "48": 14.918502204985712,
        "49": 14.7904,
        "64": 12.869247345329624
      }
    }
  }
}