{
  "config": {
    "source_base": "research/spec_cost_model/merged_dense_corrected.json",
    "key": "graph|ctx256",
    "label": "dense+lmhead12k(persistent-buffer(deployable))",
    "kept_frac": 0.046875,
    "kept_size": 12288,
    "full_vocab": 262144,
    "detail_by_M": {
      "1": {
        "base_ms": 11.559423923492432,
        "lm_full_ms": 2.855936050415039,
        "lm_reduced_ms": 0.17014531045782663,
        "reduced_ms": 8.873633183535219
      },
      "2": {
        "base_ms": 11.548399925231934,
        "lm_full_ms": 2.797744035720825,
        "lm_reduced_ms": 0.1667833536901223,
        "reduced_ms": 8.91743924320123
      },
      "4": {
        "base_ms": 11.321072101593018,
        "lm_full_ms": 2.8130240440368652,
        "lm_reduced_ms": 0.16790364775909122,
        "reduced_ms": 8.675951705315244
      },
      "6": {
        "base_ms": 11.374592304229736,
        "lm_full_ms": 2.8325119018554688,
        "lm_reduced_ms": 0.1692756575210176,
        "reduced_ms": 8.711356059895285
      },
      "8": {
        "base_ms": 11.417759895324707,
        "lm_full_ms": 2.85097599029541,
        "lm_reduced_ms": 0.17271067458491646,
        "reduced_ms": 8.739494579614213
      },
      "10": {
        "base_ms": 11.656096458435059,
        "lm_full_ms": 2.8794240951538086,
        "lm_reduced_ms": 0.17887590275517262,
        "reduced_ms": 8.955548266036423
      },
      "12": {
        "base_ms": 11.702495574951172,
        "lm_full_ms": 2.907360076904297,
        "lm_reduced_ms": 0.1850210751021249,
        "reduced_ms": 8.980156573149
      },
      "16": {
        "base_ms": 11.753472328186035,
        "lm_full_ms": 2.9521920680999756,
        "lm_reduced_ms": 0.19660800695419312,
        "reduced_ms": 8.997888267040253
      },
      "17": {
        "base_ms": 12.52555227279663,
        "lm_full_ms": 3.0931520462036133,
        "lm_reduced_ms": 0.20279605909640538,
        "reduced_ms": 9.635196285689423
      },
      "18": {
        "base_ms": 12.535664081573486,
        "lm_full_ms": 3.1033918857574463,
        "lm_reduced_ms": 0.2053988253088565,
        "reduced_ms": 9.637671021124897
      },
      "19": {
        "base_ms": 12.549759864807129,
        "lm_full_ms": 3.113071918487549,
        "lm_reduced_ms": 0.20796498321066423,
        "reduced_ms": 9.644652929530244
      },
      "20": {
        "base_ms": 12.566239833831787,
        "lm_full_ms": 3.123231887817383,
        "lm_reduced_ms": 0.2105635911012159,
        "reduced_ms": 9.65357153711562
      },
      "21": {
        "base_ms": 12.585360050201416,
        "lm_full_ms": 3.1349120140075684,
        "lm_reduced_ms": 0.21326629335676534,
        "reduced_ms": 9.663714329550613
      },
      "22": {
        "base_ms": 12.605888366699219,
        "lm_full_ms": 3.1429280042648315,
        "lm_reduced_ms": 0.21572002045246952,
        "reduced_ms": 9.678680382886856
      },
      "24": {
        "base_ms": 12.661856174468994,
        "lm_full_ms": 3.161344051361084,
        "lm_reduced_ms": 0.22078821481618335,
        "reduced_ms": 9.721300337924093
      },
      "25": {
        "base_ms": 12.682628154754639,
        "lm_full_ms": 3.1712080240249634,
        "lm_reduced_ms": 0.223367800050436,
        "reduced_ms": 9.734787930780112
      },
      "28": {
        "base_ms": 12.744944095611572,
        "lm_full_ms": 3.2007999420166016,
        "lm_reduced_ms": 0.24030336841040123,
        "reduced_ms": 9.784447522005372
      },
      "32": {
        "base_ms": 12.811936378479004,
        "lm_full_ms": 3.246687889099121,
        "lm_reduced_ms": 0.26341148845700396,
        "reduced_ms": 9.828659977836887
      },
      "33": {
        "base_ms": 14.98748779296875,
        "lm_full_ms": 3.254607915878296,
        "lm_reduced_ms": 0.2689079942021727,
        "reduced_ms": 12.001787871292628
      },
      "34": {
        "base_ms": 15.004047870635986,
        "lm_full_ms": 3.2634880542755127,
        "lm_reduced_ms": 0.27140153087569824,
        "reduced_ms": 12.011961347236172
      },
      "35": {
        "base_ms": 15.032415866851807,
        "lm_full_ms": 3.270128011703491,
        "lm_reduced_ms": 0.27370663342857504,
        "reduced_ms": 12.03599448857689
      },
      "36": {
        "base_ms": 15.030288219451904,
        "lm_full_ms": 3.279279947280884,
        "lm_reduced_ms": 0.27622001255593254,
        "reduced_ms": 12.027228284726952
      },
      "37": {
        "base_ms": 15.055568218231201,
        "lm_full_ms": 3.2954879999160767,
        "lm_reduced_ms": 0.27933085795110185,
        "reduced_ms": 12.039411076266227
      },
      "38": {
        "base_ms": 15.087279796600342,
        "lm_full_ms": 3.3050880432128906,
        "lm_reduced_ms": 0.28188493330933073,
        "reduced_ms": 12.064076686696783
      },
      "39": {
        "base_ms": 15.093136310577393,
        "lm_full_ms": 3.3137760162353516,
        "lm_reduced_ms": 0.28436057907896906,
        "reduced_ms": 12.06372087342101
      },
      "40": {
        "base_ms": 15.09611177444458,
        "lm_full_ms": 3.3143839836120605,
        "lm_reduced_ms": 0.28613755025224175,
        "reduced_ms": 12.067865341084762
      },
      "41": {
        "base_ms": 15.140864372253418,
        "lm_full_ms": 3.3260960578918457,
        "lm_reduced_ms": 0.2888694445785866,
        "reduced_ms": 12.10363775894016
      },
      "46": {
        "base_ms": 15.258048057556152,
        "lm_full_ms": 3.3826560974121094,
        "lm_reduced_ms": 0.3028439186424831,
        "reduced_ms": 12.178235878786527
      },
      "48": {
        "base_ms": 15.265167713165283,
        "lm_full_ms": 3.388000011444092,
        "lm_reduced_ms": 0.30762743034525775,
        "reduced_ms": 12.18479513206645
      },
      "49": {
        "base_ms": 18.134016036987305,
        "lm_full_ms": 3.402351975440979,
        "lm_reduced_ms": 0.31107804711535914,
        "reduced_ms": 15.042742108661685
      },
      "50": {
        "base_ms": 18.15385627746582,
        "lm_full_ms": 3.4144480228424072,
        "lm_reduced_ms": 0.3121839923058074,
        "reduced_ms": 15.051592246929221
      },
      "52": {
        "base_ms": 18.18502426147461,
        "lm_full_ms": 3.440095901489258,
        "lm_reduced_ms": 0.3145289854340037,
        "reduced_ms": 15.059457345419355
      },
      "64": {
        "base_ms": 18.446144104003906,
        "lm_full_ms": 3.5660319328308105,
        "lm_reduced_ms": 0.3260433540160817,
        "reduced_ms": 15.206155525189178
      }
    }
  },
  "cost_model": {
    "graph|ctx256": {
      "latency_ms_by_M": {
        "1": 8.873633183535219,
        "2": 8.91743924320123,
        "4": 8.675951705315244,
        "6": 8.711356059895285,
        "8": 8.739494579614213,
        "10": 8.955548266036423,
        "12": 8.980156573149,
        "16": 8.997888267040253,
        "17": 9.635196285689423,
        "18": 9.637671021124897,
        "19": 9.644652929530244,
        "20": 9.65357153711562,
        "21": 9.663714329550613,
        "22": 9.678680382886856,
        "24": 9.721300337924093,
        "25": 9.734787930780112,
        "28": 9.784447522005372,
        "32": 9.828659977836887,
        "33": 12.001787871292628,
        "34": 12.011961347236172,
        "35": 12.03599448857689,
        "36": 12.027228284726952,
        "37": 12.039411076266227,
        "38": 12.064076686696783,
        "39": 12.06372087342101,
        "40": 12.067865341084762,
        "41": 12.10363775894016,
        "46": 12.178235878786527,
        "48": 12.18479513206645,
        "49": 15.042742108661685,
        "50": 15.051592246929221,
        "52": 15.059457345419355,
        "64": 15.206155525189178
      },
      "attention_pct_step_by_M": {
        "1": 6.170348985464633,
        "2": 17.669288614021934,
        "4": 17.676781529910922,
        "6": 17.57481324614517,
        "8": 17.56614379665407,
        "10": 17.227082316059168,
        "12": 17.17182831426849,
        "16": 17.022654009175326,