{
  "config": {
    "source_base": "research/spec_cost_model/merged_treemask_flopideal.json",
    "key": "graph|ctx256",
    "label": "flopideal+lmhead12k(measured(scatter))",
    "kept_frac": 0.046875,
    "kept_size": 12288,
    "full_vocab": 262144,
    "detail_by_M": {
      "1": {
        "base_ms": 11.559423923492432,
        "lm_full_ms": 2.855936050415039,
        "lm_reduced_ms": 0.17327681262283592,
        "reduced_ms": 8.876764685700229
      },
      "2": {
        "base_ms": 11.548399925231934,
        "lm_full_ms": 2.797744035720825,
        "lm_reduced_ms": 0.16984359473990313,
        "reduced_ms": 8.920499484251012
      },
      "4": {
        "base_ms": 11.321072101593018,
        "lm_full_ms": 2.8130240440368652,
        "lm_reduced_ms": 0.17096572137838362,
        "reduced_ms": 8.679013778934536
      },
      "6": {
        "base_ms": 11.374592304229736,
        "lm_full_ms": 2.8325119018554688,
        "lm_reduced_ms": 0.17234410446085965,
        "reduced_ms": 8.714424506835128
      },
      "8": {
        "base_ms": 11.417759895324707,
        "lm_full_ms": 2.85097599029541,
        "lm_reduced_ms": 0.1770284478980639,
        "reduced_ms": 8.74381235292736
      },
      "10": {
        "base_ms": 11.656096458435059,
        "lm_full_ms": 2.8794240951538086,
        "lm_reduced_ms": 0.18570322956301846,
        "reduced_ms": 8.962375592844268
      },
      "12": {
        "base_ms": 11.702495574951172,
        "lm_full_ms": 2.907360076904297,
        "lm_reduced_ms": 0.19436327028391573,
        "reduced_ms": 8.98949876833079
      },
      "16": {
        "base_ms": 11.753472328186035,
        "lm_full_ms": 2.9521920680999756,
        "lm_reduced_ms": 0.21094399690628052,
        "reduced_ms": 9.01222425699234
      },
      "17": {
        "base_ms": 12.52555227279663,
        "lm_full_ms": 3.0931520462036133,
        "lm_reduced_ms": 0.21815941000454495,
        "reduced_ms": 9.650559636597563
      },
      "18": {
        "base_ms": 12.535664081573486,
        "lm_full_ms": 3.1033918857574463,
        "lm_reduced_ms": 0.22217392714938924,
        "reduced_ms": 9.65444612296543
      },
      "19": {
        "base_ms": 12.549759864807129,
        "lm_full_ms": 3.113071918487549,
        "lm_reduced_ms": 0.22614912189709296,
        "reduced_ms": 9.662837068216673
      },
      "20": {
        "base_ms": 12.566239833831787,
        "lm_full_ms": 3.123231887817383,
        "lm_reduced_ms": 0.23015984372466555,
        "reduced_ms": 9.67316778973907
      },
      "21": {
        "base_ms": 12.585360050201416,
        "lm_full_ms": 3.1349120140075684,
        "lm_reduced_ms": 0.23428533069951257,
        "reduced_ms": 9.68473336689336
      },
      "22": {
        "base_ms": 12.605888366699219,
        "lm_full_ms": 3.1429280042648315,
        "lm_reduced_ms": 0.23813748223446093,
        "reduced_ms": 9.701097844668848
      },
      "24": {
        "base_ms": 12.661856174468994,
        "lm_full_ms": 3.161344051361084,
        "lm_reduced_ms": 0.2460174909880904,
        "reduced_ms": 9.746529614096001
      },
      "25": {
        "base_ms": 12.606728012215997,
        "lm_full_ms": 3.1712080240249634,
        "lm_reduced_ms": 0.2500079903679197,
        "reduced_ms": 9.685527978558953
      },
      "28": {
        "base_ms": 12.744944095611572,
        "lm_full_ms": 3.2007999420166016,
        "lm_reduced_ms": 0.2707896181995463,
        "reduced_ms": 9.814933771794518
      },
      "32": {
        "base_ms": 12.811936378479004,
        "lm_full_ms": 3.246687889099121,
        "lm_reduced_ms": 0.29909785200493955,
        "reduced_ms": 9.864346341384822
      },
      "33": {
        "base_ms": 14.883456875030767,
        "lm_full_ms": 3.254607915878296,
        "lm_reduced_ms": 0.3058571986107558,
        "reduced_ms": 11.934706157763227
      },
      "34": {
        "base_ms": 15.004047870635986,
        "lm_full_ms": 3.2634880542755127,
        "lm_reduced_ms": 0.30936697437443045,
        "reduced_ms": 12.049926790734904
      },
      "35": {
        "base_ms": 15.032415866851807,
        "lm_full_ms": 3.270128011703491,
        "lm_reduced_ms": 0.3126611450997182,
        "reduced_ms": 12.074949000248033
      },
      "36": {
        "base_ms": 15.030288219451904,
        "lm_full_ms": 3.279279947280884,
        "lm_reduced_ms": 0.3161924890168944,
        "reduced_ms": 12.067200761187916
      },
      "37": {
        "base_ms": 15.055568218231201,
        "lm_full_ms": 3.2954879999160767,
        "lm_reduced_ms": 0.3204089299852016,
        "reduced_ms": 12.080489148300327
      },
      "38": {
        "base_ms": 15.087279796600342,
        "lm_full_ms": 3.3050880432128906,
        "lm_reduced_ms": 0.32398796748365827,
        "reduced_ms": 12.10617972087111
      },
      "39": {
        "base_ms": 15.093136310577393,
        "lm_full_ms": 3.3137760162353516,
        "lm_reduced_ms": 0.327476623344537,
        "reduced_ms": 12.106836917686579
      },
      "40": {
        "base_ms": 15.09611177444458,
        "lm_full_ms": 3.3143839836120605,
        "lm_reduced_ms": 0.3301587091556007,
        "reduced_ms": 12.11188649998812
      },
      "41": {
        "base_ms": 15.140864372253418,
        "lm_full_ms": 3.3260960578918457,
        "lm_reduced_ms": 0.3339412676657093,
        "reduced_ms": 12.148709582027282
      },
      "46": {
        "base_ms": 15.258048057556152,
        "lm_full_ms": 3.3826560974121094,
        "lm_reduced_ms": 0.3531894578685635,
        "reduced_ms": 12.228581418012606
      },
      "48": {
        "base_ms": 15.265167713165283,
        "lm_full_ms": 3.388000011444092,
        "lm_reduced_ms": 0.35988053556395233,
        "reduced_ms": 12.237048237285144
      },
      "49": {
        "base_ms": 17.95872336024034,
        "lm_full_ms": 3.402351975440979,
        "lm_reduced_ms": 0.3644643654193622,
        "reduced_ms": 14.920835750218725
      },
      "50": {
        "base_ms": 18.15385627746582,
        "lm_full_ms": 3.4144480228424072,
        "lm_reduced_ms": 0.36576010973742995,
        "reduced_ms": 15.105168364360843
      },
      "52": {
        "base_ms": 18.18502426147461,
        "lm_full_ms": 3.440095901489258,
        "lm_reduced_ms": 0.3685075438309193,
        "reduced_ms": 15.11343590381627
      },
      "64": {
        "base_ms": 18.446144104003906,
        "lm_full_ms": 3.5660319328308105,
        "lm_reduced_ms": 0.3819979751788937,
        "reduced_ms": 15.26211014635199
      }
    }
  },
  "cost_model": {
    "graph|ctx256": {
      "latency_ms_by_M": {
        "1": 8.876764685700229,
        "2": 8.920499484251012,
        "4": 8.679013778934536,
        "6": 8.714424506835128,
        "8": 8.74381235292736,
        "10": 8.962375592844268,
        "12": 8.98949876833079,
        "16": 9.01222425699234,
        "17": 9.650559636597563,
        "18": 9.65444612296543,
        "19": 9.662837068216673,
        "20": 9.67316778973907,
        "21": 9.68473336689336,
        "22": 9.701097844668848,
        "24": 9.746529614096001,
        "25": 9.685527978558953,
        "28": 9.814933771794518,
        "32": 9.864346341384822,
        "33": 11.934706157763227,
        "34": 12.049926790734904,
        "35": 12.074949000248033,
        "36": 12.067200761187916,
        "37": 12.080489148300327,
        "38": 12.10617972087111,
        "39": 12.106836917686579,
        "40": 12.11188649998812,
        "41": 12.148709582027282,
        "46": 12.228581418012606,
        "48": 12.237048237285144,
        "49": 14.920835750218725,
        "50": 15.105168364360843,
        "52": 15.11343590381627,
        "64": 15.26211014635199
      },
      "attention_pct_step_by_M": {
        "1": 6.170348985464633,
        "2": 17.669288614021934,
        "4": 17.676781529910922,
        "6": 17.57481324614517,
        "8": 17.56614379665407,
        "10": 17.227082316059168,
        "12": 17.17182831426849,
        "16": 17.022654009175326,