{
  "config": {
    "rho_opt_json": "research/spec_cost_model/rho_optimal_topology_results.json",
    "accept_json": "research/accept_calibration/accept_calibration_results.json",
    "accept_source": "server_log",
    "rank_coverage_json": "research/rank_coverage/rank_coverage_results.json",
    "W": 4,
    "max_depth": 24,
    "extrapolate": "flat",
    "mc_trials": 400000,
    "mc_seeds": [
      7,
      11,
      23,
      101,
      2027
    ],
    "crn_trials": 2000000,
    "crn_seeds": [
      7,
      11,
      23
    ],
    "confirmed_threshold": 0.8,
    "weak_threshold": 0.3,
    "output": "research/spec_cost_model/topology_et_compare_results.json",
    "wandb_project": "gemma-challenge-senpai",
    "wandb_entity": "wandb-applied-ai-team",
    "wandb_group": "tree-topology-et-comparison",
    "wandb_name": "fern/topology-et-compare",
    "no_wandb": false
  },
  "topologies": {
    "max_branch_3": {
      "parent": [
        -1,
        0,
        0,
        0,
        1,
        1,
        1,
        2,
        3,
        4,
        4,
        5,
        7,
        9,
        9,
        10,
        11,
        12,
        13,
        15,
        16,
        17,
        18,
        19,
        20,
        21,
        22,
        24,
        25,
        26,
        28,
        29
      ],
      "n": 32,
      "depth": 9,
      "max_branch": 3,
      "leaves": 7
    },
    "max_branch_4": {
      "parent": [
        -1,
        0,
        0,
        0,
        0,
        1,
        1,
        1,
        2,
        3,
        5,
        5,
        5,
        6,
        7,
        8,
        9,
        10,
        10,
        11,
        13,
        15,
        17,
        17,
        18,
        19,
        20,
        21,
        22,
        28,
        29,
        30
      ],
      "n": 32,
      "depth": 9,
      "max_branch": 4,
      "leaves": 10
    },
    "meta": {
      "mb3_max_branch": 3,
      "mb4_max_branch": 4,
      "mb3_depth": 9,
      "mb4_depth": 9,
      "wirbel_reopt_ET_gain_over_74": 0.009633206127555916,
      "wirbel_same_topology_as_74": false
    }
  },
  "inputs": {
    "top1_q0": 0.728739760479042,
    "q_ladder": [
      0.728739760479042,
      0.7589764102641635,
      0.7924989076194682,
      0.821702519412012,
      0.8342716929825772,
      0.8352594665096346,
      0.8472621220149911
    ],
    "rho_cond": [
      0.4165047789261015,
      0.2655480090557997,
      0.19075249320036264
    ],
    "wirbel_F_mb3": 5.206954309441967,
    "wirbel_F_mb4": 5.15727323332918,
    "wirbel_delta_pct": 0.9633206127555916,
    "fern88_lega_et": 5.2140425
  },
  "analytic": {
    "F_mb3": 5.206954309441963,
    "F_mb4": 5.15727323332918,
    "delta_pct": 0.9633206127555249
  },
  "independent_mc": {
    "mb3": {
      "per_seed_et": [
        5.2140425,
        5.2001925,
        5.2079025,
        5.2040525,
        5.201745
      ],
      "seeds": [
        7,
        11,
        23,
        101,
        2027
      ],
      "trials_per_seed": 400000,
      "total_trials": 2000000,
      "et_mean": 5.2055869999999995,
      "et_se": 0.0024806582291802743,
      "greedy_violations": 0
    },
    "mb4": {
      "per_seed_et": [
        5.164865,
        5.1488,
        5.15729,
        5.15779,
        5.151335
      ],
      "seeds": [
        7,
        11,
        23,
        101,
        2027
      ],
      "trials_per_seed": 400000,
      "total_trials": 2000000,
      "et_mean": 5.156016,
      "et_se": 0.0028022970042448996,
      "greedy_violations": 0
    },
    "delta_pct": 0.9614206007118486,
    "delta_pct_se": 0.07297778063059139
  },
  "crn_paired_mc": {
    "runs": [
      {
        "seed": 7,
        "trials": 2000000,
        "et_mb3": 5.206392,
        "et_mb4": 5.156864,
        "paired_abs_delta": 0.049528,
        "paired_abs_delta_se": 0.0005285427973286554,
        "paired_delta_pct": 0.9604286636219372,
        "paired_delta_pct_se": 0.010249306503500099,
        "paired_delta_pct_ci95": [
          0.940340022875077,
          0.9805173043687975
        ],
        "frac_trials_with_diff": 0.2382655
      },
      {
        "seed": 11,
        "trials": 2000000,
        "et_mb3": 5.2101205,
        "et_mb4": 5.1610955,
        "paired_abs_delta": 0.049025,
        "paired_abs_delta_se": 0.0005282468880055045,
        "paired_delta_pct": 0.9498952305765362,
        "paired_delta_pct_se": 0.010235169800781724,
        "paired_delta_pct_ci95": [
          0.9298342977670041,
          0.9699561633860684
        ],
        "frac_trials_with_diff": 0.238624
      },
      {
        "seed": 23,
        "trials": 2000000,
        "et_mb3": 5.2072005,
        "et_mb4": 5.1578105,
        "paired_abs_delta": 0.04939,
        "paired_abs_delta_se": 0.0005281290694044402,
        "paired_delta_pct": 0.9575768632833714,
        "paired_delta_pct_se": 0.01023940428607139,
        "paired_delta_pct_ci95": [
          0.9375076308826715,
          0.9776460956840713
        ],
        "frac_trials_with_diff": 0.2382185
      }
    ],
    "delta_pct_mean": 0.9559669191606149,
    "delta_pct_se": 0.0031454858124665467,
    "et_mb3": 5.207904333333333,
    "et_mb4": 5.15859
  },
  "verdict": {
    "primary_metric_name": "topology_et_delta_pct",
    "topology_et_delta_pct": 0.9614206007118486,
    "topology_et_delta_pct_se": 0.07297778063059139,
    "test_metric_name": "topology_et_confirmed",
    "topology_et_confirmed": 1,
    "gate": "CONFIRMED",
    "et_max_branch_3_mc": 5.2055869999999995,
    "et_max_branch_4_mc": 5.156016,
    "et_max_branch_3_se": 0.0024806582291802743,
    "et_max_branch_4_se": 0.0028022970042448996,
    "analytic_delta_pct": 0.9633206127555249,
    "analytic_et_max_branch_3": 5.206954309441963,
    "analytic_et_max_branch_4": 5.15727323332918,
    "crn_paired_delta_pct": 0.9559669191606149,
    "crn_paired_delta_pct_se": 0.0031454858124665467,
    "crn_et_max_branch_3": 5.207904333333333,
    "crn_et_max_branch_4": 5.15859,
    "wirbel83_predicted_delta_pct": 0.9633206127555916,
    "delta_vs_wirbel_abs_pp": 0.0019000120437429047,
    "reproduced_fern88_lega": true,
    "greedy_violations_mb3": 0,
    "greedy_violations_mb4": 0,
    "decision": "CONFIRMED -- empirical MC E[T] delta +0.961% (#88 engine, 2000000 trials/topo; CRN paired +0.956%) matches wirbel #83's analytic +0.96% prediction within MC precision. max-branch-3 is empirically optimal. RECOMMEND land #71 BUILD THE max-branch-3 array; the topology choice is backed by direct measurement, not just the DP cost model. The acceptance model is validated for future tree optimisation. lawine #90 should still confirm the served wall_tps delta (+1.13pp) once land #71 delivers the build."
  }
}