{
  "config": {
    "rho_opt_json": "research/spec_cost_model/rho_optimal_topology_results.json",
    "accept_json": "research/accept_calibration/accept_calibration_results.json",
    "accept_source": "server_log",
    "rank_coverage_json": "research/rank_coverage/rank_coverage_results.json",
    "entropy_branching_json": "research/rank_coverage/entropy_branching_results.json",
    "trace_80": "research/eagle3_drafter/eval_traces/topk_trace_debug1k2ep.jsonl",
    "W": 4,
    "max_depth": 24,
    "extrapolate": "flat",
    "mc_trials": 400000,
    "mc_seeds": [
      7,
      11,
      23,
      101,
      2027
    ],
    "boot": 200,
    "green_threshold": 3.0,
    "red_threshold": -10.0,
    "output": "research/spec_cost_model/tree_et_independence_gap_results.json",
    "wandb_project": "gemma-challenge-senpai",
    "wandb_entity": "wandb-applied-ai-team",
    "wandb_group": "tree-et-independence-gap",
    "wandb_name": "fern/tree-et-independence-gap",
    "no_wandb": false
  },
  "topology": {
    "parent": [
      -1,
      0,
      0,
      0,
      1,
      1,
      1,
      2,
      3,
      4,
      4,
      5,
      7,
      9,
      9,
      10,
      11,
      12,
      13,
      15,
      16,
      17,
      18,
      19,
      20,
      21,
      22,
      24,
      25,
      26,
      28,
      29
    ],
    "n": 32,
    "depth": 9,
    "max_branch": 3,
    "leaves": 7
  },
  "inputs": {
    "top1_q0": 0.728739760479042,
    "q_ladder": [
      0.728739760479042,
      0.7589764102641635,
      0.7924989076194682,
      0.821702519412012,
      0.8342716929825772,
      0.8352594665096346,
      0.8472621220149911
    ],
    "rho_ladder": [
      0.4165047789261015,
      0.2655480090557997,
      0.19075249320036264
    ],
    "wirbel_E_T": 5.207,
    "fern91_analytic": 5.20695
  },
  "mode_a_independent": {
    "analytic_ET": 5.206954309441963,
    "depth": 9,
    "mc_ET_mean": 5.2055869999999995,
    "mc_ET_se": 0.0024806582291802743,
    "mc_per_seed": [
      5.2140425,
      5.2001925,
      5.2079025,
      5.2040525,
      5.201745
    ],
    "mc_seeds": [
      7,
      11,
      23,
      101,
      2027
    ],
    "mc_trials_per_seed": 400000,
    "greedy_violations": 0,
    "pvecs_depth1": [
      0.0,
      0.728739760479042,
      0.11298118609311796,
      0.04203068751299948,
      0.022174665628723896
    ]
  },
  "mode_b1_realized_regime_mixture": {
    "realized_ET": 5.208238962434894,
    "freq_sum": 1.0,
    "per_regime": [
      {
        "bin": 1,
        "freq": 0.19998517530205323,
        "entropy_mid": 0.38178567457375834,
        "rho_cond": [
          0.5678280207561156,
          0.3507718696397942,
          0.21136063408190225
        ],
        "ET_tree": 5.542118952016938,
        "ref_ET_uniform_tree": 5.542118952016938,
        "ET_tree_vs_ref_abs": 0.0
      },
      {
        "bin": 2,
        "freq": 0.19998517530205323,
        "entropy_mid": 0.9636476193476651,
        "rho_cond": [
          0.5930318754633062,
          0.38160291438979965,
          0.24594992636229748
        ],
        "ET_tree": 5.600726750453876,
        "ref_ET_uniform_tree": 5.600726750453876,
        "ET_tree_vs_ref_abs": 0.0
      },
      {
        "bin": 3,
        "freq": 0.19998517530205323,
        "entropy_mid": 1.5291007879911045,
        "rho_cond": [
          0.429948109710897,
          0.3198959687906372,
          0.26195028680688337
        ],
        "ET_tree": 5.254817897242113,
        "ref_ET_uniform_tree": 5.254817897242113,
        "ET_tree_vs_ref_abs": 0.0
      },
      {
        "bin": 4,
        "freq": 0.19998517530205323,
        "entropy_mid": 2.2280508939955523,
        "rho_cond": [
          0.3194959229058562,
          0.24618736383442266,
          0.1958092485549133
        ],
        "ET_tree": 4.99890294620385,
        "ref_ET_uniform_tree": 4.99890294620385,
        "ET_tree_vs_ref_abs": 0.0
      },
      {
        "bin": 5,
        "freq": 0.2000592987917871,
        "entropy_mid": 3.5976114642460173,
        "rho_cond": [
          0.17599110781771027,
          0.13983812949640287,
          0.1170935703084161
        ],
        "ET_tree": 4.644837088301477,
        "ref_ET_uniform_tree": 4.644837088301477,
        "ET_tree_vs_ref_abs": 0.0
      }
    ]
  },
  "mode_b2_realized_eagle3_trace": {
    "et_real_order": 3.3329764453961457,
    "n_steps_real": 1868,
    "et_shuffle_mean": 3.393469284760505,
    "et_shuffle_se": 0.000608617711115358,
    "et_iid_mean": 3.3978779499101135,
    "et_iid_se": 0.00373984349662339,
    "gap_real_vs_shuffle_pct": -1.7826252218053784,
    "gap_real_vs_iid_pct": -1.9100599100590032,
    "n_positions": 5484,
    "n_boot": 200,
    "pooled_rank_probs": {
      "0": 0.13949671772428884,
      "1": 0.6792487235594457,
      "2": 0.10740335521517141,
      "3": 0.04649890590809628,
      "4": 0.02735229759299781
    },
    "drafter": "eagle3_#80_debug1k2ep",
    "meta_top_acc": {
      "1": 0.6792487235594457,
      "2": 0.7866520787746171,
      "3": 0.8331509846827133,
      "4": 0.8605032822757112
    }
  },
  "entropy_regimes": {
    "regimes": [
      {
        "bin": 1,
        "freq": 0.19998517530205323,
        "count": 2698,
        "entropy_mid": 0.38178567457375834,
        "rho_cond": [
          0.5678280207561156,
          0.3507718696397942,
          0.21136063408190225
        ],
        "ref_ET_uniform_tree": 5.542118952016938
      },
      {
        "bin": 2,
        "freq": 0.19998517530205323,
        "count": 2698,
        "entropy_mid": 0.9636476193476651,
        "rho_cond": [
          0.5930318754633062,
          0.38160291438979965,
          0.24594992636229748
        ],
        "ref_ET_uniform_tree": 5.600726750453876
      },
      {
        "bin": 3,
        "freq": 0.19998517530205323,
        "count": 2698,
        "entropy_mid": 1.5291007879911045,
        "rho_cond": [
          0.429948109710897,
          0.3198959687906372,
          0.26195028680688337
        ],
        "ref_ET_uniform_tree": 5.254817897242113
      },
      {
        "bin": 4,
        "freq": 0.19998517530205323,
        "count": 2698,
        "entropy_mid": 2.2280508939955523,
        "rho_cond": [
          0.3194959229058562,
          0.24618736383442266,
          0.1958092485549133
        ],
        "ref_ET_uniform_tree": 4.99890294620385
      },
      {
        "bin": 5,
        "freq": 0.2000592987917871,
        "count": 2699,
        "entropy_mid": 3.5976114642460173,
        "rho_cond": [
          0.17599110781771027,
          0.13983812949640287,
          0.1170935703084161
        ],
        "ref_ET_uniform_tree": 4.644837088301477
      }
    ],
    "global_rho_cond": [
      0.41724112371210437,
      0.26494530653777665,
      0.1896521889600277
    ],
    "ref_ET_uniform_global": 5.208238962434893,
    "within_step_r_binned": -0.9688019713937506,
    "within_depth_r": -0.30098657330572826,
    "rho2_range_across_bins": 0.4170407676455959
  },
  "channel2_rescue_depth": {
    "rho2_by_depth": {
      "0": 0.3967749261866909,
      "1": 0.4306826178747361,
      "2": 0.4133545310015898,
      "3": 0.4284603421461897,
      "4": 0.4351851851851852,
      "5": 0.44471153846153844,
      "6": 0.4095826893353941
    },
    "rho2_range": 0.04793661227484752,
    "rho2_slope_per_depth": 0.0031539923144039287,
    "rho2_mean": 0.4226788328844749
  },
  "channel4_trace_autocorr": {
    "rank1_lag1_autocorr": 0.15237666735024988,
    "run_mean": 2.116477272727273,
    "run_var": 11.92563759039256,
    "geom_run_var_iid": 0.6952015494797532,
    "overdispersion_ratio": 17.154216067724512
  },
  "verdict": {
    "primary_metric_name": "ET_independence_gap_pct",
    "ET_independence_gap_pct": 0.024671869899095533,
    "test_metric_name": "realized_tree_ET",
    "realized_tree_ET": 5.208238962434894,
    "independent_tree_ET": 5.206954309441963,
    "independent_tree_ET_mc": 5.2055869999999995,
    "gate": "GREEN",