{
  "pr": 107,
  "metric": "measured_M32_M8_step_ratio",
  "primary_metric": {
    "name": "measured_M32_M8_step_ratio",
    "value": 1.2369673992855905,
    "ci95": [
      1.2267811369679509,
      1.2471536616032302
    ],
    "cv_pct": 0.9435792516645748,
    "denominator": "verify forward (GEMM + causal attention)"
  },
  "test_metric": {
    "name": "corrected_breakeven_ET",
    "value": 4.613985078031858,
    "ci95": [
      4.591122677722942,
      4.636847478340775
    ],
    "fern_modeled": 4.623541199954488
  },
  "verdict": "GREEN",
  "verdict_label": "measured whole-step bracket [1.145,1.156] at/below ~1.16x -> fern #102's break-even holds or improves; the 1.16x denominator is CONFIRMED; the 569 projection denominator stands. (Star-attn tree-mask delta is the only residual, on top of this floor.)",
  "config": {
    "model": "google/gemma-4-E4B-it-qat-w4a16-ct",
    "vllm": "0.22.0",
    "torch": "2.11.0+cu130",
    "device": "NVIDIA A10G",
    "m_linear": 8,
    "m_tree": 32,
    "repeats": 5,
    "gemm_iters": 200,
    "attn_iters": 300,
    "attn_ctx": 528,
    "splitkv_verify": "1",
    "n_attn_sliding": 35,
    "n_attn_full": 7,
    "n_gemm_layers_max": 42,
    "peak_hbm_copy_gbps": 481.7583678010703,
    "peak_gpu_gib": 18.987037658691406
  },
  "step1_measurement": {
    "verify_forward_ratio_M32_M8": {
      "n": 5,
      "mean": 1.2316105048361954,
      "median": 1.2369673992855905,
      "std": 0.011621221184955663,
      "se": 0.005197168110224303,
      "cv_pct": 0.9435792516645748,
      "ci95_abs": 0.010186262317639729,
      "ci95_lo": 1.2267811369679509,
      "ci95_hi": 1.2471536616032302,
      "min": 1.208562428358212,
      "max": 1.2398794271127889,
      "values": [
        1.2351838305467047,
        1.2398794271127889,
        1.208562428358212,
        1.2369673992855905,
        1.2374594388776807
      ]
    },
    "r_gemm": {
      "n": 5,
      "mean": 1.1630720587581727,
      "median": 1.1686205063215744,
      "std": 0.012320555383151003,
      "se": 0.005509919871455321,
      "cv_pct": 1.0593114407980724,
      "ci95_abs": 0.010799244505753994,
      "ci95_lo": 1.1578212618158203,
      "ci95_hi": 1.1794197508273285,
      "min": 1.1387216164811957,
      "max": 1.1723710908872924,
      "values": [
        1.1664770691411195,
        1.1723710908872924,
        1.1387216164811957,
        1.1686205063215744,
        1.1691700109596805
      ]
    },
    "r_attn": {
      "n": 5,
      "mean": 1.8316994815886845,
      "median": 1.8325004530121336,
      "std": 0.003147001136769643,
      "se": 0.0014073816934172068,
      "cv_pct": 0.17180772110281758,
      "ci95_abs": 0.0027584174315987173,
      "ci95_lo": 1.829742035580535,
      "ci95_hi": 1.8352588704437323,
      "min": 1.8257904240411824,
      "max": 1.8351135365289926,
      "values": [
        1.8351135365289926,
        1.8257904240411824,
        1.8325004530121336,
        1.8332056339236087,
        1.8318873604375052
      ]
    },
    "gemm_us_M8": {
      "n": 5,
      "mean": 5037.84666967392,
      "median": 5012.60587334633,
      "std": 52.37762213263518,
      "se": 23.423984717673953,
      "cv_pct": 1.0396827368313966,
      "ci95_abs": 45.910166421057575,
      "ci95_lo": 4966.695706925272,
      "ci95_hi": 5058.516039767387,
      "min": 5006.738240718842,
      "max": 5142.171968817711,
      "values": [
        5020.088579654694,
        5007.628685832024,
        5142.171968817711,
        5012.60587334633,
        5006.738240718842
      ]
    },
    "gemm_us_M32": {
      "n": 5,
      "mean": 5858.736382484436,
      "median": 5855.818213224412,
      "std": 6.170573848864885,
      "se": 2.7595645172488794,
      "cv_pct": 0.10532260620758999,
      "ci95_abs": 5.408647066822464,
      "ci95_lo": 5850.409566157589,
      "ci95_hi": 5861.2268602912345,
      "min": 5853.728203773499,
      "max": 5870.799105167388,
      "values": [
        5855.818213224412,
        5870.799105167388,
        5855.5023765563965,
        5857.834013700485,
        5853.728203773499
      ]
    },
    "attn_us_M8": {
      "n": 5,
      "mean": 575.4549640000041,
      "median": 575.1871300000082,
      "std": 0.8275645228081492,
      "se": 0.3700981057532393,
      "cv_pct": 0.1438104759850752,
      "ci95_abs": 0.7253789580228452,
      "ci95_lo": 574.4617510419854,
      "ci95_hi": 575.912508958031,
      "min": 574.5958866666679,
      "max": 576.9761666666664,
      "values": [
        574.9240699999967,
        576.9761666666664,
        575.5915666666813,
        574.5958866666679,
        575.1871300000082
      ]
    },
    "attn_us_M32": {
      "n": 5,
      "mean": 1054.0581519999976,
      "median": 1053.6780333333393,
      "std": 0.7102991773507258,
      "se": 0.31765544898368037,
      "cv_pct": 0.06738709586401713,
      "ci95_abs": 0.622593239500914,
      "ci95_lo": 1053.0554400938383,
      "ci95_hi": 1054.3006265728402,
      "min": 1053.3524166666668,
      "max": 1055.0509433333361,
      "values": [
        1055.0509433333361,
        1053.4375599999887,
        1054.771806666657,
        1053.3524166666668,
        1053.6780333333393
      ]
    },
    "verify_forward_us_M8": {
      "n": 5,
      "mean": 5613.301633673924,
      "median": 5587.2017600129975,
      "std": 52.413651653509646,
      "se": 23.44009760924836,
      "cv_pct": 0.9337401599636601,
      "ci95_abs": 45.94174710823022,
      "ci95_lo": 5541.260012904767,
      "ci95_hi": 5633.143507121228,
      "min": 5581.92537071885,
      "max": 5717.763535484392,
      "values": [
        5595.01264965469,
        5584.60485249869,
        5717.763535484392,
        5587.2017600129975,
        5581.92537071885
      ]
    },
    "verify_forward_us_M32": {
      "n": 5,
      "mean": 6912.794534484434,
      "median": 6910.869156557748,
      "std": 5.875395351604336,
      "se": 2.6275566801747146,
      "cv_pct": 0.08499305631456225,
      "ci95_abs": 5.14991646048007,
      "ci95_lo": 6905.719240097268,
      "ci95_hi": 6916.0190730182285,
      "min": 6907.4062371068385,
      "max": 6924.2366651673765,
      "values": [
        6910.869156557748,
        6924.2366651673765,
        6910.274183223053,
        6911.186430367152,
        6907.4062371068385
      ]
    }
  },
  "step2_decomposition": {
    "verify_forward_delta_us": 1323.6673965447508,
    "gemm_delta_us": 843.2123398780823,
    "attn_delta_us": 478.49090333333106,
    "gemm_share_of_delta": 0.6370273545145635,
    "attn_share_of_delta": 0.36148877322382106,
    "r_gemm_median": 1.1686205063215744,
    "r_attn_median": 1.8325004530121336,
    "gemm_frac_of_vf_M8": 0.8971585578349812,
    "attn_frac_of_vf_M8": 0.10294726317502273,
    "note": "denken #68 expected GEMM ~flat (r_gemm~1.0); wirbel #98 expected attention ~1.83x. The measured r_gemm/r_attn confirm or correct those pieces; the star-attn tree-mask kernel is excluded (residual)."
  },
  "step2_whole_step_reconciliation": {
    "method_A_budget_share": 1.1559689045914052,
    "method_A_budget_share_ci95": [
      1.1502410525514715,
      1.161696756631339
    ],
    "method_B_lumped_share": 1.1445501135642102,
    "method_B_lumped_share_ci95": [
      1.13833649355045,
      1.1507637335779703
    ],
    "whole_step_bracket": [
      1.1445501135642102,
      1.1559689045914052
    ],
    "budget_shares": {
      "verify_gemm": 0.53,
      "attention": 0.08,
      "verify_forward_total": 0.61,
      "m_invariant_remainder": 0.39
    },
    "primary_whole_step_ratio": 1.1559689045914052
  },
  "step3_breakeven": {
    "fern_modeled_tree_step_ratio": 1.1583630561987952,
    "fern_modeled_breakeven_ET": 4.623541199954488,
    "corrected_breakeven_ET": 4.613985078031858,
    "corrected_breakeven_ET_ci95": [
      4.591122677722942,
      4.636847478340775
    ],
    "corrected_breakeven_ET_lumped": 4.568407613794389,
    "corrected_breakeven_ET_method_bracket": [
      4.568407613794389,
      4.613985078031858
    ],