{
  "asbuilt_counters": {
    "method": "tree-v2-merge-eager-v1",
    "steps_total": 14848,
    "tok_per_step": 2.097,
    "salvages": 5264,
    "full": 164,
    "attn_py_calls_per_step": 37.0,
    "accept_hist": [
      0,
      5761,
      5061,
      1765,
      854,
      355,
      214,
      126,
      200
    ],
    "hist_snapshot_step": 14336,
    "salvage_prev_broken": 0.033,
    "salvage_asbuilt_per_nonfull": 0.358
  },
  "model_inputs": {
    "q_ladder": [
      0.728739760479042,
      0.7589764102641635,
      0.7924989076194682,
      0.821702519412012,
      0.8342716929825772,
      0.8352594665096346,
      0.8472621220149911
    ],
    "rho_ladder": [
      0.4165047789261015,
      0.2655480090557997,
      0.19075249320036264
    ],
    "M32_parent": [
      -1,
      0,
      0,
      0,
      1,
      1,
      1,
      2,
      3,
      4,
      4,
      5,
      7,
      9,
      9,
      10,
      11,
      12,
      13,
      15,
      16,
      17,
      18,
      19,
      20,
      21,
      22,
      24,
      25,
      26,
      28,
      29
    ],
    "W": 4,
    "max_depth": 24,
    "ET_full_anchor_reproduced": 5.206954309441963,
    "ET_full_vs_wirbel_abs": 4.5690558036604045e-05,
    "ET_spine_only": 4.1772719039196,
    "ET_linear8": 3.8444537125748504,
    "depth_full": 9
  },
  "step1_implied_rho": {
    "asbuilt_continuation_c": [
      0.59814453125,
      0.4097959183673469,
      0.49772339214570294,
      0.5117209834190967,
      0.6033519553072625,
      0.6037037037037037,
      0.6134969325153374
    ],
    "deployed_linear_q": [
      0.728739760479042,
      0.7589764102641635,
      0.7924989076194682,
      0.821702519412012,
      0.8342716929825772,
      0.8352594665096346,
      0.8472621220149911
    ],
    "full_tree_model_coverage": [
      0.9059262997138833,
      0.9164124422261996,
      0.9280381245400331,
      0.9381660070041036,
      0.9425250264807865,
      0.9428675887040562,
      0.9470301383598497
    ],
    "implied_rescue_rho_hat": [
      -0.48143889225959335,
      -1.4487399025112888,
      -1.4205974151364114,
      -1.7385637473432642,
      -1.3933632813315253,
      -1.4055785658814377,
      -1.530499130822005
    ],
    "implied_rho_hat_all_negative": true,
    "asbuilt_below_linear_every_position": true,
    "depth1_continuation_asbuilt": 0.59814453125,
    "depth1_continuation_required_min": 0.728739760479042,
    "depth1_continuation_full_model": 0.9059262997138833,
    "depth1_deficit_vs_spine_floor_pp": 13.059522922904199,
    "p_zero_draft_accept_asbuilt": 0.40185546875,
    "p_zero_draft_accept_linear": 0.271260239520958,
    "p_zero_draft_accept_full_model": 0.09407370028611672
  },
  "step2_defect_classification": {
    "ET_model_full": 5.206954309441963,
    "ET_model_spine_only": 4.1772719039196,
    "ET_deployed_linear": 3.844131736526946,
    "ET_asbuilt": 2.10205078125,
    "asbuilt_frac_of_model_pct": 40.37006388625829,
    "total_gap_tokens": 3.1049035281919632,
    "decomp_sublinear_collapse_tokens": 1.742080955276946,
    "decomp_sublinear_collapse_pct": 56.10741008405465,
    "decomp_spine_ext_tokens": 0.33314016739265373,
    "decomp_spine_ext_pct": 10.729485292145187,
    "decomp_branch_premium_tokens": 1.0296824055223635,
    "decomp_branch_premium_pct": 33.163104623800166,
    "tree_accept_length_gap_explained_pct": 100.0,
    "gap_provably_fixable_lower_bound_pct": 56.10741008405465,
    "gap_ceiling_share_D_pct": 0.0,
    "eager_C_accept_length_share_pct": 0.0,
    "dominant_defect": "A_truncated_salvage_walk_plus_depth1_verify_defect",
    "model_expected_salvage_edges_per_step": 0.3357359481425679,
    "asbuilt_salvage_per_nonfull": 0.358,
    "asbuilt_salvage_vs_model_ratio": 1.0663141733275991,
    "fern92_independence_gap_pct": 0.024671869899095533,
    "full_tree_reach_rate_model_est": 0.6083265247528683,
    "full_tree_reach_rate_asbuilt": 0.011045258620689655
  },
  "step3_gate": {
    "gate": "GREEN",
    "verdict": "fixable_build_defect_not_acceptance_collapse",
    "corrected_ET_band_for_fern100": {
      "realized_today": 2.10205078125,
      "realized_today_is_build_defect_artifact": true,
      "post_fix_floor": 3.844131736526946,
      "post_fix_ceiling": 5.206954309441963,
      "post_fix_central_target": [
        5.14,
        5.206954309441963
      ],
      "requires_remeasure": true
    },
    "land71_proj_tps_survives": 568.0,
    "build_team_handoff": {
      "owners": "land #71 / chiku-inu / byteshark",
      "named_defect": "salvage walk recovers a shallow sub-path (truncated branch exploration) AND depth-1 verify/dispatch corrupts the spine below its own rank-1 floor",
      "recovery_target_first": "depth-1 spine continuation must equal q[1]=0.7287 (identical-drafter-forward); as-built 0.598 is the fastest single check",
      "recovery_target_second": "accept_length must clear the deployed linear floor 3.844 before any quota spend (correct tree >= linear)",
      "remeasure_gate": "byteshark bounded fp32/bit-exact oracle: report salvage, accept_length, greedy identity, per-position branch-hit (NOT the eager relerr path; wirbel #93 fp32 star-attn req)"
    }
  },
  "verdict": {
    "primary_metric_name": "tree_accept_length_gap_explained_pct",
    "tree_accept_length_gap_explained_pct": 100.0,
    "gap_provably_fixable_lower_bound_pct": 56.10741008405465,
    "test_metric_name": "implied_tree_rho_vs_model",
    "implied_rho_hat_depth1": -0.48143889225959335,
    "implied_rho_hat_all_negative": true,
    "gate": "GREEN",
    "ET_asbuilt": 2.10205078125,
    "ET_model_full": 5.206954309441963,
    "ET_deployed_linear_floor": 3.844131736526946,
    "depth1_continuation_asbuilt": 0.59814453125,
    "depth1_continuation_required": 0.728739760479042,
    "ceiling_D_refuted_by_fern92": true,
    "decision": "GATE GREEN -- the as-built tok/step=2.102 vs analytical E[T]=5.207 gap is a FIXABLE BUILD DEFECT, not acceptance collapse. DECISIVE: the as-built sits 1.742 tok BELOW the measured deployed-linear floor 3.844 (56.1% of the gap), which is structurally impossible for a correct tree (its spine IS the linear chain). Depth-1 continuation c(1)=0.598 << the identical-drafter-forward floor q[1]=0.729 pins a verify/dispatch defect; salvage fires at 0.358 (~model 0.336) so the drafter produces correct rank-2+ candidates (B bounded small) but the WALK truncates them (A). Implied rescue rho_hat is NEGATIVE at every depth (impossible for a real tree) -- the model rho-ladder is un-exercised, not contradicted. (D) optimistic-model ceiling = 0% (fern #92 +0.025%). (C) eager is a TPS axis (#97/#85), ~0% of accept-length. fern #100 must compose against the corrected band [3.844 floor, 5.207 ceiling], tree marked BUILD-BLOCKED / re-measure-pending -- NOT 2.10 and NOT 5.207."
  }
}