{
  "body": "int8",
  "kind": "gpqa",
  "n": 198,
  "n_eff": 198,
  "errors": 0,
  "correct": 112,
  "acc": 0.5656565656565656,
  "ci_lo": 0.49601321230853446,
  "ci_hi": 0.6328006694680665,
  "truncation_rate": 0.0,
  "n_truncated": 0,
  "extract_fail": 0,
  "mean_completion_tokens": 1891.8686868686868,
  "max_completion_tokens": 6006,
  "bf16_endpoint": 0.4899,
  "bf16_run": "g3cig1xo",
  "int4_endpoint": 0.4798,
  "bar90": 0.4409,
  "pct_of_bf16": 1.15463679456331,
  "pct_of_bf16_ci_lo": 1.0124784901174413,
  "pct_of_bf16_ci_hi": 1.291693548618221,
  "clears_90pct_bar": true,
  "max_model_len": 8192,
  "max_tokens": 6144,
  "min_tokens": 8,
  "max_num_seqs": 1,
  "batch_invariant": 1,
  "decode": "greedy_t0",
  "analysis_only": true,
  "official_tps": 0,
  "wandb_run_id": "nijokiln"
}