{
  "body": "int8",
  "kind": "aime",
  "n": 60,
  "n_eff": 60,
  "errors": 0,
  "correct": 25,
  "acc": 0.4166666666666667,
  "ci_lo": 0.30064086487871833,
  "ci_hi": 0.5427214568676039,
  "truncation_rate": 0.13333333333333333,
  "n_truncated": 8,
  "extract_fail": 0,
  "mean_completion_tokens": 3593.1,
  "max_completion_tokens": 6144,
  "bf16_endpoint": 0.4667,
  "bf16_run": "zoszxnb0",
  "int4_endpoint": 0.4,
  "bar90": 0.42,
  "pct_of_bf16": 0.892793371902007,
  "pct_of_bf16_ci_lo": 0.6441844115678559,
  "pct_of_bf16_ci_hi": 1.1628914867529545,
  "clears_90pct_bar": false,
  "max_model_len": 8192,
  "max_tokens": 6144,
  "min_tokens": 8,
  "max_num_seqs": 1,
  "batch_invariant": 1,
  "decode": "greedy_t0",
  "analysis_only": true,
  "official_tps": 0,
  "wandb_run_id": "jz3ojbio"
}