{
  "body": "int4",
  "kind": "gpqa",
  "n": 198,
  "n_eff": 198,
  "errors": 0,
  "correct": 99,
  "acc": 0.5,
  "ci_lo": 0.4310203898414545,
  "ci_hi": 0.5689796101585455,
  "truncation_rate": 0.0,
  "n_truncated": 0,
  "extract_fail": 0,
  "mean_completion_tokens": 1886.1666666666667,
  "max_completion_tokens": 5364,
  "bf16_endpoint": 0.4899,
  "bf16_run": "g3cig1xo",
  "int4_endpoint": 0.4798,
  "bar90": 0.4409,
  "pct_of_bf16": 1.0206164523372117,
  "pct_of_bf16_ci_lo": 0.8798130023299745,
  "pct_of_bf16_ci_hi": 1.161419902344449,
  "clears_90pct_bar": true,
  "max_model_len": 8192,
  "max_tokens": 6144,
  "min_tokens": 8,
  "max_num_seqs": 1,
  "batch_invariant": 1,
  "decode": "greedy_t0",
  "analysis_only": true,
  "official_tps": 0,
  "wandb_run_id": "ui02lj1g"
}