{
  "R_complement_max_norm": 1.3793853521347046,
  "complement_median_norm": 1.214987874031067,
  "complement_quantile_norms": {
    "q0.5": 1.2149884700775146,
    "q0.9": 1.2984814643859863,
    "q0.99": 1.3557822704315186,
    "q0.999": 1.3755698204040527
  },
  "complement_size": 248206,
  "global_max_norm": 1.734754204750061,
  "guard": 2000,
  "k": 12000,
  "kept_below_R": 11938,
  "kept_max_norm": 1.734754204750061,
  "kept_median_norm": 1.2602089643478394,
  "kept_min_norm": 0.9404448866844177,
  "kept_size": 13938,
  "method": "corpus-frequency + high-norm guard"
}