{
  "R_complement_max_norm": 1.327344298362732,
  "complement_median_norm": 1.2142630815505981,
  "complement_quantile_norms": {
    "q0.5": 1.2142634391784668,
    "q0.9": 1.2882734537124634,
    "q0.99": 1.321473240852356,
    "q0.999": 1.3267287015914917
  },
  "complement_size": 250144,
  "global_max_norm": 1.734754204750061,
  "k": 12000,
  "kept_below_R": 0,
  "kept_max_norm": 1.734754204750061,
  "kept_median_norm": 1.348207712173462,
  "kept_min_norm": 1.327346920967102,
  "kept_size": 12000,
  "method": "row-norm-topk"
}