{
  "pr": 289,
  "leg": "per-position acceptance decay: BUILT-raise target to E[T]>=4.97",
  "per_position_acceptance_decay_analysis_only": true,
  "banked_source": "/workspace/senpai/target/research/validity/et_prompt_distribution/measured_result.json",
  "imported": {
    "official": 481.53,
    "ceiling_lambda1": 520.95,
    "K_cal": 125.268,
    "E_T_anchor": 3.844,
    "step_us": 1218.2,
    "step_ms": 1.2182,
    "tau": 1.218,
    "K_spec": 7,
    "E_T_max": 8,
    "honest_500_floor": 3.9914,
    "linear_cap_denken119": 3.8445,
    "public_et_target_fern281": 4.966,
    "public_et_target_round": 4.97,
    "private_factor": 0.804,
    "private_verified": 460.85,
    "top1_linear_accept_anchor": 0.728739760479042,
    "lawine282_et_mean": 3.8512,
    "lawine282_et_median": 3.9088,
    "lawine282_et_p5": 2.93,
    "lawine282_et_std": 0.8013,
    "banked_accepted_per_pos": [
      12452.0,
      9458.0,
      7500.0,
      6171.0,
      5152.0,
      4306.0,
      3645.0
    ],
    "banked_num_drafts": 17075.0,
    "banked_num_accepted": 48684.0
  },
  "decomposition": {
    "K": 7,
    "survival_j": [
      1.0,
      0.7292532942898975,
      0.553909224011713,
      0.43923865300146414,
      0.3614055636896047,
      0.3017276720351391,
      0.25218155197657394,
      0.21346998535871156
    ],
    "a_k": [
      0.7292532942898975,
      0.759556697719242,
      0.7929794882639035,
      0.8228,
      0.8348727920920435,
      0.8357919254658385,
      0.8464932652113331
    ],
    "cumprod_a": [
      0.7292532942898975,
      0.553909224011713,
      0.43923865300146414,
      0.3614055636896047,
      0.3017276720351391,
      0.25218155197657394,
      0.21346998535871156
    ],
    "committed_survival": [
      1.0,
      0.7292532942898975,
      0.553909224011713,
      0.43923865300146414,
      0.3614055636896047,
      0.3017276720351391,
      0.25218155197657394,
      0.21346998535871156
    ],
    "E_j": 2.851185944363104,
    "E_T": 3.851185944363104,
    "roundtrip_resid": 0.0,
    "roundtrip_resid_vs_anchor": 0.0071859443631039355,
    "a1_vs_top1_anchor_resid": 0.0005135338108555043,
    "marginal_accept_per_pos": [
      0.7292532942898975,
      0.553909224011713,
      0.43923865300146414,
      0.3614055636896047,
      0.3017276720351391,
      0.25218155197657394,
      0.21346998535871156
    ]
  },
  "cliff": {
    "token_loss_per_pos": [
      1.8952269399707176,
      1.0520644216691066,
      0.5733528550512446,
      0.3113323572474378,
      0.17903367496339673,
      0.09909224011713036,
      0.038711566617862375
    ],
    "token_loss_total": 4.148814055636896,
    "abs_survival_drop_per_pos": [
      0.2707467057101025,
      0.17534407027818444,
      0.11467057101024891,
      0.07783308931185945,
      0.059677891654465576,
      0.04954612005856518,
      0.038711566617862375
    ],
    "cond_accept_drop_per_pos": [
      0.2707467057101025,
      -0.030303403429344455,
      -0.033422790544661574,
      -0.029820511736096456,
      -0.012072792092043483,
      -0.0009191333737950114,
      -0.010701339745494587
    ],
    "acceptance_cliff_position": 1,
    "cliff_position_by_min_conditional": 1,
    "cliff_position_by_abs_survival_drop": 1,
    "cliff_position_by_conditional_decay": 1,
    "cliff_agrees_across_measures": true,
    "conditional_acceptance_increases_with_depth": true
  },
  "pricing": {
    "public_et_target": 4.966,
    "need_survival_sum": 3.966,
    "current_survival_sum": 2.851185944363104,
    "gap_in_et": 1.1148140556368964,
    "a1_only_needed": 1.0143914222331771,
    "a1_only_feasible": false,
    "E_T_if_a1_perfect": 4.909733376164471,
    "E_T_if_a1_perfect_shortfall": 0.05626662383552894,
    "uniform_mult_factor": 1.102431234025616,
    "uniform_mult_profile": [
      0.8039516091412574,
      0.8373590275790457,
      0.8742053558037766,
      0.9070804193562768,
      0.920389842440443,
      0.9214031237799499,
      0.9332006149613029
    ],
    "uniform_mult_max_ak": 0.9332006149613029,
    "uniform_mult_feasible": true,
    "uniform_add_delta": 0.07967168189153995,
    "uniform_add_profile": [
      0.8089249761814374,
      0.8392283796107819,
      0.8726511701554435,
      0.9024716818915399,
      0.9145444739835834,
      0.9154636073573784,
      0.926164947102873
    ],
    "uniform_add_max_ak": 0.926164947102873,
    "uniform_add_feasible": true,
    "min_per_position_acceptance_lift_to_497": 0.07967168189153995,
    "deep_flat_rate_a_d": 0.9144279172167558,
    "deep_flat_profile": [
      0.7292532942898975,
      0.9144279172167558,
      0.9144279172167558,
      0.9144279172167558,
      0.9144279172167558,
      0.9144279172167558,
      0.9144279172167558
    ],
    "deep_flat_lift_per_pos": [
      0.1548712194975138,
      0.12144842895285224,
      0.09162791721675578,
      0.0795551251247123,
      0.07863599175091729,
      0.0679346520054227
    ],
    "deep_flat_max_lift": 0.1548712194975138,
    "deep_only_feasible": true,
    "deep_only_E_T": 4.966000000000021,
    "cliff_targeted": {
      "scheme": "a_1 -> 1.0 + uniform additive top-up on a_2..a_K",
      "deep_topup_delta": 0.005165266228800647,
      "a_k_star": [
        1.0,
        0.7647219639480426,
        0.7981447544927042,
        0.8279652662288006,
        0.8400380583208441,
        0.8409571916946391,
        0.8516585314401337
      ],
      "E_T_star": 4.965999999999934,
      "feasible": true
    },
    "feasibility_asymmetry_deep_yes_a1_no": true
  },
  "linear_cap": {
    "linear_cap": 3.8445,
    "public_et_target": 4.966,
    "linear_cap_gap_precise": 1.1215000000000002,
    "linear_cap_gap_round": 1.1254999999999997,
    "deployed_et": 3.851185944363104,
    "deployed_at_or_above_linear_cap": true,
    "built_raise_requires_nonlinear_drafter": true
  },
  "tail_structure": {
    "quartile_size": 32,
    "low_tail_pooled_et": 3.0925856228829507,
    "top_tail_pooled_et": 5.051904176904177,
    "low_tail_indices": [
      85,
      32,
      33,
      36,
      102,
      5,
      20,
      55,
      109,
      3,
      58,
      117,
      96,
      116,
      23,
      47,
      121,
      83,
      57,
      31,
      60,
      74,
      122,
      14,
      15,
      21,
      123,
      76,
      9,
      24,
      103,
      16
    ],
    "top_tail_indices": [
      48,
      10,
      4,
      120,
      119,
      50,
      45,
      8,
      43,
      17,
      118,
      53,
      127,
      67,
      87,
      34,
      40,
      104,
      29,
      77,
      81,
      61,
      82,
      106,
      62,
      39,
      19,
      64,
      107,
      13,
      100,
      37
    ],
    "low_tail_alpha_constant": 0.6940577578335754,
    "top_tail_alpha_constant": 0.8629008300911889,
    "low_tail_cliff_position": 1,
    "top_tail_cliff_position": 1,
    "low_tail_scale_shapexfer": 0.9024390560927232,
    "top_tail_scale_shapexfer": 1.1090355610058198,
    "low_tail_cliff_position_modelB": 1,
    "top_tail_cliff_position_modelB": 1,
    "cliff_position_invariant_across_tails": true,
    "low_tail_cliff_is_deeper_not_later": true,
    "per_prompt_per_position_banked": false
  },
  "self_test": {
    "a_roundtrips_E_T": true,
    "a_reproduces_3844_anchor": true,
    "a_cumprod_matches_survival": true,
    "b_survival_monotone": true,
    "c_a_k_in_unit_interval": true,
    "d_built_raise_reproduces_497": true,
    "d_built_raise_mult_reproduces_497": true,
    "e_linear_cap_gap_1p126": true,
    "f_nan_clean": true,
    "g_constants_imported_exact": true,
    "h_token_loss_sums_to_forfeit": true,
    "i_a1_matches_top1_anchor": true
  },
  "per_position_acceptance_decay_self_test_passes": true,
  "acceptance_cliff_position": 1,
  "min_per_position_acceptance_lift_to_497": 0.07967168189153995,
  "built_raise_requires_nonlinear_drafter": true,
  "public_et_from_honest_floor_over_private": 4.964427860696517,
  "public_et_reconciliation_resid": -0.001572139303482878,