{
  "body_group_size": 64,
  "head_group_size": 128,
  "body_rel_err_min": 0.07788144052028656,
  "body_rel_err_mean": 0.08485769017792304,
  "body_rel_err_max": 0.11830209940671921,
  "lm_head_rel_err": 0.10042138397693634,
  "n_quant": 343,
  "n_copy": 1733,
  "src": "/senpai-run/home/student-wirbel/.cache/huggingface/hub/models--google--gemma-4-E4B-it-qat-q4_0-unquantized/snapshots/dfc5b925ddb1d41aaf1fe9679abdcfb0805e1aa6",
  "build_secs": 49.2
}