{
  "bar": 0.42,
  "bf16_ref": 0.4833,
  "anchor_tps": 126.378,
  "analysis_only": 1,
  "official_tps": 0,
  "fires": 0,
  "arms": {
    "g128": {
      "n_sessions": 4,
      "accs": [
        0.3333333333333333,
        0.3333333333333333,
        0.3,
        0.43333333333333335
      ],
      "mean": 0.35,
      "min": 0.3,
      "max": 0.43333333333333335,
      "std": 0.057735026918962595,
      "se": 0.028867513459481298,
      "t975": 3.182,
      "upper95": 0.44185642782806944,
      "lower95": 0.2581435721719305,
      "clears_bar_mean": false,
      "confidently_clears": false,
      "confidently_fails": false,
      "files": [
        "g128_session0.json",
        "g128_session1.json",
        "g128_session2.json",
        "g128_session3.json"
      ],
      "extract_fail_rate_max": 0.0
    },
    "g64": {
      "n_sessions": 4,
      "accs": [
        0.45,
        0.4666666666666667,
        0.35,
        0.5166666666666667
      ],
      "mean": 0.4458333333333333,
      "min": 0.35,
      "max": 0.5166666666666667,
      "std": 0.06988747569671738,
      "se": 0.03494373784835869,
      "t975": 3.182,
      "upper95": 0.5570243071668106,
      "lower95": 0.33464235949985593,
      "clears_bar_mean": true,
      "confidently_clears": false,
      "confidently_fails": false,
      "files": [
        "g64_session0.json",
        "g64_session1.json",
        "g64_session2.json",
        "g64_session3.json"
      ],
      "extract_fail_rate_max": 0.0
    },
    "g32": {
      "n_sessions": 4,
      "accs": [
        0.4166666666666667,
        0.4666666666666667,
        0.45,
        0.4166666666666667
      ],
      "mean": 0.4375,
      "min": 0.4166666666666667,
      "max": 0.4666666666666667,
      "std": 0.024999999999999994,
      "se": 0.012499999999999997,
      "t975": 3.182,
      "upper95": 0.477275,
      "lower95": 0.397725,
      "clears_bar_mean": true,
      "confidently_clears": false,
      "confidently_fails": false,
      "files": [
        "g32_session0.json",
        "g32_session1.json",
        "g32_session2.json",
        "g32_session3.json"
      ],
      "extract_fail_rate_max": 0.0
    },
    "g128mse": {
      "n_sessions": 4,
      "accs": [
        0.4,
        0.38333333333333336,
        0.38333333333333336,
        0.4
      ],
      "mean": 0.3916666666666667,
      "min": 0.38333333333333336,
      "max": 0.4,
      "std": 0.00962250448649376,
      "se": 0.00481125224324688,
      "t975": 3.182,
      "upper95": 0.4069760713046783,
      "lower95": 0.37635726202865516,
      "clears_bar_mean": false,
      "confidently_clears": false,
      "confidently_fails": true,
      "files": [
        "g128mse_session0.json",
        "g128mse_session1.json",
        "g128mse_session2.json",
        "g128mse_session3.json"
      ],
      "extract_fail_rate_max": 0.0
    }
  },
  "contrasts_vs_g128": {
    "g64": {
      "delta": 0.09583333333333333,
      "se_delta": 0.04532546908911313,
      "t": 2.114337374973839,
      "lift_over_2se": true
    },
    "g32": {
      "delta": 0.08750000000000002,
      "se_delta": 0.0314576434802948,
      "t": 2.781517949836592,
      "lift_over_2se": true
    },
    "g128mse": {
      "delta": 0.04166666666666674,
      "se_delta": 0.029265704869035396,
      "t": 1.4237369936287505,
      "lift_over_2se": false
    }
  },
  "speed": {
    "anchor_local_wall_tps": 127.12791445460499,
    "anchor_ppl": 2.0190133619612727,
    "g64": {
      "official_proj_tps": 122.89536333670348,
      "delta_pct": -2.7557301613386165,
      "beats_anchor": false,
      "ppl": 2.040617650908067
    },
    "g32": {
      "official_proj_tps": 119.21872988754366,
      "delta_pct": -5.6649655101808385,
      "beats_anchor": false,
      "ppl": 2.006824682369857
    }
  },
  "recipes": {
    "g128": {
      "aime_mean": 0.35,
      "aime_upper95": 0.44185642782806944,
      "aime_lower95": 0.2581435721719305,
      "clears_aime": false,
      "official_equiv_tps": 126.378,
      "speed_ok": true,
      "quality_safe_fast": false
    },
    "g64": {
      "aime_mean": 0.4458333333333333,
      "aime_upper95": 0.5570243071668106,
      "aime_lower95": 0.33464235949985593,
      "clears_aime": true,
      "official_equiv_tps": 122.89536333670348,
      "speed_ok": false,
      "quality_safe_fast": false
    },
    "g32": {
      "aime_mean": 0.4375,
      "aime_upper95": 0.477275,
      "aime_lower95": 0.397725,
      "clears_aime": true,
      "official_equiv_tps": 119.21872988754366,
      "speed_ok": false,
      "quality_safe_fast": false
    },
    "g128mse": {
      "aime_mean": 0.3916666666666667,
      "aime_upper95": 0.4069760713046783,
      "aime_lower95": 0.37635726202865516,
      "clears_aime": false,
      "official_equiv_tps": 126.378,
      "speed_ok": true,
      "quality_safe_fast": false
    }
  },
  "best_arm": "g64",
  "int4_recipe_aime_best": 0.5570243071668106,
  "int4_recipe_tps_official_equiv": 122.89536333670348,
  "quality_safe_fast_winners": [],
  "aime_clearing_recipes": [
    "g64",
    "g32"
  ],
  "verdict": "INT4_RECIPE_AIME_BOUND(speed)",
  "verdict_note": "A finer-grid recipe clears the AIME quality bar (so the failure is NOT fundamental to int4), but every AIME-clearing recipe is slower than the 126.378 anchor -> no speed-competitive quality-safe int4 body. The bound is a SPEED bound, not a quality one.",
  "calib_pending": false,
  "calib_armB_g32mse_skipped": {
    "skipped": true,
    "reason": "g32 already fails the speed gate (119.22 < 126.378 anchor) so no g32-grid recipe can reach CLEARS_AIME; mse on the QAT-native g32 grid is predicted ~no-op; disk at 99% forbids a 2nd ~10GB build."
  }
}