{
  "arm": "graph_on",
  "arm_env": {},
  "submission": "/workspace/senpai/target/submissions/fa2sw_precache_kenyan",
  "num_prompts": 128,
  "output_len": 128,
  "seed": 1,
  "utc": "2026-06-16T03:26:59Z",
  "analysis_only": true,
  "timing_wall_s": 40.9903621673584,
  "timing_requests_ok": 128,
  "steptime": {
    "raw_exec_steps": 4096,
    "raw_draft_steps": 3835,
    "exec": {
      "gap": {
        "n": 4096,
        "mean": 3.0225810546875,
        "p50": 1.551,
        "p90": 1.683
      },
      "cpu": {
        "n": 4096,
        "mean": 6.70532568359375,
        "p50": 6.352,
        "p90": 6.448
      },
      "gpu": {
        "n": 4096,
        "mean": 7.493985107421875,
        "p50": 6.441,
        "p90": 6.551
      },
      "dgpu": {
        "n": 4096,
        "mean": 0.0,
        "p50": 0.0,
        "p90": 0.0
      }
    },
    "draft": {
      "cpu": {
        "n": 3835,
        "mean": 0.28616114732724907,
        "p50": 0.279,
        "p90": 0.309
      },
      "gpu": {
        "n": 3835,
        "mean": 1.4247455019556716,
        "p50": 1.426,
        "p90": 1.445
      }
    },
    "stat": "p50_steady_state",
    "verify_gpu_ms": 6.441,
    "drafter_gpu_ms": 1.426,
    "host_gap_ms": 1.551,
    "exec_cpu_ms": 6.352,
    "verify_gpu_ms_mean": 7.493985107421875,
    "drafter_gpu_ms_mean": 1.4247455019556716,
    "host_gap_ms_mean": 3.0225810546875,
    "exec_cpu_ms_mean": 6.70532568359375,
    "host_gap_outliers_gt3x": 300
  },
  "spec": {
    "num_drafts": 4606.0,
    "num_accepted_tokens": 11921.0,
    "num_draft_tokens": 32242.0
  },
  "e_accept": 3.588145896656535,
  "capture": "/workspace/senpai/target/research/validity/cudagraph_capture_specloop/decode_graph_on.jsonl",
  "capture_records": 128,
  "capture_completion_tokens": 16384,
  "ppl": 2.3778312529803554,
  "ppl_num_tokens": 61797,
  "per_step": {
    "decode_wall_us": 7903.0,
    "exec_cpu_us": 6352.0,
    "host_gap_us": 1551.0,
    "verify_gpu_us": 6441.0,
    "drafter_gpu_us": 1426.0,
    "gpu_busy_us": 7867.0,
    "host_overhead_us": 36.0,
    "host_overhead_frac": 0.004555232190307478,
    "gpu_busy_share": 0.9954447678096925,
    "output_tps_local": 454.02326922137604
  }
}