{
  "arm": "graph_off",
  "arm_env": {
    "ONEGRAPH": "0",
    "LOOPGRAPH_REQUIRE_CAPTURE": "0"
  },
  "submission": "/workspace/senpai/target/submissions/fa2sw_precache_kenyan",
  "num_prompts": 128,
  "output_len": 128,
  "seed": 1,
  "utc": "2026-06-16T03:30:23Z",
  "analysis_only": true,
  "timing_wall_s": 41.73276972770691,
  "timing_requests_ok": 128,
  "steptime": {
    "raw_exec_steps": 4096,
    "raw_draft_steps": 3834,
    "exec": {
      "gap": {
        "n": 4096,
        "mean": 3.765478271484375,
        "p50": 2.353,
        "p90": 3.885
      },
      "cpu": {
        "n": 4096,
        "mean": 6.14548193359375,
        "p50": 5.617,
        "p90": 5.824
      },
      "gpu": {
        "n": 4096,
        "mean": 7.5420361328125,
        "p50": 6.441,
        "p90": 6.566
      },
      "dgpu": {
        "n": 4096,
        "mean": 0.0,
        "p50": 0.0,
        "p90": 0.0
      }
    },
    "draft": {
      "cpu": {
        "n": 3834,
        "mean": 1.5601387584767867,
        "p50": 1.465,
        "p90": 1.541
      },
      "gpu": {
        "n": 3834,
        "mean": 1.5671752738654148,
        "p50": 1.494,
        "p90": 1.553
      }
    },
    "stat": "p50_steady_state",
    "verify_gpu_ms": 6.441,
    "drafter_gpu_ms": 1.494,
    "host_gap_ms": 2.353,
    "exec_cpu_ms": 5.617,
    "verify_gpu_ms_mean": 7.5420361328125,
    "drafter_gpu_ms_mean": 1.5671752738654148,
    "host_gap_ms_mean": 3.765478271484375,
    "exec_cpu_ms_mean": 6.14548193359375,
    "host_gap_outliers_gt3x": 277
  },
  "spec": {
    "num_drafts": 4594.0,
    "num_accepted_tokens": 11927.0,
    "num_draft_tokens": 32158.0
  },
  "e_accept": 3.5962124510230735,
  "capture": "/workspace/senpai/target/research/validity/cudagraph_capture_specloop/decode_graph_off.jsonl",
  "capture_records": 128,
  "capture_completion_tokens": 16384,
  "per_step": {
    "decode_wall_us": 7970.0,
    "exec_cpu_us": 5617.0,
    "host_gap_us": 2353.0,
    "verify_gpu_us": 6441.0,
    "drafter_gpu_us": 1494.0,
    "gpu_busy_us": 7935.0,
    "host_overhead_us": 35.0,
    "host_overhead_frac": 0.00439146800501882,
    "gpu_busy_share": 0.9956085319949812,
    "output_tps_local": 451.2186262262326
  }
}