{
  "schema": "bi0_k_sweep_arm/v1",
  "complete": true,
  "K": 2,
  "submission": "int4_mtp_bi0_surgattn",
  "n": 3,
  "workload": {
    "num_prompts": 128,
    "output_len": 512,
    "seed": 1,
    "warmup": "8x128"
  },
  "measurement_env": {
    "VLLM_USE_FLASHINFER_SAMPLER": "0",
    "DISABLE_LOG_STATS": "0",
    "STEPTIME": "1",
    "STEPTIME_WARMUP_SKIP": "64",
    "STEPTIME_RAW_START": "64",
    "STEPTIME_RAW_COUNT": "4000",
    "STEPTIME_REPORT_EVERY": "100000",
    "NUM_SPECULATIVE_TOKENS": "2"
  },
  "manifest_env": {
    "VLLM_BATCH_INVARIANT": "0",
    "DRAFTER_MODEL": "google/gemma-4-E4B-it-qat-q4_0-unquantized-assistant",
    "NUM_SPECULATIVE_TOKENS": "6",
    "MAX_MODEL_LEN": "4096",
    "GPU_MEMORY_UTILIZATION": "0.90",
    "MAX_NUM_BATCHED_TOKENS": "512",
    "MAX_NUM_SEQS": "1",
    "PYTORCH_CUDA_ALLOC_CONF": "expandable_segments:True"
  },
  "server_ready_s": 165.02526021003723,
  "elapsed_s": 1367.1983218193054,
  "peak_gpu_mem_mib": 19675,
  "wall_tps": {
    "n": 3,
    "mean": 175.28078465457716,
    "std": 0.5839674829213024,
    "cv_pct": 0.33316115287372605,
    "min": 174.61440477534396,
    "max": 175.70325736702415,
    "range_pct": 0.6212047680103538,
    "median": 175.52469182136343,
    "p25": 174.61440477534396,
    "p75": 175.52469182136343,
    "values": [
      174.61440477534396,
      175.70325736702415,
      175.52469182136343
    ]
  },
  "e_accept_exact": {
    "n": 3,
    "mean": 2.3139500377746693,
    "std": 0.001579082710162043,
    "cv_pct": 0.06824186712694325,
    "min": 2.3122349560158413,
    "max": 2.3153436505950893,
    "range_pct": 0.13434579522026519,
    "median": 2.3142715067130784,
    "p25": 2.3122349560158413,
    "p75": 2.3142715067130784,
    "values": [
      2.3122349560158413,
      2.3153436505950893,
      2.3142715067130784
    ]
  },
  "draft_acceptance_rate": {
    "n": 3,
    "mean": 0.6569750188873348,
    "std": 0.0007895413550809612,
    "cv_pct": 0.1201782917740378,
    "min": 0.6561174780079206,
    "max": 0.6576718252975445,
    "range_pct": 0.23659153619818965,
    "median": 0.6571357533565391,
    "p25": 0.6561174780079206,
    "p75": 0.6571357533565391,
    "values": [
      0.6561174780079206,
      0.6576718252975445,
      0.6571357533565391
    ]
  },
  "prometheus_spec_decode": {
    "populated": true,
    "num_drafts": 85326.0,
    "num_accepted_tokens": 112238.0,
    "num_draft_tokens": 170652.0,
    "mean_tokens_per_step_E_T": 2.315402104868387,
    "accepted_per_pos": [
      63705.0,
      48533.0
    ],
    "cumulative_acceptance_C": [
      0.7466071303002602,
      0.568794974568127
    ],
    "conditional_acceptance_p": [
      0.7466071303002602,
      0.7618397300054942
    ]
  },
  "ppl": 2.0055160306938853,
  "ppl_summary": {
    "base_url": "http://127.0.0.1:8000",
    "dataset_path": "/workspace/senpai/target/official/main_bucket/shared_resources/speed_benchmark/data/ppl_ground_truth_tokens.jsonl",
    "mean_record_ppl": 2.1590188258181935,
    "model": "gemma-4-e4b-it",
    "neg_log_likelihood": 43004.61878868422,
    "num_records": 128,
    "num_tokens": 61797,
    "output_file": "/workspace/senpai/target/research/bi0_k_sweep/k2/ppl.jsonl",
    "ppl": 2.0055160306938853,
    "prompt_logprobs": 1
  },
  "ppl_bar": 2.42,
  "ppl_within_bar": true,
  "fingerprint": "04029777472b263ae5c70ce20d4295f348b07a3bda6929bc771b782c10c71304",
  "fingerprint_per_record": {
    "0": "2a3aef2c5bfcbf13c2b79caed099ba15fa786e66275a0a943aee29f7c9b05580",
    "1": "1f9876146f6a859b0109af90dfed9f8596c426c15223298cdc7596a54a4806f0",
    "2": "b1871aad7f901fea7db3e604d0c0a64cca3059cef355e4a437000b31738203e0",
    "3": "c503a5787df544f839035071f2df4882415c179a6dbbf8a974f6a01fd9037c49",
    "4": "d46b98dc56483e62ebf662c908d7122b069619be2b5c59a231d1a4e31ecc23c1",
    "5": "2985e45bc710fd36a9fcaa51d33b92c8de51aeb23cdf1f697780643725730993",
    "6": "a2ee6526aa38587d200b9ee96fae09e5a650a8a96ef84cf30a6b55d2bc24a862",
    "7": "aa6a6f9381ea8397a54a82a1943a336f587661fe74c79ee787df667d51e6479f",
    "8": "19a55e756d1b14663507e17e77f0956f881bd4e47514f458d807bf135da81caa",
    "9": "076404c1a4db2e7d01f438f4500d3f5a4b6a7f018ec07afd9569913743f3c08e",
    "10": "e9f89105f2167520d220afe7fa8ed3aae165d4f77bc4acea8f77c2edb5c4f52b",
    "11": "47ca333762270e01035bc57add5a4fcac7c219148e3c3180f0bb8db89f7ad203",
    "12": "f54865e27d399f9a517f5d5a3e0318852c8110ffe06409ef804c760f40ef36d2",
    "13": "0193611961f3d7b2750f9ce729a698d92d6ab995f20564c56a55edfd75a470da",
    "14": "988848dd089142022a26dcc4eda8447266b5480d17431022e4328fe7ea3f4cc0",
    "15": "bcba23c92259b63b06da8a17c934090716823852a7e96447c81c7ea61f30a917",
    "16": "bb1ce09817cb989bba4c3cf30939871f781a95ff998cecb3725a9dfe0e52aa61",
    "17": "66359d73da2befbc0ac9b0ca22f90387e3a1b4f1330e6d70f4a68ea69f57b9a1",
    "18": "34998f8299e757c882ed63bdc223190e272be2e0a301d3711d036c8589c0ed58",
    "19": "cfd7324d034e06e5dbfb0c0510210527a80ff6e8c48a6efc7081914c171131fb",
    "20": "600101e6d7bba9b4732b1d270157e3a04ae68eb7955bd434944ad1ac4341ca69",
    "21": "abf81a7c0418dea43f30a1eb919ea4d9812b398d75eac984a6c21c1ca1c9aed5",
    "22": "9f1c6c555b0f2a1bdf00b1fed8204bd0112bccc352e91178c00c1227c093ee81",
    "23": "de0096ca1fec60962d901b1b52fcc59c4a5e47b1f0c67cb3861e15ba2b7b1013",
    "24": "a8a592e435d9fc5237a5ea53f65619e44156d858579aa38fef6ac6daab4c558c",
    "25": "3d236ce51e7abc8ba312caa969d8b80377b19080a738608e257cb6714334980d",
    "26": "caaf142d54242c23c4df275067e16e15360b79643554c734d274a8995c4a4d38",
    "27": "ee5211e6429de01e256b7bd3a5d7719600e0c0daf21de8e15cd678b14bc4dcb7",
    "28": "984f5883c331e216caa5519e9b1d2d41f1e9b411d757a49cdbc61a5c17f31eea",
    "29": "9a3eedf9845d39f09e21319542dfc20ea98b3721a283a17bb60858a7aa554d1c",
    "30": "d3b903922d822df50899091d7f798c526cb2e73c210153ff859db4a734a90a85",
    "31": "d362b84b683dc9e24c92c24830264c0b7ce331a0327972486c8bce372f67a25c",
    "32": "d6c7bef3f92dc26dba091558edbb17df294370332cc5b0d08c7811a9a1c23a5e",
    "33": "be8b66b3440ea37b6df686b967269dee5ab9b1831d2ffd9cb0d12ecbb13bc454",
    "34": "1ecb2a958be2b51187e2ebeda13e5ccb3a45e5377c093ecc6c88bc12d291d760",
    "35": "c1ed0be03fc0da66429b327097d0de273e2145f48e34e71c710d0b08565ec377",
    "36": "a0375d31ac9429d0311196e146f29f0e8524e07ca86df73c62540f89f3d7e132",
    "37": "06071394865574586cf0941c44292e74df5a1f0f5086ff17957848b5ebf63e82",
    "38": "4444bbb384f6a531545ae1e22ba5b4e14842b9d0a5c547eb37eed0fdfedbfcb7",
    "39": "cf913d25685b81e685c4bb8168672edb87ac56d09a50a7e99b9058efada986cd",
    "40": "34f405004db704eb408d7d1cb8abf306b925434ba181d8766b59d011e96e32f5",
    "41": "f8b7b3b490d63c0344cf852e1e411062b9f0c936b96bccc399b659427eeab6b0",
    "42": "410f1d728de4eb12d69a0da323ecec7304aa3ff1cfc5e015ca8e35bc2b345769",
    "43": "2a8db2010d99b130743c66d67f568ae73dbbad4c41bfa66ed5335ad7da0d2cf2",
    "44": "eaa506db0c868a2e8a1e4566f9c196c464b379860cdc78819ccea96b7ef90cac",
    "45": "8d1eda04fdd8f76d0515647bf6c7f7f250b73f9c2d3c7a8477dbcb6b1d748875",
    "46": "f16d830718240e8c134b67b280b254adf0dd92d7808b37f82e5ab812ee936e87",
    "47": "ab389b178916d0ba7ae134047e039e82fd4c44b32c3a5b39159f74fef496af76",
    "48": "f64791d031a2342560e654b110a83046a3fb8bc2fc8a5c3722f7f9c88fd45665",
    "49": "b5631c8461fe84bb086afda00ce9cb17fadadae251f4f77c92fd2440fce30c7a",
    "50": "8d2cf37d5349c092bb66238c779cfce2edbd94e02bee90116a1cfb6d92133a93",
    "51": "1fb3cd45f5fd5f2d915f7cac06f68ed3b4298c8ff7b089d23597380b99e4278b",
    "52": "ab683da43253489734cc183fdc7cbf4c62a4d3525476f48fd8fc2721b20a307d",
    "53": "d853aeb38f2a48b428bb04372b86e58157cbceae9e45c282bbf2c68cd5f0890a",
    "54": "3850076e83640783eeba2e338ae6ca0cb243dc60d2a43741daa4c21417c24313",
    "55": "4c48759af190cc4985236abf8c1b1c6e597468ef3718fa2db1355853fb3bb768",
    "56": "7c933373e43cee44ca834cfe44b66ed2a55e6a52b6aa980fde256a8c660410f4",
    "57": "a5dc0edd4dd72e98a87df34123445f6a8691d7859b2ee27d731bef4593bcfd1b",