{
  "k_max_useful": {
    "k_max_useful_M_knee": 52.083333333333336,
    "k_max_useful_K": 51.083333333333336,
    "ridge_ai_flop_per_byte": 208.33333333333334,
    "int4_ai_per_M": 4.0,
    "m_knee_achievable_bw": 60.44149181150261,
    "m_knee_fp32acc_tensor": 29.166666666666668
  },
  "tstep": {
    "tstep_ms": {
      "3": 17.23596946213121,
      "4": 18.66271724314159,
      "5": 20.111196071527452,
      "6": 21.49075169509529,
      "7": 25.124728016340523
    },
    "tstep_linear_T0_ms": 12.979387130698722,
    "tstep_linear_draft_ms_per_K": 1.4212825527278141,
    "per_draft_increment_ms": {
      "3->4": 1.4267477810103804,
      "4->5": 1.448478828385863,
      "5->6": 1.3795556235678408,
      "6->7": 3.6339763212452287
    },
    "k_opt": 5,
    "tstep_at_kopt_ms": 20.111196071527452,
    "localtps_at_kopt": 172.74491495249353,
    "ar_step_ms": 8.138943890282619,
    "strict_base_tax_ms": 4.8404432404161035
  },
  "raw_ceiling": {
    "isolated_6.04ms/draftfree": {
      "local_tps": 559.7713814972756,
      "official_equiv": 487.0011019026297
    },
    "isolated_6.04ms/cheapMTP_1.43ms": {
      "local_tps": 452.8294188363412,
      "official_equiv": 393.9615943876168
    },
    "ideal469_5.08ms/draftfree": {
      "local_tps": 665.9725045385713,
      "official_equiv": 579.396078948557
    },
    "ideal469_5.08ms/cheapMTP_1.43ms": {
      "local_tps": 519.8972518627842,
      "official_equiv": 452.31060912062225
    }
  },
  "strict_env": {
    "oos_qat_by_K": {
      "3": {
        "E": 2.856167469218395,
        "local_tps": 165.70970814804593,
        "official_equiv": 144.16744608879995,
        "clears_plus10": true
      },
      "4": {
        "E": 3.2039219827163326,
        "local_tps": 171.675,
        "official_equiv": 149.35725000000002,
        "clears_plus10": true
      },
      "5": {
        "E": 3.4741068549689316,
        "local_tps": 172.74491495249353,
        "official_equiv": 150.28807600866938,
        "clears_plus10": true
      },
      "6": {
        "E": 3.6573820864780973,
        "local_tps": 170.184,
        "official_equiv": 148.06008,
        "clears_plus10": true
      },
      "7": {
        "E": 3.8253840567120236,
        "local_tps": 152.25574001135794,
        "official_equiv": 132.4624938098814,
        "clears_plus10": false
      }
    },
    "oos_qat_best_official_equiv": 150.28807600866938,
    "oos_qat_best_K": 5,
    "inscope": {
      "stock": {
        "E": 3.33,
        "official_equiv": 136.12,
        "clears_plus10": false
      },
      "top_k64": {
        "E": 3.38,
        "official_equiv": 137.14,
        "clears_plus10": true
      }
    },
    "inscope_best_official_equiv": 137.14,
    "qat_K6_cross_check_official": 148.06008
  },
  "estar": {
    "e_star_optimalK_bestcase": 3.1525571239572074,
    "e_star_realized_inscope": 3.3426470588235286,
    "inscope_cap_top_k64": 3.38,
    "stock_clears": false,
    "top_k64_clears": true,
    "oos_qat_clears": true
  },
  "verdict": "SPECDEC_CEILING_CLEARS_10_INSCOPE",
  "m_sweep": {
    "per_shape_us": {
      "qkv_proj": {
        "1": 41.451520919799805,
        "2": 41.308159828186035,
        "4": 42.76224136352539,
        "8": 41.062397956848145,
        "16": 41.656317710876465,
        "32": 42.37311840057373,
        "48": 42.80320167541504,
        "64": 42.045440673828125,
        "96": 48.82431983947754
      },
      "o_proj": {
        "1": 41.88159942626953,
        "2": 41.98400020599365,
        "4": 41.6153621673584,
        "8": 41.410560607910156,
        "16": 41.57440185546875,
        "32": 41.88159942626953,
        "48": 43.43808174133301,
        "64": 41.88159942626953,
        "96": 48.96768093109131
      },
      "gate_up_proj": {
        "1": 58.30656051635742,
        "2": 58.34752082824707,
        "4": 58.818559646606445,
        "8": 59.33055877685547,
        "16": 62.23872184753418,
        "32": 63.488001823425286,
        "48": 84.43903923034668,
        "64": 109.73183631896973,
        "96": 175.55456161499023
      },
      "down_proj": {
        "1": 42.08640098571777,
        "2": 41.49248123168945,
        "4": 42.352638244628906,
        "8": 43.39712142944336,
        "16": 41.28767967224121,
        "32": 43.376641273498535,
        "48": 52.695040702819824,
        "64": 68.15743923187256,
        "96": 107.56095886230469
      },
      "lm_head": {
        "1": 675.7376098632812,
        "2": 678.5228729248047,
        "4": 681.3081359863281,
        "8": 687.9436492919922,
        "16": 685.9161376953125,
        "32": 747.9910278320312,
        "48": 1010.9747314453126,
        "64": 1325.0355529785156,
        "96": 2074.931182861328
      }
    },
    "body_us": {
      "1": 8392.233047485352,
      "2": 8370.073680877686,
      "4": 8474.357795715332,
      "8": 8466.370477676392,
      "16": 8529.715223312378,
      "32": 8775.004186630249,
      "48": 10392.739992141724,
      "64": 12321.320810317993,
      "96": 18073.047075271606
    },
    "body_invariance_ratio": {
      "1": 1.0,
      "2": 0.9973595386969972,
      "4": 1.0097858040601706,
      "8": 1.0088340528404718,
      "16": 1.0163820731680255,
      "32": 1.0456101656113554,
      "48": 1.2383759999677086,
      "64": 1.4681814411731515,
      "96": 2.1535444705848596
    },
    "per_shape_invariance_ratio": {
      "qkv_proj": {
        "1": 1.0,
        "2": 0.9965414757183182,
        "4": 1.0316205633627187,
        "8": 0.9906125769497208,
        "16": 1.0049406339389306,
        "32": 1.0222331403124394,
        "48": 1.0326087131574848,
        "64": 1.01432805698921,
        "96": 1.177865582639117
      },
      "o_proj": {
        "1": 1.0,
        "2": 1.002445006425898,
        "4": 0.9936430971462819,
        "8": 0.9887530842944856,
        "16": 0.9926650945759226,
        "32": 1.0,
        "48": 1.0371638699664176,
        "64": 1.0,
        "96": 1.1691931922823642
      },
      "gate_up_proj": {
        "1": 1.0,
        "2": 1.0007024991960922,
        "4": 1.0087811581701065,
        "8": 1.017562316340213,
        "16": 1.0674394321385776,
        "32": 1.0888654940572984,
        "48": 1.4481910523029051,
        "64": 1.8819809528669655,
        "96": 3.0108886557583836
      },
      "down_proj": {
        "1": 1.0,
        "2": 0.9858880840338458,
        "4": 1.0063259687850592,
        "8": 1.0311435621252192,
        "16": 0.9810218670456613,
        "32": 1.0306569404264008,
        "48": 1.2520681138950833,
        "64": 1.6194646640134926,
        "96": 2.555717674666599
      },
      "lm_head": {
        "1": 1.0,
        "2": 1.0041218115151043,
        "4": 1.0082436230302083,
        "8": 1.0180632826270843,
        "16": 1.0150628404923185,
        "32": 1.1069252575468882,
        "48": 1.4961054656257158,
        "64": 1.9608728797063755,
        "96": 3.0706166899325598
      }
    },
    "empirical_knee_M_gt_1p25x": 64,
    "m_list": [
      1,
      2,
      4,
      8,
      16,
      32,
      48,
      64,
      96
    ]
  },
  "scalars": {
    "analysis_only": 1,
    "official_tps": 0,
    "fires": false,
    "no_hf_job": true,
    "no_served_file_change": true,
    "specdec_tps_ceiling_official_equiv": 150.28807600866938,
    "specdec_inscope_ceiling_official_equiv": 137.14,
    "specdec_raw_bodyread_ceiling_official_equiv": 579.396078948557,
    "e_accept_star_for_plus10": 3.3426470588235286,
    "e_accept_star_optimalK_bestcase": 3.1525571239572074,
    "k_max_useful_M_knee": 52.083333333333336,
    "k_opt_amortization": 5,
    "tstep_T0_strict_ms": 12.979387130698722,
    "tstep_draft_ms_per_K": 1.4212825527278141,
    "strict_base_tax_ms": 4.8404432404161035,
    "ref_official_tps": 126.378,
    "plus10_bar": 136.378,
    "local_to_official": 0.87,
    "inscope_stock_clears": false,
    "inscope_top_k64_clears": true,
    "verdict": "SPECDEC_CEILING_CLEARS_10_INSCOPE"
  },
  "constants": {
    "D676": {
      "body_bytes": 2034278400.0,