{
  "utc": "2026-06-14T06:03:15Z",
  "gpu": "NVIDIA A10G",
  "sm_count": 80,
  "l2_bytes": 6291456,
  "ctx": 528,
  "n_iter": 300,
  "rounds": 5,
  "config": {
    "n_sliding": 30,
    "n_full": 7,
    "head_dim": {
      "sliding": 256,
      "full": 512
    },
    "n_q_heads": 8,
    "n_kv_heads": 2,
    "n_seg": 16,
    "seq_threshold_3D": 64,
    "M8_decode_step_us": 7964.0,
    "M32_tree_decode_step_us": 11600.0,
    "tree_gross_pct": 21.8,
    "tree_net_static_pct": 19.82
  },
  "peak_bw": {
    "measured_peak_gbps_copy": 481.86462668187585,
    "spec_peak_gbps": 600.0
  },
  "cells": {
    "sliding|M1|fp32": {
      "layer_type": "sliding",
      "M": 1,
      "ctx": 528,
      "segm_dtype": "float32",
      "used_3d_split_kv": true,
      "rot_buffers": 92,
      "device_us": 12.160676000000075,
      "kv_floor_bytes": 1048576,
      "partial_working_set_bytes": 131072,
      "device_us_std": 0.005722013010085494,
      "device_us_all": [
        12.153790000000154,
        12.159063333333327,
        12.16182666666689,
        12.157816666666859,
        12.170883333333146
      ]
    },
    "sliding|M1|bf16": {
      "layer_type": "sliding",
      "M": 1,
      "ctx": 528,
      "segm_dtype": "bfloat16",
      "used_3d_split_kv": true,
      "rot_buffers": 92,
      "device_us": 13.12302400000001,
      "kv_floor_bytes": 1048576,
      "partial_working_set_bytes": 32768,
      "device_us_std": 0.005720511787504056,
      "device_us_all": [
        13.122236666666797,
        13.133489999999936,
        13.12127333333338,
        13.115979999999928,
        13.122140000000002
      ]
    },
    "sliding|M8|fp32": {
      "layer_type": "sliding",
      "M": 8,
      "ctx": 528,
      "segm_dtype": "float32",
      "used_3d_split_kv": true,
      "rot_buffers": 92,
      "device_us": 12.882574666666617,
      "kv_floor_bytes": 1048576,
      "partial_working_set_bytes": 1048576,
      "device_us_std": 0.005377848227230063,
      "device_us_all": [
        12.890230000000109,
        12.885703333332918,
        12.874016666666742,
        12.88096333333332,
        12.881959999999992
      ]
    },
    "sliding|M8|bf16": {
      "layer_type": "sliding",
      "M": 8,
      "ctx": 528,
      "segm_dtype": "bfloat16",
      "used_3d_split_kv": true,
      "rot_buffers": 92,
      "device_us": 13.720096666666652,
      "kv_floor_bytes": 1048576,
      "partial_working_set_bytes": 262144,
      "device_us_std": 0.005376265949111266,
      "device_us_all": [
        13.727490000000067,
        13.722856666666587,
        13.715810000000111,
        13.721993333333224,
        13.712333333333275
      ]
    },
    "sliding|M16|fp32": {
      "layer_type": "sliding",
      "M": 16,
      "ctx": 528,
      "segm_dtype": "float32",
      "used_3d_split_kv": true,
      "rot_buffers": 92,
      "device_us": 14.383490666666697,
      "kv_floor_bytes": 1048576,
      "partial_working_set_bytes": 2097152,
      "device_us_std": 0.007674162827967349,
      "device_us_all": [
        14.368850000000187,
        14.386043333333243,
        14.387983333333269,
        14.383783333333334,
        14.390793333333452
      ]
    },
    "sliding|M16|bf16": {
      "layer_type": "sliding",
      "M": 16,
      "ctx": 528,
      "segm_dtype": "bfloat16",
      "used_3d_split_kv": true,
      "rot_buffers": 92,
      "device_us": 16.382250666666607,
      "kv_floor_bytes": 1048576,
      "partial_working_set_bytes": 524288,
      "device_us_std": 0.0024275505716707326,
      "device_us_all": [
        16.378976666666446,
        16.382226666666696,
        16.383656666666713,
        16.38045999999993,
        16.38593333333325
      ]
    },
    "sliding|M32|fp32": {
      "layer_type": "sliding",
      "M": 32,
      "ctx": 528,
      "segm_dtype": "float32",
      "used_3d_split_kv": true,
      "rot_buffers": 92,
      "device_us": 22.85071933333338,
      "kv_floor_bytes": 1048576,
      "partial_working_set_bytes": 4194304,
      "device_us_std": 0.008254244806975562,
      "device_us_all": [
        22.85476999999994,
        22.842800000000054,
        22.853519999999904,
        22.86250333333355,
        22.84000333333345
      ]
    },
    "sliding|M32|bf16": {
      "layer_type": "sliding",
      "M": 32,
      "ctx": 528,
      "segm_dtype": "bfloat16",
      "used_3d_split_kv": true,
      "rot_buffers": 92,
      "device_us": 26.37244866666664,
      "kv_floor_bytes": 1048576,
      "partial_working_set_bytes": 1048576,
      "device_us_std": 0.009059942751842128,
      "device_us_all": [
        26.354463333333292,
        26.377036666666523,
        26.376366666666648,
        26.378863333333264,
        26.37551333333347
      ]
    },
    "full|M1|fp32": {
      "layer_type": "full",
      "M": 1,
      "ctx": 528,
      "segm_dtype": "float32",
      "used_3d_split_kv": true,
      "rot_buffers": 45,
      "device_us": 16.531302000000032,
      "kv_floor_bytes": 2162688,
      "partial_working_set_bytes": 262144,
      "device_us_std": 0.022837166062803827,
      "device_us_all": [
        16.5102099999999,
        16.562660000000104,
        16.526346666666704,
        16.50476333333337,
        16.552530000000072
      ]
    },
    "full|M1|bf16": {
      "layer_type": "full",
      "M": 1,
      "ctx": 528,
      "segm_dtype": "bfloat16",
      "used_3d_split_kv": true,
      "rot_buffers": 45,
      "device_us": 17.080057333333308,
      "kv_floor_bytes": 2162688,
      "partial_working_set_bytes": 65536,
      "device_us_std": 0.012979680256261682,
      "device_us_all": [
        17.102626666666488,
        17.07386000000006,
        17.073519999999938,
        17.065053333333246,
        17.085226666666816
      ]
    },
    "full|M8|fp32": {
      "layer_type": "full",
      "M": 8,
      "ctx": 528,
      "segm_dtype": "float32",
      "used_3d_split_kv": true,
      "rot_buffers": 45,
      "device_us": 17.96103800000006,
      "kv_floor_bytes": 2162688,
      "partial_working_set_bytes": 2097152,
      "device_us_std": 0.014784655198426163,
      "device_us_all": [
        17.946470000000094,
        17.949349999999956,
        17.95342333333318,
        17.985473333333566,
        17.970473333333498
      ]
    },
    "full|M8|bf16": {
      "layer_type": "full",
      "M": 8,
      "ctx": 528,
      "segm_dtype": "bfloat16",
      "used_3d_split_kv": true,
      "rot_buffers": 45,
      "device_us": 17.84500199999992,
      "kv_floor_bytes": 2162688,
      "partial_working_set_bytes": 524288,
      "device_us_std": 0.01611760177916843,
      "device_us_all": [
        17.82572999999978,
        17.843620000000097,
        17.874596666666566,
        17.842739999999903,
        17.838323333333257
      ]
    },
    "full|M16|fp32": {
      "layer_type": "full",
      "M": 16,
      "ctx": 528,
      "segm_dtype": "float32",
      "used_3d_split_kv": true,
      "rot_buffers": 45,
      "device_us": 20.300336666666695,
      "kv_floor_bytes": 2162688,
      "partial_working_set_bytes": 4194304,
      "device_us_std": 0.013036842323891802,
      "device_us_all": [
        20.288793333333366,
        20.287856666666574,
        20.29325666666678,
        20.312216666666814,
        20.319559999999942
      ]
    },
    "full|M16|bf16": {
      "layer_type": "full",
      "M": 16,
      "ctx": 528,
      "segm_dtype": "bfloat16",
      "used_3d_split_kv": true,
      "rot_buffers": 45,
      "device_us": 19.878360666666737,
      "kv_floor_bytes": 2162688,
      "partial_working_set_bytes": 1048576,
      "device_us_std": 0.003637568418604708,
      "device_us_all": [
        19.8712966666667,
        19.880563333333264,
        19.881076666666747,
        19.88036333333345,
        19.878503333333516
      ]
    },
    "full|M32|fp32": {
      "layer_type": "full",
      "M": 32,
      "ctx": 528,
      "segm_dtype": "float32",
      "used_3d_split_kv": true,
      "rot_buffers": 45,
      "device_us": 36.60301133333335,