{
  "variant": "onegraph",
  "model": "google/gemma-4-E4B-it-qat-w4a16-ct",
  "load_s": 60.556461572647095,
  "backend_summary": {
    "256|TRITON_ATTN": 35,
    "512|TRITON_ATTN": 7
  },
  "tps": {
    "tps_mean": 96.82120673017958,
    "tps_std": 0.0032334895176556965,
    "tps_samples": [
      96.82473970967236,
      96.81692593662918,
      96.82195454423722
    ],
    "tps_tokens": 256
  },
  "ppl": null,
  "peak_mem_gb": 19.74674688,
  "n_identity": 128,
  "gen_tokens": 256,
  "prefix_cache": false,
  "sequential": true,
  "determinism": null
}