{
  "pr": 446,
  "agent": "land",
  "kind": "drafter-retrain-demand-realize",
  "analysis_only": true,
  "no_launch": true,
  "no_hf_job": true,
  "no_submission": true,
  "no_served_file_change": true,
  "gpu_used": true,
  "official_tps": 0,
  "baseline_unchanged_tps": 481.53,
  "ppl": 2.3772,
  "baseline_reanchor_fresh_this_pod": {
    "utc": "2026-06-16T03:55:51Z",
    "wandb_run_id": "uid28gdg",
    "E_T": 3.8218126853089935,
    "a1": 0.7270358700075576,
    "draft_acceptance_rate": 0.40311609790128483,
    "conditional_acceptance_p": [
      0.7270358700075576,
      0.7562329758229498,
      0.7930499079225518,
      0.8215715414083804,
      0.8279506687035012,
      0.8285340573263027,
      0.8461150837793221
    ],
    "num_drafts": 17201.0
  },
  "baseline_anchor_76_this_pod": {
    "E_T": 3.844131736526946,
    "a1": 0.728739760479042,
    "ladder": [
      0.728739760479042,
      0.7589764102641635,
      0.7924989076194682,
      0.821702519412012,
      0.8342716929825772,
      0.8352594665096346,
      0.8472621220149911
    ],
    "wandb_run_id": "5m17r52s"
  },
  "baseline_anchor_289": {
    "E_T": 3.851,
    "a1": 0.7293,
    "wandb_run_id": "fi34s269"
  },
  "acceptance_cliff_position": 1,
  "ladder_rises_with_depth": true,
  "realizable_etp_lift_439": 0.12660174617188788,
  "et_target_full_delivery": 3.9776017461718878,
  "tps_per_etp_on_467_base": 121.32534079858301,
  "frontier_full_delivery_tps": 482.5,
  "margin_full_vs_deployed_tps": 0.9700000000000273,
  "sigma_hw_tps": 4.8153,
  "full_delivery_clears_sigma_hw": false,
  "in_budget_retrain_feasible": false,
  "self_abort_reason": "Gemma4AssistantForCausalLM.forward requires inputs_embeds + shared_kv_states (cross-attn head coupled to target backbone; input_ids ignored). In-scope reference trainer/eval call model(input_ids=...) standalone -> ValueError (verified). Faithful loop needs coupled target backbone in-loop = multi-day build > 90min.",
  "only_coupled_trainer_is_out_of_scope_commit": "4d65412 (wide_drafter; EXCLUDED by isolation)",
  "fixed_topology_expected_etp_lift": 0.0,
  "frontier_fixed_topology_realistic_tps": 467.14,
  "margin_fixed_topology_vs_deployed_tps": -14.389999999999986,
  "crosses_481_53_cleanly_realistic": false,
  "crosses_481_53_cleanly_optimistic_ceiling": false,
  "pos1_miss_total_frac": 0.271260239520958,
  "pos1_near_miss_cov4_frac_of_miss": 0.6531976066516435,
  "pos1_hard_miss_structural_frac_of_miss": 0.3468023933483565,
  "pos1_fixed_capacity_recoverable_frac": 0.0,
  "openevolve_parity_accept_length": 3.83,
  "miss_char_note": "Binding miss is at position-1 (acceptance cliff; ladder RISES 0.727->0.846 with depth). Of the ~27% pos-1 miss, <=65.3% is near-miss (target argmax in drafter top-4, looks learnable) and >=34.7% is hard-miss (target's own distribution, structural). BUT at FIXED capacity the recoverable fraction is 0.0: openevolve A10G-oracle parity (incl. DeepSeek-MTP-KL-distill alpha=0.5, the itaca recipe) reaches 3.83 ~= baseline. The near-miss pool is SIZE-recoverable only.",
  "recommend_full_human_gated_retrain": false,
  "recommend_in_budget_retrain": false,
  "cheapest_decisive_next_step": "ONE bigger-drafter A10G-oracle eval (openevolve's oracle; NO train, NO bench-quota) to measure marginal E[T]/cost of the SIZE-recoverable near-miss slice BEFORE any train ask (#119 fleet rec). Prior = NO (fixed-cap recovery already pinned 0; tree path dominates at every relaxed cost).",
  "faithful_retrain_recipe_if_funded": {
    "init": "/tmp/qat-assistant (= kenyan-duma drafter-ft/ft-v1-epoch_001, kduma1)",
    "critical_fix": "REWRITE the itaca reference: drive the assistant via the coupled target backbone (run Gemma4ForCausalLM per position to produce inputs_embeds + shared_kv_states full+sliding); the shipped model(input_ids=...) path is NON-FUNCTIONAL.",
    "corpus": "corpus_spec.md: >=9k distribution-matched prompts (ShareGPT/MMLU-Pro/GPQA/AIME), >=1M propose-call traces, held-out >=900-prompt shard, dedup vs eval_prompts_sharegpt.json. A 128-prompt corpus is the known-bad evaporating-gain class.",
    "loss": "KL(top-2048 target softmax) or hybrid alpha in [0.3,0.5]; alpha=0.9 worse.",
    "offline_gate": "REWRITTEN offline_acceptance (coupled) >= +0.05 acc-tok/step on held-out BEFORE bench.",
    "hardware_time": "~few H100-hours for 1 epoch; NOT A10G-in-90min.",
    "expected_outcome": "Per #119, will NOT clear the +0.05 gate at fixed capacity."
  },
  "equivalence_byte_exact_by_construction": true,
  "equivalence_basis": "verify is the SOLE arbiter of emitted tokens (land #420 qe4qagc1); drafter gates accept-LENGTH only.",
  "equivalence_selftest_pass_count": "N/A measured (no candidate produced); by-construction proof, no weights changed.",
  "ppl_gate": 2.42,
  "ppl_passes": true,
  "verdict": "MEASURED-ABORT / NO-GO. In-budget retrain is mechanically infeasible (reference scripts non-executable vs the real coupled Gemma4Assistant class; faithful loop needs the coupled target backbone >> 90-min box). A FULL human-gated FIXED-TOPOLOGY retrain projects to ~0 E[T] lift: the binding pos-1 miss has fixed-capacity-recoverable-frac=0.0 (#119, openevolve parity INCLUDING the exact KL-distill recipe), so the realized frontier stays ~467.14 (-14.4 vs 481.53). Even the optimistic ceiling under FULL delivery of #439's +0.1266 is 482.5 = +0.97 over 481.53, WITHIN sigma_hw(~4.8) -> not a clean equivalence-respecting beat. The +0.6532 near-miss pool is recoverable only by drafter SIZE, which 'no topology change' forbids. recommend_full_retrain=False; if revisited, gate on ONE cheap bigger-drafter A10G-oracle eval (no train) FIRST.",
  "self_test_checks": {
    "tps_per_etp_recovers_pr_1536": true,
    "frontier_full_is_482_5": true,
    "full_delivery_within_sigma_hw": true,
    "fixed_topo_lift_is_zero": true,
    "fixed_topo_frontier_is_467": true,
    "neither_case_clears_481": true,
    "miss_split_sums_to_one": true,
    "fixed_cap_recoverable_zero": true,
    "openevolve_parity_below_target": true,
    "capacity_perfect_fixed_ties_not_clears": true,
    "fresh_anchor_consistent_with_76": true,
    "fresh_a1_consistent": true,
    "fresh_ladder_rises_cliff_pos1": true,
    "ppl_passes": true,
    "equivalence_by_construction": true,
    "recommend_retrain_is_nogo": true
  },
  "self_test_passes": true,
  "self_test_pass_count": "16/16"
}