{
  "pr": 294,
  "leg": "EAGLE-3 Phase-1 viability gate: the cheap-proxy GO threshold",
  "eagle3_phase1_gate_analysis_only": true,
  "imported": {
    "official": 481.53,
    "ceiling_lambda1": 520.95,
    "K_cal": 125.268,
    "E_T_anchor": 3.844,
    "step_us": 1218.2,
    "new_step_us": 1202.7171244939168,
    "tau": 1.218,
    "K_spec": 7,
    "E_T_max": 8.0,
    "honest_500_floor": 3.9914,
    "linear_cap_denken119": 3.8445,
    "target_banked_wirbel290": 4.9029,
    "eagle3_budget_et_wirbel290": 1.0584,
    "fern_floor_public": 4.966,
    "a_base_kanna289": [
      0.7292532942898975,
      0.759556697719242,
      0.7929794882639035,
      0.8228,
      0.8348727920920435,
      0.8357919254658385,
      0.8464932652113331
    ],
    "E_T_decomp_289": 3.851185944363104,
    "token_loss_forfeit_289": [
      1.895,
      1.052,
      0.573,
      0.311,
      0.179,
      0.099,
      0.039
    ],
    "tau_acc_lawine288": 1.0,
    "safe_local_lambda_bar_lawine288": 0.9855,
    "operative_lambda_bar": 0.9780112973731208,
    "transfer_jitter": 0.0075,
    "safe_local_ppl_bar_lawine288": 2.4185,
    "m8_greedy_identity_lawine288": 0.9927083333333333,
    "eagle3_lit_L_tree_central": 6.2,
    "eagle3_lit_L_chain_central": 5.5,
    "eagle3_lit_L_chain_low": 4.6,
    "eagle3_tree_chain_premium": 0.68,
    "wandb_sources": {
      "kanna_289": "fi34s269",
      "wirbel_290": "ub3kpsso",
      "lawine_288": "i1e5054m",
      "fern_281": "10necg21",
      "kanna_217": "vgovdrjc"
    }
  },
  "step1_inverse_target": {
    "a_star_uniform_j2": 0.9088740395297805,
    "a_star_profile": [
      0.7292532942898975,
      0.9088740395297805,
      0.9088740395297805,
      0.9088740395297805,
      0.9088740395297805,
      0.9088740395297805,
      0.9088740395297805
    ],
    "E_T_at_a_star": 4.902899999999992,
    "a1_held": 0.7292532942898975,
    "deep_lift_per_pos": [
      0.14931734181053857,
      0.115894551265877,
      0.08607403952978054,
      0.07400124743773706,
      0.07308211406394205,
      0.06238077431844746
    ],
    "target_reconstruct_from_290": 4.9028839601352745
  },
  "step2_phase1_sweep": {
    "sweep": [
      {
        "f_phase1": 0.3,
        "phase1_profile": [
          0.7292532942898975,
          0.8043519002624036,
          0.8277478536436667,
          0.8486222118589342,
          0.8570731663233646,
          0.8577165596850211,
          0.8652074975068673
        ],
        "E_T_phase1": 4.1315214979918915,
        "tps_phase1": 517.5474350104482,
        "a2_phase1": 0.8043519002624036
      },
      {
        "f_phase1": 0.5,
        "phase1_profile": [
          0.7292532942898975,
          0.8342153686245113,
          0.8509267638968421,
          0.8658370197648902,
          0.871873415810912,
          0.8723329824978094,
          0.8776836523705568
        ],
        "E_T_phase1": 4.334364466522489,
        "tps_phase1": 542.9571679923391,
        "a2_phase1": 0.8342153686245113
      },
      {
        "f_phase1": 0.7,
        "phase1_profile": [
          0.7292532942898975,
          0.8640788369866189,
          0.8741056741500174,
          0.8830518276708463,
          0.8866736652984594,
          0.886949405310598,
          0.8901598072342463
        ],
        "E_T_phase1": 4.550849273500665,
        "tps_phase1": 570.0757867928813,
        "a2_phase1": 0.8640788369866189
      },
      {
        "f_phase1": 1.0,
        "phase1_profile": [
          0.7292532942898975,
          0.9088740395297805,
          0.9088740395297805,
          0.9088740395297805,
          0.9088740395297805,
          0.9088740395297805,
          0.9088740395297805
        ],
        "E_T_phase1": 4.902899999999992,
        "tps_phase1": 614.176477199999,
        "a2_phase1": 0.9088740395297805
      }
    ],
    "E_T_phase1_monotone_in_f": true,
    "E_T_at_f1_equals_target": 7.993605777301127e-15
  },
  "step3_go_thresholds": {
    "nogo_floor_a2_deployed": 0.759556697719242,
    "go_threshold_rows": [
      {
        "f_phase1": 0.3,
        "phase1_go_threshold_a2": 0.8043519002624036,
        "margin_above_nogo_floor": 0.044795202543161605,
        "margin_below_a_star": 0.10452213926737697
      },
      {
        "f_phase1": 0.5,
        "phase1_go_threshold_a2": 0.8342153686245113,
        "margin_above_nogo_floor": 0.07465867090526934,
        "margin_below_a_star": 0.07465867090526923
      },
      {
        "f_phase1": 0.7,
        "phase1_go_threshold_a2": 0.8640788369866189,
        "margin_above_nogo_floor": 0.10452213926737697,
        "margin_below_a_star": 0.044795202543161605
      },
      {
        "f_phase1": 1.0,
        "phase1_go_threshold_a2": 0.9088740395297805,
        "margin_above_nogo_floor": 0.14931734181053857,
        "margin_below_a_star": 0.0
      }
    ],
    "phase1_go_threshold_a2": 0.8342153686245113,
    "phase1_go_threshold_a2_by_f": {
      "0.3": 0.8043519002624036,
      "0.5": 0.8342153686245113,
      "0.7": 0.8640788369866189,
      "1.0": 0.9088740395297805
    },
    "phase1_local_lambda_go_threshold": {
      "0.3": 0.9855,
      "0.5": 0.9855,
      "0.7": 0.9855,
      "1.0": 0.9855
    },
    "go_band": [
      0.759556697719242,
      0.8342153686245113
    ],
    "a_star_uniform_j2": 0.9088740395297805
  },
  "step4_decisiveness": {
    "phase1_gate_is_decisive": true,
    "decisive_in_projection_regime_all_f": true,
    "headline_margin_below_nogo": 0.07465867090526934,
    "headline_margin_above_a_star": 0.07465867090526923,
    "min_margin_below_nogo_over_proj_f": 0.044795202543161605,
    "min_margin_above_a_star_over_proj_f": 0.044795202543161605,
    "transfer_jitter": 0.0075,
    "go_band_nogo_floor": 0.759556697719242,
    "go_band_go_threshold": 0.8342153686245113,
    "full_target_a_star": 0.9088740395297805,
    "decisive_interpretation": "at f=0.5 the required Phase-1 a_2=0.8342 sits 0.0747 above the deployed NO-GO floor 0.7596 and 0.0747 below the full target a_star=0.9089 -- both margins exceed the +/-0.0075 transfer jitter, so a cheap 2h run cleanly separates GO from NO-GO."
  },
  "step5_lit_reality_check": {
    "eagle3_lit_L_tree_central": 6.2,
    "eagle3_lit_L_chain_central": 5.5,
    "eagle3_lit_L_chain_low": 4.6,
    "eagle3_lit_accept_central": 0.8893195559667377,
    "eagle3_lit_accept_low": 0.8330104751560863,
    "eagle3_lit_projected_et": 4.690056968034645,
    "eagle3_lit_projected_et_low": 4.1515952532910525,
    "eagle3_lit_projected_tps_central": 587.5140562717638,
    "eagle3_lit_clears_target": false,
    "eagle3_lit_clears_target_low": false,
    "eagle3_lit_direct_chain_et_central": 5.5,
    "eagle3_lit_direct_clears_target": true,
    "eagle3_lit_brackets_target": true,
    "a_star_uniform_j2": 0.9088740395297805,
    "lit_central_vs_a_star": -0.01955448356304279,
    "eagle3_lit_margin_et": -0.21284303196535515,
    "note": "EAGLE-3 (arXiv:2503.01840 Table 1) accepted-length tau~6.2 (tree, T=0, LLaMA-3.1-8B); chain-equivalent ~5.5 central / ~4.6 low after the EAGLE-1 (arXiv:2401.15077 Table 5) tree-over-chain premium 0.68. EAGLE-3 Fig 7 reports a near-FLAT per-depth profile, so we model it as flat at a_lit reproducing the chain length, then transplant a_lit onto OUR deployed deep positions a_2..a_7 while HOLDING our a_1 cliff 0.7293 (a base-model predictability property #289 holds fixed). int4 + reasoning/STEM OOD is unpriced extra downside on top of the chain discount.",
    "risk_flag": "published EAGLE-3 central lift (flat deep accept 0.8893 from chain-length 5.5) TRANSPLANTED onto our a_1=0.7293 cliff projects E[T]=4.6901 < target 4.9029 -- and the flat deep accept 0.8893 sits BELOW the a_star=0.9089 our low-a_1 base needs, so the build is RISKIER than the necessary-condition window suggests (cheap Phase-1 measurement is load-bearing, not optional)."
  },
  "step6_safety_certificate": {
    "phase1_is_greedy_safe": true,
    "phase1_run_is_human_gated": true,
    "phase1_card_is_cpu_analytic": true,