{
  "n_total": 17169,
  "n_divergence": 13491,
  "n_with_logits": 13491,
  "n_align_bad": 0,
  "shards": [
    "rankprobe_records.jsonl.118860"
  ],
  "rho2_pooled": 0.41724112371210437,
  "rho2_79_anchor": 0.4165,
  "n_bins": 5,
  "drafter_entropy_fine10": {
    "bin_mid_x": [
      0.19191615048183838,
      0.5716551986656783,
      0.8283617034840622,
      1.0989335352112675,
      1.3765819125277985,
      1.6816196634544107,
      2.0150966300963673,
      2.4410051578947365,
      3.0484431445515194,
      4.1463729925925925
    ],
    "bin_rho2": [
      0.508524833209785,
      0.6271312083024463,
      0.6567828020756116,
      0.5292809488510007,
      0.45663454410674575,
      0.4032616753150482,
      0.3558191252779837,
      0.28317272053372866,
      0.20014825796886582,
      0.15185185185185185
    ],
    "bin_count": [
      1349,
      1349,
      1349,
      1349,
      1349,
      1349,
      1349,
      1349,
      1349,
      1350
    ],
    "bin_se": [
      0.013611340473574965,
      0.013165921142186869,
      0.01292675244662777,
      0.013589955793481472,
      0.013562021199035611,
      0.013356093956135583,
      0.013035046429041224,
      0.012266678813048272,
      0.010893681658410613,
      0.00976740106988605
    ],
    "bin_x_range": [
      [
        2.3e-05,
        0.403417
      ],
      [
        0.40374,
        0.706776
      ],
      [
        0.706791,
        0.960015
      ],
      [
        0.960241,
        1.236237
      ],
      [
        1.236258,
        1.521821
      ],
      [
        1.521888,
        1.84562
      ],
      [
        1.846306,
        2.198791
      ],
      [
        2.198984,
        2.703939
      ],
      [
        2.704255,
        3.431479
      ],
      [
        3.43322,
        6.919578
      ]
    ],
    "rho2_range": 0.5049309502237598,
    "edges": [
      -Infinity,
      0.40374,
      0.706791,
      0.960241,
      1.236258,
      1.521888,
      1.846306,
      2.198984,
      2.704255,
      3.43322,
      Infinity
    ]
  },
  "signals": {
    "drafter_entropy": {
      "signal": "drafter_entropy",
      "bins": {
        "bin_mid_x": [
          0.38178567457375834,
          0.9636476193476649,
          1.5291007879911045,
          2.2280508939955523,
          3.5976114642460173
        ],
        "bin_rho2": [
          0.5678280207561156,
          0.5930318754633062,
          0.429948109710897,
          0.3194959229058562,
          0.17599110781771027
        ],
        "bin_count": [
          2698,
          2698,
          2698,
          2698,
          2699
        ],
        "bin_se": [
          0.009537086900007286,
          0.009457976778345657,
          0.009531126734150203,
          0.008976913767155566,
          0.00733009949266462
        ],
        "bin_x_range": [
          [
            2.3e-05,
            0.706776
          ],
          [
            0.706791,
            1.236237
          ],
          [
            1.236258,
            1.84562
          ],
          [
            1.846306,
            2.703939
          ],
          [
            2.704255,
            6.919578
          ]
        ],
        "rho2_range": 0.4170407676455959,
        "edges": [
          -Infinity,
          0.706791,
          1.236258,
          1.846306,
          2.704255,
          Infinity
        ]
      },
      "pearson_r_binned": -0.9688019713937506,
      "pearson_r_pointbiserial": -0.30158537104361166,
      "spearman_rho_binned": -0.8999999999999998,
      "rho2_range_across_bins": 0.4170407676455959,
      "within_prompt_pearson": -0.3015853710436117,
      "n_prompts": 1,
      "within_depth_pointbiserial": -0.30098657330572826,
      "n_depths_used": 7,
      "n_records_used": 13491,
      "bootstrap": {
        "r_ci95": [
          -0.9806574948270378,
          -0.9513755318934034
        ],
        "rho2_range_ci95": [
          0.3934790663208596,
          0.4437877629220963
        ],
        "r_mean": -0.9674762680901547
      }
    },
    "drafter_entropy_top64": {
      "signal": "drafter_entropy_top64",
      "bins": {
        "bin_mid_x": [
          0.3631131649369904,
          0.9075169777613045,
          1.394103504818384,
          1.9248116111934768,
          2.57634130974435
        ],
        "bin_rho2": [
          0.5481838398813936,
          0.5982209043736101,
          0.43884358784284655,
          0.3194959229058562,
          0.18154872174879585
        ],
        "bin_count": [
          2698,
          2698,
          2698,
          2698,
          2699
        ],
        "bin_se": [
          0.009581268743708805,
          0.00943851104322774,
          0.009553793956678458,
          0.008976913767155566,
          0.0074197892715661155
        ],
        "bin_x_range": [
          [
            2.3e-05,
            0.682549
          ],
          [
            0.68276,
            1.148903
          ],
          [
            1.148991,
            1.64681
          ],
          [
            1.647178,
            2.223803
          ],
          [
            2.224144,
            3.286197
          ]
        ],
        "rho2_range": 0.4166721826248142,
        "edges": [
          -Infinity,
          0.68276,
          1.148991,
          1.647178,
          2.224144,
          Infinity
        ]
      },
      "pearson_r_binned": -0.9450740128298598,
      "pearson_r_pointbiserial": -0.29117776695285635,
      "spearman_rho_binned": -0.8999999999999998,
      "rho2_range_across_bins": 0.4166721826248142,
      "within_prompt_pearson": -0.29117776695285635,
      "n_prompts": 1,
      "within_depth_pointbiserial": -0.290649977780615,
      "n_depths_used": 7,
      "n_records_used": 13491,
      "bootstrap": {
        "r_ci95": [
          -0.9622045051376888,
          -0.9229104756410554
        ],
        "rho2_range_ci95": [
          0.39369547269381,
          0.4421596242987066
        ],
        "r_mean": -0.9437754996945005
      }
    },
    "drafter_1_minus_p1": {
      "signal": "drafter_1_minus_p1",
      "bins": {
        "bin_mid_x": [
          0.08448416382505561,
          0.28567816308376576,
          0.4545383847294292,
          0.6045623980726463,
          0.7789735450166729
        ],
        "bin_rho2": [
          0.4870274277242402,
          0.508524833209785,
          0.5174203113417346,
          0.36916234247590807,
          0.20414968506854392
        ],
        "bin_count": [
          2698,
          2698,
          2698,
          2698,
          2699
        ],
        "bin_se": [
          0.009622829915626775,
          0.009624671149903771,
          0.009620226190007578,
          0.00929065918942558,
          0.007758693773320219
        ],
        "bin_x_range": [
          [
            1.0000000000287557e-06,
            0.18661000000000005
          ],
          [
            0.18668200000000001,
            0.377715
          ],
          [
            0.37778599999999996,
            0.5276350000000001
          ],
          [
            0.527729,
            0.682426
          ],
          [
            0.682434,
            0.981178
          ]
        ],
        "rho2_range": 0.3132706262731907,
        "edges": [
          -Infinity,
          0.18668200000000001,
          0.37778599999999996,
          0.527729,
          0.682434,
          Infinity
        ]
      },
      "pearson_r_binned": -0.8163402800245366,
      "pearson_r_pointbiserial": -0.19883735715509093,
      "spearman_rho_binned": -0.6,
      "rho2_range_across_bins": 0.3132706262731907,
      "within_prompt_pearson": -0.19883735715509088,
      "n_prompts": 1,
      "within_depth_pointbiserial": -0.19785479396021954,
      "n_depths_used": 7,
      "n_records_used": 13491,
      "bootstrap": {
        "r_ci95": [
          -0.8549404841926124,
          -0.7703986542857937
        ],