{
  "served_k": 7,
  "warmup_skip": 128,
  "m_cap": 64,
  "decode_steps_timed": 5800,
  "prefill_steps_excluded": 36,
  "exec_step": {
    "1": {
      "wall": {
        "n": 2343,
        "mean_ms": 10.733917736185209,
        "median_ms": 10.710003029089421,
        "trimmed_mean_ms": 10.71567255161277,
        "std_ms": 0.3120078574741318,
        "p10_ms": 10.596888954751194,
        "p90_ms": 10.84984902990982,
        "min_ms": 10.313397971913218,
        "max_ms": 21.028371003922075,
        "ci95_halfwidth_ms": 0.0126338424956371
      },
      "gpu": {
        "n": 2343,
        "mean_ms": 14.420855544949514,
        "median_ms": 14.39417552947998,
        "trimmed_mean_ms": 14.407872257892867,
        "std_ms": 0.35116672579222746,
        "p10_ms": 14.138015747070312,
        "p90_ms": 14.715904235839844,
        "min_ms": 13.848480224609375,
        "max_ms": 24.20569610595703,
        "ci95_halfwidth_ms": 0.014219465943210791
      },
      "gap": {
        "n": 2343,
        "mean_ms": 8.456869173660435,
        "median_ms": 11.131500999908894,
        "trimmed_mean_ms": 8.401871004004752,
        "std_ms": 4.14137600224281,
        "p10_ms": 3.7888670340180397,
        "p90_ms": 12.156942975707352,
        "min_ms": 2.9779429896734655,
        "max_ms": 46.8808599980548,
        "ci95_halfwidth_ms": 0.16769286693968857
      }
    },
    "2": {
      "wall": {
        "n": 2,
        "mean_ms": 11.114869499579072,
        "median_ms": 11.114869499579072,
        "trimmed_mean_ms": 11.114869499579072,
        "std_ms": 0.047902518417686224,
        "p10_ms": 11.066966981161386,
        "p90_ms": 11.162772017996758,
        "min_ms": 11.066966981161386,
        "max_ms": 11.162772017996758,
        "ci95_halfwidth_ms": 0.06638950339375645
      },
      "gpu": {
        "n": 2,
        "mean_ms": 14.847663879394531,
        "median_ms": 14.847663879394531,
        "trimmed_mean_ms": 14.847663879394531,
        "std_ms": 0.09118366241455078,
        "p10_ms": 14.75648021697998,
        "p90_ms": 14.938847541809082,
        "min_ms": 14.75648021697998,
        "max_ms": 14.938847541809082,
        "ci95_halfwidth_ms": 0.1263741086124374
      },
      "gap": {
        "n": 2,
        "mean_ms": 11.834510514745489,
        "median_ms": 11.834510514745489,
        "trimmed_mean_ms": 11.834510514745489,
        "std_ms": 0.19712848006747663,
        "p10_ms": 11.637382034678012,
        "p90_ms": 12.031638994812965,
        "min_ms": 11.637382034678012,
        "max_ms": 12.031638994812965,
        "ci95_halfwidth_ms": 0.27320613464059135
      }
    },
    "3": {
      "wall": {
        "n": 5,
        "mean_ms": 11.11646619392559,
        "median_ms": 11.001445003785193,
        "trimmed_mean_ms": 11.11646619392559,
        "std_ms": 0.2550482516127745,
        "p10_ms": 10.879371024202555,
        "p90_ms": 11.607900960370898,
        "min_ms": 10.879371024202555,
        "max_ms": 11.607900960370898,
        "ci95_halfwidth_ms": 0.22355964943426457
      },
      "gpu": {
        "n": 5,
        "mean_ms": 14.656377601623536,
        "median_ms": 14.585503578186035,
        "trimmed_mean_ms": 14.656377601623536,
        "std_ms": 0.18771430630362645,
        "p10_ms": 14.482144355773926,
        "p90_ms": 15.000991821289062,
        "min_ms": 14.482144355773926,
        "max_ms": 15.000991821289062,
        "ci95_halfwidth_ms": 0.1645388441036974
      },
      "gap": {
        "n": 5,
        "mean_ms": 3.8525238051079214,
        "median_ms": 3.9209030219353735,
        "trimmed_mean_ms": 3.8525238051079214,
        "std_ms": 0.1646140718300597,
        "p10_ms": 3.5663479939103127,
        "p90_ms": 4.032557015307248,
        "min_ms": 3.5663479939103127,
        "max_ms": 4.032557015307248,
        "ci95_halfwidth_ms": 0.14429059582869827
      }
    },
    "4": {
      "wall": {
        "n": 3,
        "mean_ms": 10.936763021163642,
        "median_ms": 10.89370105182752,
        "trimmed_mean_ms": 10.936763021163642,
        "std_ms": 0.0810726785710636,
        "p10_ms": 10.866269993130118,
        "p90_ms": 11.05031801853329,
        "min_ms": 10.866269993130118,
        "max_ms": 11.05031801853329,
        "ci95_halfwidth_ms": 0.09174237228197804
      },
      "gpu": {
        "n": 3,
        "mean_ms": 14.64514128367106,
        "median_ms": 14.538528442382812,
        "trimmed_mean_ms": 14.64514128367106,
        "std_ms": 0.21515101162981165,
        "p10_ms": 14.451647758483887,
        "p90_ms": 14.945247650146484,
        "min_ms": 14.451647758483887,
        "max_ms": 14.945247650146484,
        "ci95_halfwidth_ms": 0.24346628918254845
      },
      "gap": {
        "n": 3,
        "mean_ms": 11.643932336786142,
        "median_ms": 11.30850799381733,
        "trimmed_mean_ms": 11.643932336786142,
        "std_ms": 0.5152657202314339,
        "p10_ms": 11.25140703516081,
        "p90_ms": 12.371881981380284,
        "min_ms": 11.25140703516081,
        "max_ms": 12.371881981380284,
        "ci95_halfwidth_ms": 0.5830780524684174
      }
    },
    "5": {
      "wall": {
        "n": 15,
        "mean_ms": 10.951454661941776,
        "median_ms": 10.972983960527927,
        "trimmed_mean_ms": 10.951454661941776,
        "std_ms": 0.08486637422868094,
        "p10_ms": 10.863339994102716,
        "p90_ms": 11.045616993214935,
        "min_ms": 10.794116999022663,
        "max_ms": 11.087279010098428,
        "ci95_halfwidth_ms": 0.04294831106131652
      },
      "gpu": {
        "n": 15,
        "mean_ms": 14.642835172017415,
        "median_ms": 14.588319778442383,
        "trimmed_mean_ms": 14.642835172017415,
        "std_ms": 0.18060212991656668,
        "p10_ms": 14.437536239624023,
        "p90_ms": 14.837823867797852,
        "min_ms": 14.382240295410156,
        "max_ms": 15.036319732666016,
        "ci95_halfwidth_ms": 0.09139728808364293
      },
      "gap": {
        "n": 15,
        "mean_ms": 8.049930535101643,
        "median_ms": 11.000655009411275,
        "trimmed_mean_ms": 8.049930535101643,
        "std_ms": 3.813410346244136,
        "p10_ms": 3.764546010643244,
        "p90_ms": 12.14935298776254,
        "min_ms": 3.7254749913699925,
        "max_ms": 12.307499011512846,
        "ci95_halfwidth_ms": 1.9298519023991234
      }
    },
    "6": {
      "wall": {
        "n": 9,
        "mean_ms": 10.970427447723019,
        "median_ms": 10.948423005174845,
        "trimmed_mean_ms": 10.970427447723019,
        "std_ms": 0.08213957680037262,
        "p10_ms": 10.874380997847766,
        "p90_ms": 11.068166990298778,
        "min_ms": 10.859770001843572,
        "max_ms": 11.107089987490326,
        "ci95_halfwidth_ms": 0.05366452350957678
      },
      "gpu": {
        "n": 9,
        "mean_ms": 14.67231994205051,
        "median_ms": 14.63475227355957,
        "trimmed_mean_ms": 14.67231994205051,
        "std_ms": 0.20303472567064154,
        "p10_ms": 14.508383750915527,
        "p90_ms": 14.924768447875977,
        "min_ms": 14.426079750061035,
        "max_ms": 15.093215942382812,
        "ci95_halfwidth_ms": 0.13264935410481912
      },
      "gap": {
        "n": 9,
        "mean_ms": 6.516946557288368,
        "median_ms": 3.9842649712227285,
        "trimmed_mean_ms": 6.516946557288368,
        "std_ms": 3.607121245346992,
        "p10_ms": 3.8854809827171266,
        "p90_ms": 11.769087985157967,
        "min_ms": 3.7767860339954495,
        "max_ms": 11.899992998223752,
        "ci95_halfwidth_ms": 2.3566525469600346
      }
    },
    "7": {
      "wall": {
        "n": 24,
        "mean_ms": 10.972393499590302,
        "median_ms": 10.968459013383836,
        "trimmed_mean_ms": 10.972826183371415,
        "std_ms": 0.06964843188887208,
        "p10_ms": 10.86133997887373,
        "p90_ms": 11.056957999244332,
        "min_ms": 10.832558968104422,
        "max_ms": 11.102708987891674,
        "ci95_halfwidth_ms": 0.027865176187078417
      },
      "gpu": {
        "n": 24,