{
  "served_k": 4,
  "warmup_skip": 128,
  "m_cap": 64,
  "decode_steps_timed": 6000,
  "prefill_steps_excluded": 36,
  "exec_step": {
    "1": {
      "wall": {
        "n": 2391,
        "mean_ms": 11.074366822595533,
        "median_ms": 11.035947012715042,
        "trimmed_mean_ms": 11.04291991115588,
        "std_ms": 0.4390129892029265,
        "p10_ms": 10.880920046474785,
        "p90_ms": 11.226405040360987,
        "min_ms": 10.695142031181604,
        "max_ms": 23.003812006209046,
        "ci95_halfwidth_ms": 0.017597203375733905
      },
      "gpu": {
        "n": 2391,
        "mean_ms": 14.675887891609067,
        "median_ms": 14.634367942810059,
        "trimmed_mean_ms": 14.650581739472612,
        "std_ms": 0.45338533982363577,
        "p10_ms": 14.380288124084473,
        "p90_ms": 14.975359916687012,
        "min_ms": 14.0863676071167,
        "max_ms": 26.610464096069336,
        "ci95_halfwidth_ms": 0.018173298350324902
      },
      "gap": {
        "n": 2391,
        "mean_ms": 8.43866117764459,
        "median_ms": 11.09936903230846,
        "trimmed_mean_ms": 8.40613395406069,
        "std_ms": 4.072722528353349,
        "p10_ms": 3.7262849509716034,
        "p90_ms": 12.107440968975425,
        "min_ms": 2.9904040275141597,
        "max_ms": 40.36512004677206,
        "ci95_halfwidth_ms": 0.1632492167361351
      }
    },
    "2": {
      "wall": {
        "n": 2,
        "mean_ms": 11.481500027002767,
        "median_ms": 11.481500027002767,
        "trimmed_mean_ms": 11.481500027002767,
        "std_ms": 0.09088902152143419,
        "p10_ms": 11.390611005481333,
        "p90_ms": 11.572389048524201,
        "min_ms": 11.390611005481333,
        "max_ms": 11.572389048524201,
        "ci95_halfwidth_ms": 0.1259657571683037
      },
      "gpu": {
        "n": 2,
        "mean_ms": 15.135168075561523,
        "median_ms": 15.135168075561523,
        "trimmed_mean_ms": 15.135168075561523,
        "std_ms": 0.02393627166748047,
        "p10_ms": 15.111231803894043,
        "p90_ms": 15.159104347229004,
        "min_ms": 15.111231803894043,
        "max_ms": 15.159104347229004,
        "ci95_halfwidth_ms": 0.03317398002430178
      },
      "gap": {
        "n": 2,
        "mean_ms": 11.798468505730852,
        "median_ms": 11.798468505730852,
        "trimmed_mean_ms": 11.798468505730852,
        "std_ms": 0.19009850802831352,
        "p10_ms": 11.608369997702539,
        "p90_ms": 11.988567013759166,
        "min_ms": 11.608369997702539,
        "max_ms": 11.988567013759166,
        "ci95_halfwidth_ms": 0.26346309047572103
      }
    },
    "3": {
      "wall": {
        "n": 5,
        "mean_ms": 11.401869601104409,
        "median_ms": 11.40736200613901,
        "trimmed_mean_ms": 11.401869601104409,
        "std_ms": 0.09053408249030032,
        "p10_ms": 11.23897498473525,
        "p90_ms": 11.508575989864767,
        "min_ms": 11.23897498473525,
        "max_ms": 11.508575989864767,
        "ci95_halfwidth_ms": 0.07935662218972289
      },
      "gpu": {
        "n": 5,
        "mean_ms": 14.835814285278321,
        "median_ms": 14.781023979187012,
        "trimmed_mean_ms": 14.835814285278321,
        "std_ms": 0.09062336850847831,
        "p10_ms": 14.746591567993164,
        "p90_ms": 14.953536033630371,
        "min_ms": 14.746591567993164,
        "max_ms": 14.953536033630371,
        "ci95_halfwidth_ms": 0.07943488483530871
      },
      "gap": {
        "n": 5,
        "mean_ms": 5.324456398375332,
        "median_ms": 3.8644400192424655,
        "trimmed_mean_ms": 5.324456398375332,
        "std_ms": 3.067501220528849,
        "p10_ms": 3.696963016409427,
        "p90_ms": 11.457414017058909,
        "min_ms": 3.696963016409427,
        "max_ms": 11.457414017058909,
        "ci95_halfwidth_ms": 2.688783370065103
      }
    },
    "4": {
      "wall": {
        "n": 3,
        "mean_ms": 11.41484898592656,
        "median_ms": 11.456993990577757,
        "trimmed_mean_ms": 11.41484898592656,
        "std_ms": 0.1080497157094348,
        "p10_ms": 11.26657600980252,
        "p90_ms": 11.520976957399398,
        "min_ms": 11.26657600980252,
        "max_ms": 11.520976957399398,
        "ci95_halfwidth_ms": 0.12226976360338124
      },
      "gpu": {
        "n": 3,
        "mean_ms": 14.999626795450846,
        "median_ms": 14.989791870117188,
        "trimmed_mean_ms": 14.999626795450846,
        "std_ms": 0.1597145689869983,
        "p10_ms": 14.809120178222656,
        "p90_ms": 15.199968338012695,
        "min_ms": 14.809120178222656,
        "max_ms": 15.199968338012695,
        "ci95_halfwidth_ms": 0.18073404882037108
      },
      "gap": {
        "n": 3,
        "mean_ms": 9.109710343182087,
        "median_ms": 11.305098014418036,
        "trimmed_mean_ms": 9.109710343182087,
        "std_ms": 3.868902030052088,
        "p10_ms": 3.671762009616941,
        "p90_ms": 12.352271005511284,
        "min_ms": 3.671762009616941,
        "max_ms": 12.352271005511284,
        "ci95_halfwidth_ms": 4.378074791896971
      }
    },
    "5": {
      "wall": {
        "n": 3599,
        "mean_ms": 1.8282416934077867,
        "median_ms": 1.8128649680875242,
        "trimmed_mean_ms": 1.826034517173846,
        "std_ms": 0.06012130820753756,
        "p10_ms": 1.7619930440559983,
        "p90_ms": 1.8998180166818202,
        "min_ms": 1.6741689760237932,
        "max_ms": 2.3217570269480348,
        "ci95_halfwidth_ms": 0.001964235564222396
      },
      "gpu": {
        "n": 3599,
        "mean_ms": 13.134611460194716,
        "median_ms": 13.13974380493164,
        "trimmed_mean_ms": 13.136736520533574,
        "std_ms": 0.4176283503198371,
        "p10_ms": 12.5664644241333,
        "p90_ms": 13.747072219848633,
        "min_ms": 12.123392105102539,
        "max_ms": 14.218367576599121,
        "ci95_halfwidth_ms": 0.013644421300581548
      },
      "gap": {
        "n": 3599,
        "mean_ms": 8.691544128073005,
        "median_ms": 11.235795042011887,
        "trimmed_mean_ms": 8.756386662968595,
        "std_ms": 3.8030673740855323,
        "p10_ms": 3.7809759960509837,
        "p90_ms": 12.135011958889663,
        "min_ms": 3.3721289946697652,
        "max_ms": 19.75051697809249,
        "ci95_halfwidth_ms": 0.1242507924732106
      }
    }
  },
  "head_gemm": {
    "1": {
      "n": 2472,
      "mean_ms": 2.79019828965363,
      "median_ms": 2.7904000282287598,
      "trimmed_mean_ms": 2.7898562828485534,
      "std_ms": 0.008241692621587348,
      "p10_ms": 2.787328004837036,
      "p90_ms": 2.792448043823242,
      "min_ms": 2.7842559814453125,
      "max_ms": 3.1139841079711914,
      "ci95_halfwidth_ms": 0.0003248989077947522
    },
    "2": {
      "n": 3,
      "mean_ms": 2.789034684499105,
      "median_ms": 2.7883520126342773,
      "trimmed_mean_ms": 2.789034684499105,
      "std_ms": 0.0009654438098895459,
      "p10_ms": 2.7883520126342773,
      "p90_ms": 2.7904000282287598,
      "min_ms": 2.7883520126342773,
      "max_ms": 2.7904000282287598,
      "ci95_halfwidth_ms": 0.001092502517313287
    },
    "3": {
      "n": 5,
      "mean_ms": 2.795724868774414,
      "median_ms": 2.795520067214966,
      "trimmed_mean_ms": 2.795724868774414,
      "std_ms": 0.0016384124755859375,
      "p10_ms": 2.7934720516204834,
      "p90_ms": 2.7985920906066895,
      "min_ms": 2.7934720516204834,
      "max_ms": 2.7985920906066895,
      "ci95_halfwidth_ms": 0.0014361318548727971
    },
    "4": {
      "n": 3,
      "mean_ms": 2.800640026728312,
      "median_ms": 2.7996160984039307,
      "trimmed_mean_ms": 2.800640026728312,
      "std_ms": 0.0014480533232382898,
      "p10_ms": 2.7996160984039307,
      "p90_ms": 2.802687883377075,
      "min_ms": 2.7996160984039307,
      "max_ms": 2.802687883377075,
      "ci95_halfwidth_ms": 0.0016386265929062152
    },
    "5": {
      "n": 3673,
      "mean_ms": 2.8094265961432825,
      "median_ms": 2.8098559379577637,
      "trimmed_mean_ms": 2.8094177852413753,