{
  "served_k": 7,
  "warmup_skip": 128,
  "m_cap": 64,
  "decode_steps_timed": 2000,
  "prefill_steps_excluded": 35,
  "exec_step": {
    "8": {
      "wall": {
        "n": 2000,
        "mean_ms": 11.494192390382523,
        "median_ms": 11.627421015873551,
        "trimmed_mean_ms": 11.627658060266791,
        "std_ms": 1.202437170369757,
        "p10_ms": 11.057042982429266,
        "p90_ms": 12.272967025637627,
        "min_ms": 2.278004016261548,
        "max_ms": 12.511437002103776,
        "ci95_halfwidth_ms": 0.05269913253173773
      },
      "gpu": {
        "n": 2000,
        "mean_ms": 11.739636724472046,
        "median_ms": 11.724800109863281,
        "trimmed_mean_ms": 11.740686208407084,
        "std_ms": 0.4212495472399106,
        "p10_ms": 11.212800025939941,
        "p90_ms": 12.380160331726074,
        "min_ms": 10.702848434448242,
        "max_ms": 12.609536170959473,
        "ci95_halfwidth_ms": 0.0184620754131412
      },
      "gap": {
        "n": 2000,
        "mean_ms": 2.635331131168641,
        "median_ms": 2.414702466921881,
        "trimmed_mean_ms": 2.4260534260409057,
        "std_ms": 2.426155052152792,
        "p10_ms": 2.0386140095070004,
        "p90_ms": 2.8841790044680238,
        "min_ms": 0.9778709500096738,
        "max_ms": 52.11879400303587,
        "ci95_halfwidth_ms": 0.10633093336313651
      }
    }
  },
  "head_gemm": {
    "1": {
      "n": 37,
      "mean_ms": 3.10413147307731,
      "median_ms": 2.801664113998413,
      "trimmed_mean_ms": 2.8033901963915144,
      "std_ms": 1.8066666810464396,
      "p10_ms": 2.7975680828094482,
      "p90_ms": 2.805759906768799,
      "min_ms": 2.7904000282287598,
      "max_ms": 13.943807601928711,
      "ci95_halfwidth_ms": 0.5821477786142366
    },
    "8": {
      "n": 2115,
      "mean_ms": 2.8389544843218286,
      "median_ms": 2.8385279178619385,
      "trimmed_mean_ms": 2.838943988319457,
      "std_ms": 0.002144028024198702,
      "p10_ms": 2.836479902267456,
      "p90_ms": 2.841599941253662,
      "min_ms": 2.8323841094970703,
      "max_ms": 2.845695972442627,
      "ci95_halfwidth_ms": 9.137583174707705e-05
    }
  },
  "m_logits_hist": {
    "1": 37,
    "8": 2117
  },
  "draft_hist": {
    "7": 2117
  },
  "pid": 1378361
}