{
  "served_k": 2,
  "warmup_skip": 128,
  "m_cap": 64,
  "decode_steps_timed": 6200,
  "prefill_steps_excluded": 36,
  "exec_step": {
    "1": {
      "wall": {
        "n": 2341,
        "mean_ms": 10.977531663212362,
        "median_ms": 10.94056200236082,
        "trimmed_mean_ms": 10.950703383141605,
        "std_ms": 0.380231788733437,
        "p10_ms": 10.819318005815148,
        "p90_ms": 11.114360007923096,
        "min_ms": 10.411921015474945,
        "max_ms": 22.093784005846828,
        "ci95_halfwidth_ms": 0.015402945796475226
      },
      "gpu": {
        "n": 2341,
        "mean_ms": 14.55550653473122,
        "median_ms": 14.517919540405273,
        "trimmed_mean_ms": 14.53502862058548,
        "std_ms": 0.40829159150155897,
        "p10_ms": 14.244319915771484,
        "p90_ms": 14.874752044677734,
        "min_ms": 13.966815948486328,
        "max_ms": 25.375232696533203,
        "ci95_halfwidth_ms": 0.016539630402822452
      },
      "gap": {
        "n": 2341,
        "mean_ms": 8.364273814269847,
        "median_ms": 11.01113500772044,
        "trimmed_mean_ms": 8.310721157546105,
        "std_ms": 4.105217059758895,
        "p10_ms": 3.704283037222922,
        "p90_ms": 12.033806997351348,
        "min_ms": 2.8530479758046567,
        "max_ms": 46.63114802679047,
        "ci95_halfwidth_ms": 0.16629970909286865
      }
    },
    "2": {
      "wall": {
        "n": 4,
        "mean_ms": 11.344364247634076,
        "median_ms": 11.34138400084339,
        "trimmed_mean_ms": 11.344364247634076,
        "std_ms": 0.07146375880728648,
        "p10_ms": 11.248235998209566,
        "p90_ms": 11.446452990639955,
        "min_ms": 11.248235998209566,
        "max_ms": 11.446452990639955,
        "ci95_halfwidth_ms": 0.07003448363114075
      },
      "gpu": {
        "n": 4,
        "mean_ms": 15.008311986923218,
        "median_ms": 15.027168273925781,
        "trimmed_mean_ms": 15.008311986923218,
        "std_ms": 0.06439104695308581,
        "p10_ms": 14.903167724609375,
        "p90_ms": 15.075743675231934,
        "min_ms": 14.903167724609375,
        "max_ms": 15.075743675231934,
        "ci95_halfwidth_ms": 0.0631032260140241
      },
      "gap": {
        "n": 4,
        "mean_ms": 11.700959003064781,
        "median_ms": 11.674433015286922,
        "trimmed_mean_ms": 11.700959003064781,
        "std_ms": 0.16381807799493325,
        "p10_ms": 11.53756701387465,
        "p90_ms": 11.91740296781063,
        "min_ms": 11.53756701387465,
        "max_ms": 11.91740296781063,
        "ci95_halfwidth_ms": 0.1605417164350346
      }
    },
    "3": {
      "wall": {
        "n": 3855,
        "mean_ms": 1.7769142354043725,
        "median_ms": 1.7587330075912178,
        "trimmed_mean_ms": 1.7722791745479012,
        "std_ms": 0.11070417914839117,
        "p10_ms": 1.7151210340671241,
        "p90_ms": 1.8442269647493958,
        "min_ms": 1.6534079913981259,
        "max_ms": 7.56512297084555,
        "ci95_halfwidth_ms": 0.00349468387609247
      },
      "gpu": {
        "n": 3855,
        "mean_ms": 13.003946055698023,
        "median_ms": 13.004128456115723,
        "trimmed_mean_ms": 13.00651886373183,
        "std_ms": 0.4245610604000802,
        "p10_ms": 12.424032211303711,
        "p90_ms": 13.621439933776855,
        "min_ms": 11.931520462036133,
        "max_ms": 13.918368339538574,
        "ci95_halfwidth_ms": 0.013402445179671825
      },
      "gap": {
        "n": 3855,
        "mean_ms": 8.894388980187486,
        "median_ms": 11.252716009039432,
        "trimmed_mean_ms": 8.990075388519875,
        "std_ms": 3.6968246981510444,
        "p10_ms": 3.762856009416282,
        "p90_ms": 12.05724896863103,
        "min_ms": 3.208982991054654,
        "max_ms": 19.597470003645867,
        "ci95_halfwidth_ms": 0.11670050548002837
      }
    }
  },
  "head_gemm": {
    "1": {
      "n": 2420,
      "mean_ms": 2.7880134948029007,
      "median_ms": 2.787328004837036,
      "trimmed_mean_ms": 2.7875795402693244,
      "std_ms": 0.008343971069057052,
      "p10_ms": 2.7852799892425537,
      "p90_ms": 2.7893760204315186,
      "min_ms": 2.7832319736480713,
      "max_ms": 3.142656087875366,
      "ci95_halfwidth_ms": 0.00033244605058998356
    },
    "2": {
      "n": 4,
      "mean_ms": 2.7865599989891052,
      "median_ms": 2.787328004837036,
      "trimmed_mean_ms": 2.7865599989891052,
      "std_ms": 0.00133022514912635,
      "p10_ms": 2.7842559814453125,
      "p90_ms": 2.787328004837036,
      "min_ms": 2.7842559814453125,
      "max_ms": 2.787328004837036,
      "ci95_halfwidth_ms": 0.0013036206461438228
    },
    "3": {
      "n": 3932,
      "mean_ms": 2.794589553032135,
      "median_ms": 2.7944960594177246,
      "trimmed_mean_ms": 2.7945359783657526,
      "std_ms": 0.003501476655767167,
      "p10_ms": 2.792448043823242,
      "p90_ms": 2.796544075012207,
      "min_ms": 2.787328004837036,
      "max_ms": 2.9665279388427734,
      "ci95_halfwidth_ms": 0.00010944616590120247
    }
  },
  "m_logits_hist": {
    "1": 2422,
    "2": 4,
    "3": 3932
  },
  "draft_hist": {
    "0": 2384,
    "1": 4,
    "2": 3932
  },
  "pid": 1365404
}