{
  "served_k": 0,
  "warmup_skip": 128,
  "m_cap": 64,
  "decode_steps_timed": 8000,
  "prefill_steps_excluded": 36,
  "exec_step": {
    "1": {
      "wall": {
        "n": 8000,
        "mean_ms": 1.5015829904950806,
        "median_ms": 1.486505992943421,
        "trimmed_mean_ms": 1.4933791962216167,
        "std_ms": 0.06643331120045612,
        "p10_ms": 1.456691010389477,
        "p90_ms": 1.5497440472245216,
        "min_ms": 1.4333390281535685,
        "max_ms": 2.554244943894446,
        "ci95_halfwidth_ms": 0.0014557841181832567
      },
      "gpu": {
        "n": 8000,
        "mean_ms": 11.494940561056136,
        "median_ms": 11.510784149169922,
        "trimmed_mean_ms": 11.496036290062799,
        "std_ms": 0.42717190699679297,
        "p10_ms": 10.877951622009277,
        "p90_ms": 12.149760246276855,
        "min_ms": 10.485759735107422,
        "max_ms": 13.37343978881836,
        "ci95_halfwidth_ms": 0.009360817136805862
      },
      "gap": {
        "n": 8000,
        "mean_ms": 9.986957643377536,
        "median_ms": 10.005008982261643,
        "trimmed_mean_ms": 10.008203990065441,
        "std_ms": 1.2722562225891498,
        "p10_ms": 9.422449977137148,
        "p90_ms": 10.668822971638292,
        "min_ms": 0.3771359915845096,
        "max_ms": 45.1228609890677,
        "ci95_halfwidth_ms": 0.027879543705363136
      }
    }
  },
  "head_gemm": {
    "1": {
      "n": 8152,
      "mean_ms": 2.7894462357851895,
      "median_ms": 2.7893760204315186,
      "trimmed_mean_ms": 2.788997983211196,
      "std_ms": 0.029603427842084574,
      "p10_ms": 2.787328004837036,
      "p90_ms": 2.791424036026001,
      "min_ms": 2.7842559814453125,
      "max_ms": 5.4476799964904785,
      "ci95_halfwidth_ms": 0.0006426373863939832
    }
  },
  "m_logits_hist": {
    "1": 8155
  },
  "draft_hist": {
    "0": 8117
  },
  "pid": 1360331
}