{
  "served_k": 1,
  "warmup_skip": 128,
  "m_cap": 64,
  "decode_steps_timed": 6800,
  "prefill_steps_excluded": 36,
  "exec_step": {
    "1": {
      "wall": {
        "n": 2364,
        "mean_ms": 10.892097886360027,
        "median_ms": 10.896791005507112,
        "trimmed_mean_ms": 10.87476993687,
        "std_ms": 0.43421170369661893,
        "p10_ms": 10.510015010368079,
        "p90_ms": 11.125011020340025,
        "min_ms": 10.293586004991084,
        "max_ms": 23.576055013109,
        "ci95_halfwidth_ms": 0.0175038611840667
      },
      "gpu": {
        "n": 2364,
        "mean_ms": 14.488240497366426,
        "median_ms": 14.455103874206543,
        "trimmed_mean_ms": 14.470343048411204,
        "std_ms": 0.42895692630474785,
        "p10_ms": 14.16214370727539,
        "p90_ms": 14.822688102722168,
        "min_ms": 13.78444766998291,
        "max_ms": 27.06822395324707,
        "ci95_halfwidth_ms": 0.01729203157828355
      },
      "gap": {
        "n": 2364,
        "mean_ms": 8.377079526415526,
        "median_ms": 10.983744985423982,
        "trimmed_mean_ms": 8.331505970918238,
        "std_ms": 4.080019393154244,
        "p10_ms": 3.709062992129475,
        "p90_ms": 12.000637012533844,
        "min_ms": 2.9926339630037546,
        "max_ms": 46.73239303519949,
        "ci95_halfwidth_ms": 0.16447298052557774
      }
    },
    "2": {
      "wall": {
        "n": 4436,
        "mean_ms": 1.7599879596824317,
        "median_ms": 1.7444225086364895,
        "trimmed_mean_ms": 1.7560451959505115,
        "std_ms": 0.07312418105993856,
        "p10_ms": 1.6829600208438933,
        "p90_ms": 1.8557669827714562,
        "min_ms": 1.6237469972111285,
        "max_ms": 3.061016963329166,
        "ci95_halfwidth_ms": 0.00215189619651563
      },
      "gpu": {
        "n": 4436,
        "mean_ms": 12.95932545739321,
        "median_ms": 12.954607963562012,
        "trimmed_mean_ms": 12.9620523892108,
        "std_ms": 0.42041941805556093,
        "p10_ms": 12.390399932861328,
        "p90_ms": 13.570079803466797,
        "min_ms": 11.874815940856934,
        "max_ms": 13.874591827392578,
        "ci95_halfwidth_ms": 0.012372089964515444
      },
      "gap": {
        "n": 4436,
        "mean_ms": 9.210531905527976,
        "median_ms": 11.256605997914448,
        "trimmed_mean_ms": 9.338413013214,
        "std_ms": 3.560686457319385,
        "p10_ms": 3.799227997660637,
        "p90_ms": 12.11980200605467,
        "min_ms": 3.3027870231308043,
        "max_ms": 21.08470199164003,
        "ci95_halfwidth_ms": 0.1047837737589117
      }
    }
  },
  "head_gemm": {
    "1": {
      "n": 2439,
      "mean_ms": 2.7907564669370943,
      "median_ms": 2.7893760204315186,
      "trimmed_mean_ms": 2.7891597529677408,
      "std_ms": 0.05540572397898985,
      "p10_ms": 2.787328004837036,
      "p90_ms": 2.791424036026001,
      "min_ms": 2.7852799892425537,
      "max_ms": 5.505023956298828,
      "ci95_halfwidth_ms": 0.0021988965876358823
    },
    "2": {
      "n": 4517,
      "mean_ms": 2.787852137231816,
      "median_ms": 2.787328004837036,
      "trimmed_mean_ms": 2.787832077522081,
      "std_ms": 0.0022497410074726874,
      "p10_ms": 2.7852799892425537,
      "p90_ms": 2.7904000282287598,
      "min_ms": 2.781183958053589,
      "max_ms": 2.7944960594177246,
      "ci95_halfwidth_ms": 6.560901998034866e-05
    }
  },
  "m_logits_hist": {
    "1": 2440,
    "2": 4518
  },
  "draft_hist": {
    "0": 2402,
    "1": 4518
  },
  "pid": 1362582
}