{
  "served_k": 8,
  "warmup_skip": 128,
  "m_cap": 64,
  "decode_steps_timed": 5800,
  "prefill_steps_excluded": 36,
  "exec_step": {
    "1": {
      "wall": {
        "n": 2341,
        "mean_ms": 10.948686893795255,
        "median_ms": 10.870410013012588,
        "trimmed_mean_ms": 10.886217960635864,
        "std_ms": 0.4474327921942725,
        "p10_ms": 10.74257300933823,
        "p90_ms": 11.076619965024292,
        "min_ms": 10.606778028886765,
        "max_ms": 17.699168995022774,
        "ci95_halfwidth_ms": 0.018125215329025147
      },
      "gpu": {
        "n": 2341,
        "mean_ms": 14.675938536600393,
        "median_ms": 14.612735748291016,
        "trimmed_mean_ms": 14.632958471463878,
        "std_ms": 0.43467634289395585,
        "p10_ms": 14.32975959777832,
        "p90_ms": 14.989248275756836,
        "min_ms": 14.099871635437012,
        "max_ms": 20.80259132385254,
        "ci95_halfwidth_ms": 0.017608459752689026
      },
      "gap": {
        "n": 2341,
        "mean_ms": 8.616327995122901,
        "median_ms": 11.351182009093463,
        "trimmed_mean_ms": 8.566590865266628,
        "std_ms": 4.1865247967546,
        "p10_ms": 3.854311944451183,
        "p90_ms": 12.368034978862852,
        "min_ms": 2.984293969348073,
        "max_ms": 44.8205919819884,
        "ci95_halfwidth_ms": 0.16959343334972424
      }
    },
    "2": {
      "wall": {
        "n": 2,
        "mean_ms": 11.89922250341624,
        "median_ms": 11.89922250341624,
        "trimmed_mean_ms": 11.89922250341624,
        "std_ms": 0.5099624977447093,
        "p10_ms": 11.389260005671531,
        "p90_ms": 12.40918500116095,
        "min_ms": 11.389260005671531,
        "max_ms": 12.40918500116095,
        "ci95_halfwidth_ms": 0.7067719629999821
      },
      "gpu": {
        "n": 2,
        "mean_ms": 15.602832317352295,
        "median_ms": 15.602832317352295,
        "trimmed_mean_ms": 15.602832317352295,
        "std_ms": 0.36939191818237305,
        "p10_ms": 15.233440399169922,
        "p90_ms": 15.972224235534668,
        "min_ms": 15.233440399169922,
        "max_ms": 15.972224235534668,
        "ci95_halfwidth_ms": 0.511951079314034
      },
      "gap": {
        "n": 2,
        "mean_ms": 9.90792497759685,
        "median_ms": 9.90792497759685,
        "trimmed_mean_ms": 9.90792497759685,
        "std_ms": 2.3423300008289516,
        "p10_ms": 7.565594976767898,
        "p90_ms": 12.2502549784258,
        "min_ms": 7.565594976767898,
        "max_ms": 12.2502549784258,
        "ci95_halfwidth_ms": 3.246303757631172
      }
    },
    "3": {
      "wall": {
        "n": 5,
        "mean_ms": 12.24877939093858,
        "median_ms": 11.188894975930452,
        "trimmed_mean_ms": 12.24877939093858,
        "std_ms": 2.118576014639551,
        "p10_ms": 11.097569018602371,
        "p90_ms": 16.48332498734817,
        "min_ms": 11.097569018602371,
        "max_ms": 16.48332498734817,
        "ci95_halfwidth_ms": 1.857013753819973
      },
      "gpu": {
        "n": 5,
        "mean_ms": 15.6438720703125,
        "median_ms": 14.816415786743164,
        "trimmed_mean_ms": 15.6438720703125,
        "std_ms": 1.704388808139403,
        "p10_ms": 14.6746244430542,
        "p90_ms": 19.049535751342773,
        "min_ms": 14.6746244430542,
        "max_ms": 19.049535751342773,
        "ci95_halfwidth_ms": 1.4939626601551044
      },
      "gap": {
        "n": 5,
        "mean_ms": 5.449950415641069,
        "median_ms": 3.856579016428441,
        "trimmed_mean_ms": 5.449950415641069,
        "std_ms": 3.146120580586214,
        "p10_ms": 3.8327790098264813,
        "p90_ms": 11.741476017050445,
        "min_ms": 3.8327790098264813,
        "max_ms": 11.741476017050445,
        "ci95_halfwidth_ms": 2.7576962775719367
      }
    },
    "4": {
      "wall": {
        "n": 3,
        "mean_ms": 11.179222686526677,
        "median_ms": 11.189651035238057,
        "trimmed_mean_ms": 11.179222686526677,
        "std_ms": 0.020537129374657234,
        "p10_ms": 11.150533042382449,
        "p90_ms": 11.197483981959522,
        "min_ms": 11.150533042382449,
        "max_ms": 11.197483981959522,
        "ci95_halfwidth_ms": 0.023239949658767425
      },
      "gpu": {
        "n": 3,
        "mean_ms": 14.892597198486328,
        "median_ms": 14.757984161376953,
        "trimmed_mean_ms": 14.892597198486328,
        "std_ms": 0.24544972826747935,
        "p10_ms": 14.682815551757812,
        "p90_ms": 15.236991882324219,
        "min_ms": 14.682815551757812,
        "max_ms": 15.236991882324219,
        "ci95_halfwidth_ms": 0.2777525147079894
      },
      "gap": {
        "n": 3,
        "mean_ms": 9.337754318645844,
        "median_ms": 11.538765975274146,
        "trimmed_mean_ms": 9.337754318645844,
        "std_ms": 3.8933815130244276,
        "p10_ms": 3.8664030143991113,
        "p90_ms": 12.608093966264278,
        "min_ms": 3.8664030143991113,
        "max_ms": 12.608093966264278,
        "ci95_halfwidth_ms": 4.405775934621029
      }
    },
    "5": {
      "wall": {
        "n": 12,
        "mean_ms": 11.138329675304703,
        "median_ms": 11.123656964628026,
        "trimmed_mean_ms": 11.138329675304703,
        "std_ms": 0.08646346134821949,
        "p10_ms": 11.053126014303416,
        "p90_ms": 11.223136039916426,
        "min_ms": 11.037587013561279,
        "max_ms": 11.373582994565368,
        "ci95_halfwidth_ms": 0.0489213086307721
      },
      "gpu": {
        "n": 12,
        "mean_ms": 14.848575989405314,
        "median_ms": 14.861728191375732,
        "trimmed_mean_ms": 14.848575989405314,
        "std_ms": 0.200885491538555,
        "p10_ms": 14.556415557861328,
        "p90_ms": 15.069567680358887,
        "min_ms": 14.534879684448242,
        "max_ms": 15.182880401611328,
        "ci95_halfwidth_ms": 0.11366166676375353
      },
      "gap": {
        "n": 12,
        "mean_ms": 7.249392074299976,
        "median_ms": 4.2708024848252535,
        "trimmed_mean_ms": 7.249392074299976,
        "std_ms": 3.80980237818419,
        "p10_ms": 3.854941052850336,
        "p90_ms": 11.988807993475348,
        "min_ms": 3.799097961746156,
        "max_ms": 12.399324972648174,
        "ci95_halfwidth_ms": 2.15559862003184
      }
    },
    "6": {
      "wall": {
        "n": 8,
        "mean_ms": 11.223198125662748,
        "median_ms": 11.22580052469857,
        "trimmed_mean_ms": 11.223198125662748,
        "std_ms": 0.10066017706885962,
        "p10_ms": 11.123652977403253,
        "p90_ms": 11.303389968816191,
        "min_ms": 11.064969992730767,
        "max_ms": 11.386291997041553,
        "ci95_halfwidth_ms": 0.06975394392481266
      },
      "gpu": {
        "n": 8,
        "mean_ms": 14.966644048690796,
        "median_ms": 14.984560012817383,
        "trimmed_mean_ms": 14.966644048690796,
        "std_ms": 0.2200811632845927,
        "p10_ms": 14.712479591369629,
        "p90_ms": 15.183487892150879,
        "min_ms": 14.649920463562012,
        "max_ms": 15.319744110107422,
        "ci95_halfwidth_ms": 0.15250846531056014
      },
      "gap": {
        "n": 8,
        "mean_ms": 7.90924175089458,
        "median_ms": 7.908816507551819,
        "trimmed_mean_ms": 7.90924175089458,
        "std_ms": 3.920895362888345,
        "p10_ms": 3.859780030325055,
        "p90_ms": 12.105634028557688,
        "min_ms": 3.771856951061636,
        "max_ms": 12.253799999598414,
        "ci95_halfwidth_ms": 2.7170418654328126
      }
    },
    "7": {
      "wall": {
        "n": 30,
        "mean_ms": 11.201584092729414,
        "median_ms": 11.149981000926346,
        "trimmed_mean_ms": 11.162190565041133,
        "std_ms": 0.2581687515782009,
        "p10_ms": 11.0524189658463,
        "p90_ms": 11.276107979938388,
        "min_ms": 10.998877987731248,
        "max_ms": 12.507308972999454,
        "ci95_halfwidth_ms": 0.09238450126978769
      },
      "gpu": {
        "n": 30,
        "mean_ms": 14.984640979766846,