{
  "device": "NVIDIA A10G",
  "hidden": 2560,
  "vocab": 262144,
  "head_bytes": 1342177280,
  "per_M": {
    "1": {
      "head_gemm_ms": 2.7783270263671875,
      "achieved_read_gbps": 483.08829999576005
    },
    "8": {
      "head_gemm_ms": 2.8000103759765627,
      "achieved_read_gbps": 479.3472522514805
    }
  },
  "read_floor_ms": 2.2369621333333334
}