{
  "summary": {
    "kind": "synthetic",
    "M": 200000,
    "n_cases": 5,
    "mean_tv_deployed_vs_p": 0.00397880664467175,
    "max_tv_deployed_vs_p": 0.014323722679115344,
    "mean_tv_iid_noise_floor": 0.0037916828163492206,
    "mean_kl_p_given_deployed": 0.0001603730667844501,
    "max_kl_p_given_deployed": 0.0006496635849875382
  },
  "cases": [
    {
      "label": "confident_mcq",
      "vocab": 4,
      "M": 200000,
      "p_max": 0.9700000286102295,
      "p_entropy_nats": 0.16056768193184034,
      "greedy_draft": {
        "tv_deployed_vs_p": 0.00018998584948481728,
        "tv_iid_noise_floor": 0.00030501464970409406,
        "kl_p_given_deployed": 5.0176355208459734e-06,
        "kl_p_given_iid": 5.108051008718522e-06,
        "accept_rate_top": 0.97006
      },
      "adv_draft": {
        "tv_deployed_vs_p": 0.0007200146497040711,
        "tv_iid_noise_floor": 0.00030501464970409406,
        "kl_p_given_deployed": 1.4701070207864405e-05,
        "kl_p_given_iid": 5.108051008718522e-06,
        "accept_rate_top": 0.96947
      }
    },
    {
      "label": "two_way_60_40",
      "vocab": 2,
      "M": 200000,
      "p_max": 0.6000000238418579,
      "p_entropy_nats": 0.6730116548474838,
      "greedy_draft": {
        "tv_deployed_vs_p": 0.00014999105930327272,
        "tv_iid_noise_floor": 0.00015499105930327772,
        "kl_p_given_deployed": 7.667750770819692e-08,
        "kl_p_given_iid": 7.985487093662346e-08,
        "accept_rate_top": 0.60015
      },
      "adv_draft": {
        "tv_deployed_vs_p": 0.0005050089406967162,
        "tv_iid_noise_floor": 0.00015499105930327772,
        "kl_p_given_deployed": 5.609682306818636e-07,
        "kl_p_given_iid": 7.985487093662346e-08,
        "accept_rate_top": 0.599495
      }
    },
    {
      "label": "graded_4way",
      "vocab": 4,
      "M": 200000,
      "p_max": 0.44999998807907104,
      "p_entropy_nats": 1.23534682374984,
      "greedy_draft": {
        "tv_deployed_vs_p": 0.0005299858438968727,
        "tv_iid_noise_floor": 0.0010849858438968726,
        "kl_p_given_deployed": 1.2224528855265485e-06,
        "kl_p_given_iid": 5.135216453209493e-06,
        "accept_rate_top": 0.44965
      },
      "adv_draft": {
        "tv_deployed_vs_p": 0.001774984353780741,
        "tv_iid_noise_floor": 0.0010849858438968726,
        "kl_p_given_deployed": 8.622989932335228e-06,
        "kl_p_given_iid": 5.135216453209493e-06,
        "accept_rate_top": 0.448225
      }
    },
    {
      "label": "powerlaw_v64",
      "vocab": 64,
      "M": 200000,
      "p_max": 0.4231285274600356,
      "p_entropy_nats": 2.381163131750088,
      "greedy_draft": {
        "tv_deployed_vs_p": 0.004061563808165854,
        "tv_iid_noise_floor": 0.004658716592936729,
        "kl_p_given_deployed": 0.00015729444566229276,
        "kl_p_given_iid": 0.0001678796427322757,
        "accept_rate_top": 0.423415
      },
      "adv_draft": {
        "tv_deployed_vs_p": 0.003806485291658407,
        "tv_iid_noise_floor": 0.004658716592936729,
        "kl_p_given_deployed": 0.00014797130343979258,
        "kl_p_given_iid": 0.0001678796427322757,
        "accept_rate_top": 0.423385
      }
    },
    {
      "label": "broad_v256",
      "vocab": 256,
      "M": 200000,
      "p_max": 0.018966931066967424,
      "p_entropy_nats": 5.429804112852432,
      "greedy_draft": {
        "tv_deployed_vs_p": 0.013726323970911402,
        "tv_iid_noise_floor": 0.012754705935905131,
        "kl_p_given_deployed": 0.0006185995394699151,
        "kl_p_given_iid": 0.0005437102796859585,
        "accept_rate_top": 0.019205
      },
      "adv_draft": {
        "tv_deployed_vs_p": 0.014323722679115344,
        "tv_iid_noise_floor": 0.012754705935905131,
        "kl_p_given_deployed": 0.0006496635849875382,
        "kl_p_given_iid": 0.0005437102796859585,
        "accept_rate_top": 0.019205
      }
    }
  ]
}