{
  "schema": "bi0_k_sweep_summary/v2",
  "reference_K": 0,
  "reference_fingerprint": "ea3d9910123abbf847f74dfe223f51a5ce945096e0ff6cbdb678a05a34a02335",
  "ppl_bar": 2.42,
  "ks": [
    0,
    2,
    4,
    6,
    8
  ],
  "rows": [
    {
      "K": 0,
      "wall_tps_median": 83.6993063822387,
      "wall_tps_cv_pct": 0.16917550554817404,
      "wall_tps_n": 3,
      "e_accept_exact_mean": null,
      "draft_acceptance_rate_mean": null,
      "prom_E_T": null,
      "prom_populated": false,
      "ppl": 2.0055160306938853,
      "ppl_within_bar": true,
      "greedy_identical_to_ref": true,
      "intra_k_identical": false,
      "first_divergence": null,
      "peak_gpu_mem_mib": 19307,
      "tier": "strict-safe"
    },
    {
      "K": 2,
      "wall_tps_median": 175.52469182136343,
      "wall_tps_cv_pct": 0.33316115287372605,
      "wall_tps_n": 3,
      "e_accept_exact_mean": 2.3139500377746693,
      "draft_acceptance_rate_mean": 0.6569750188873348,
      "prom_E_T": 2.315402104868387,
      "prom_populated": true,
      "ppl": 2.0055160306938853,
      "ppl_within_bar": true,
      "greedy_identical_to_ref": false,
      "intra_k_identical": false,
      "first_divergence": {
        "index": 0,
        "reference_completion_sha256": "38c64f971413f7f83ea32994106e7fb98ca116a066b209cbcde8bc83dec8fb9a",
        "candidate_completion_sha256": "2a3aef2c5bfcbf13c2b79caed099ba15fa786e66275a0a943aee29f7c9b05580"
      },
      "peak_gpu_mem_mib": 19675,
      "tier": "candidate"
    },
    {
      "K": 4,
      "wall_tps_median": 211.03967214663587,
      "wall_tps_cv_pct": 0.6520388640459416,
      "wall_tps_n": 3,
      "e_accept_exact_mean": 2.98858652293744,
      "draft_acceptance_rate_mean": 0.49714663073436,
      "prom_E_T": 2.9902667573490516,
      "prom_populated": true,
      "ppl": 2.0056557074968437,
      "ppl_within_bar": true,
      "greedy_identical_to_ref": false,
      "intra_k_identical": false,
      "first_divergence": {
        "index": 0,
        "reference_completion_sha256": "38c64f971413f7f83ea32994106e7fb98ca116a066b209cbcde8bc83dec8fb9a",
        "candidate_completion_sha256": "2a3aef2c5bfcbf13c2b79caed099ba15fa786e66275a0a943aee29f7c9b05580"
      },
      "peak_gpu_mem_mib": 19673,
      "tier": "candidate"
    },
    {
      "K": 6,
      "wall_tps_median": 220.4717676208399,
      "wall_tps_cv_pct": 0.5145521769146485,
      "wall_tps_n": 3,
      "e_accept_exact_mean": 3.3437825920220567,
      "draft_acceptance_rate_mean": 0.39063043200367614,
      "prom_E_T": 3.346985018093273,
      "prom_populated": true,
      "ppl": 2.0056557074968437,
      "ppl_within_bar": true,
      "greedy_identical_to_ref": false,
      "intra_k_identical": false,
      "first_divergence": {
        "index": 0,
        "reference_completion_sha256": "38c64f971413f7f83ea32994106e7fb98ca116a066b209cbcde8bc83dec8fb9a",
        "candidate_completion_sha256": "86adc997ba2577243e0fa1bf77ca08d4f88cfda00c901e9bbe5e9667f547c4bb"
      },
      "peak_gpu_mem_mib": 19673,
      "tier": "candidate"
    },
    {
      "K": 8,
      "wall_tps_median": 216.11403633285457,
      "wall_tps_cv_pct": 0.5649659530077649,
      "wall_tps_n": 3,
      "e_accept_exact_mean": 3.530791581700889,
      "draft_acceptance_rate_mean": 0.3163489477126111,
      "prom_E_T": 3.5373067723394382,
      "prom_populated": true,
      "ppl": 2.0056557074968437,
      "ppl_within_bar": true,
      "greedy_identical_to_ref": false,
      "intra_k_identical": false,
      "first_divergence": {
        "index": 0,
        "reference_completion_sha256": "38c64f971413f7f83ea32994106e7fb98ca116a066b209cbcde8bc83dec8fb9a",
        "candidate_completion_sha256": "6c62dab9ee7f1294b28516759122c137f6bd04b158c13c20993bcb8133af8002"
      },
      "peak_gpu_mem_mib": 19669,
      "tier": "candidate"
    }
  ],
  "best_K": 0,
  "best_wall_tps_median": 83.6993063822387,
  "best_ppl": 2.0055160306938853,
  "best_candidate_K": 6,
  "best_candidate_wall_tps_median": 220.4717676208399,
  "best_candidate_ppl": 2.0056557074968437,
  "best_candidate_greedy_identical": false,
  "baseline_k6_wall_tps_median": 220.4717676208399,
  "all_greedy_identical": false,
  "git": {
    "git_commit": "48f4ed1895c19c71eab203bc2a1fc0c85fb51b6a",
    "git_branch": "fern/bi0-k-sweep",
    "git_dirty": true
  },
  "utc": "2026-06-20T14:13:32Z"
}