{
  "_what": "Candidate draft-tree build array from the descent-walk-FIXED topology re-opt (PR #152). Drop-in for the build team. Greedy marginal-value optimal under the MEASURED ladder. Does NOT authorize a launch; informs the build/launch decision.",
  "regime": "descent_only",
  "optimal_M_total": 32,
  "optimal_M_draft_nodes": 31,
  "parent": [
    -1,
    0,
    1,
    2,
    3,
    4,
    5,
    6,
    7,
    8,
    0,
    10,
    11,
    1,
    12,
    14,
    13,
    0,
    15,
    2,
    16,
    18,
    17,
    20,
    19,
    21,
    23,
    24,
    3,
    22,
    25,
    0
  ],
  "width_by_depth": {
    "0": 1,
    "1": 4,
    "2": 4,
    "3": 5,
    "4": 5,
    "5": 4,
    "6": 3,
    "7": 2,
    "8": 2,
    "9": 2
  },
  "max_branch": 4,
  "depth": 9,
  "balanced_b_vector": [
    3,
    1,
    1,
    1,
    1,
    1,
    1,
    1,
    2
  ],
  "E_T_descent_only": 5.063501106983846,
  "E_T_both_bugs": 5.206954309441966,
  "official_tps_descent_step1_2127": 523.022266613395,
  "official_tps_descent_step1_2182": 520.6816645526569,
  "clears_530_descent": 0,
  "deployed_parent_for_reference": [
    -1,
    0,
    0,
    0,
    1,
    1,
    1,
    2,
    3,
    4,
    4,
    5,
    7,
    9,
    9,
    10,
    11,
    12,
    13,
    15,
    16,
    17,
    18,
    19,
    20,
    21,
    22,
    24,
    25,
    26,
    28,
    29
  ],
  "deployed_E_T_descent": 5.056404568844709,
  "et_gain_vs_deployed": 0.007096538139137465,
  "step_M_curve_is_roofline_pending_lawine": true,
  "self_test_passes": 1,
  "provenance": "topology_m_reopt.py (PR #152); oracle board 20260614-100550-487."
}