{
  "_source": "lawine PR#153 verify_step_m_curve.py",
  "_basis": "step_ms = K_cal-normalized official-basis step (1 unit = STEP_M8_US us = 1/K_cal s); step_rel_m32 normalized to M=32=1.0; reproduces lawine #136 1.2182 at M=32 and 1.000 at M=8.",
  "M": [
    8,
    16,
    24,
    32,
    48,
    64,
    96,
    128
  ],
  "step_ms": [
    8.052511947726725,
    8.497786534986467,
    9.148594167342084,
    9.728449346758698,
    11.589504553495594,
    14.147697316018377,
    19.763786334756166,
    21.60222844597894
  ],
  "step_rel_m32": [
    0.827728208340792,
    0.8734985640664039,
    0.9403959296339649,
    1.0,
    1.191300292616208,
    1.4542602640709719,
    2.031545381005763,
    2.2205212440332356
  ],
  "step_norm_m8basis": [
    1.0087216644611992,
    1.0645002992174906,
    1.1460256372008932,
    1.218662906853464,
    1.4517934775350503,
    1.7722530407342167,
    2.475768999421211,
    2.706066873983413
  ],
  "drafter_fill_pct": [
    20.10817680367364,
    19.206460694606534,
    17.73899502864683,
    16.799999999999997,
    14.247863844479966,
    11.63307699313125,
    8.477742440204949,
    9.37857116757794
  ],
  "verify_step_flat_M_ceiling": 32,
  "step_M128_rel_increase_pct": 122.05212440332356,
  "verdict": "KNEE_AT_32"
}