{
  "task": "aime",
  "label": "AIME_sampled_suppl",
  "n_questions": 60,
  "n_seeds_samples_per_q": 25,
  "total_graded": 1500,
  "per_seed_accuracy": [
    0.233333,
    0.233333,
    0.283333,
    0.266667,
    0.25,
    0.283333,
    0.25,
    0.283333,
    0.25,
    0.3,
    0.25,
    0.266667,
    0.233333,
    0.25,
    0.266667,
    0.333333,
    0.25,
    0.233333,
    0.316667,
    0.216667,
    0.266667,
    0.266667,
    0.266667,
    0.283333,
    0.233333
  ],
  "mean_accuracy": 0.2626666666666667,
  "std_accuracy": 0.027755546659548432,
  "sem_accuracy": 0.005551109331909687,
  "pass_at_1": 0.26266666666666666,
  "ci_lb_95_2sided": 0.17200000000000004,
  "ci_ub_95_2sided": 0.3566833333333332,
  "ci_lb_95_1sided": 0.18533333333333335,
  "bar": 0.09,
  "ci_lb_clears_bar": true,
  "ci_lb_problems": 10.320000000000002,
  "bar_problems": 5.3999999999999995,
  "slack_problems_at_ci_lb": 4.920000000000003,
  "mean_problems": 15.760000000000003,
  "bootstrap_B": 10000,
  "boot_seed": 590,
  "inputs": [
    "research/validity/quality_gates_ci/runs/aime_base_fullhead_s1234.json",
    "research/validity/quality_gates_ci/runs/aime_base_fullhead_s2345.json",
    "research/validity/quality_gates_ci/runs/aime_base_fullhead_s3456.json",
    "research/validity/quality_gates_ci/runs/aime_base_fullhead_s4567.json",
    "research/validity/quality_gates_ci/runs/aime_base_fullhead_s5678.json"
  ],
  "majS_accuracy": 0.36666666666666664,
  "majS_correct": 22,
  "majS_n": 60,
  "majS_wilson_lb": 0.25620916687225426,
  "majS_wilson_ub": 0.49316999369896963,
  "majS_total_samples_per_q": 25,
  "majS_clears_bar": true
}