{
  "n_prompts": 128,
  "total_positions": 65536,
  "max_draft": 7,
  "baseline_ET_measured": 3.844131736526946,
  "baseline_tps_local": 454.0,
  "mtp_conditional_acceptance_p": [
    0.728739760479042,
    0.7589764102641635,
    0.7924989076194682,
    0.821702519412012,
    0.8342716929825772,
    0.8352594665096346,
    0.8472621220149911
  ],
  "per_ngram": {
    "2": {
      "hit_rate": 0.5221099853515625,
      "hit_rate_prompt_region": 0.2066192626953125,
      "hit_rate_generated_region": 0.31549072265625,
      "frac_any_generated_occurrence": 0.4291229248046875,
      "mean_q_given_hit_earliest": 1.8119648128123447,
      "mean_q_given_hit_oracle": 2.7830026010462636,
      "mean_q_all_earliest": 0.946044921875,
      "mean_q_all_oracle": 1.453033447265625,
      "q_given_hit_histogram_oracle": {
        "0": 9922,
        "1": 5846,
        "2": 3921,
        "3": 2677,
        "4": 1863,
        "5": 1396,
        "6": 1069,
        "7": 7523
      },
      "per_bucket_hit_rate": {
        "0-64": 0.29248046875,
        "128-256": 0.50775146484375,
        "256-512": 0.618865966796875,
        "64-128": 0.3934326171875
      },
      "per_distribution": {
        "aime2026": {
          "hit_rate": 0.6070033482142857,
          "mean_q_all_oracle": 1.6092354910714286
        },
        "gpqa_diamond": {
          "hit_rate": 0.5011992872807017,
          "mean_q_all_oracle": 1.3449150219298245
        },
        "mmlu_pro": {
          "hit_rate": 0.5221696820175439,
          "mean_q_all_oracle": 1.5227864583333333
        }
      }
    },
    "3": {
      "hit_rate": 0.36962890625,
      "hit_rate_prompt_region": 0.1256866455078125,
      "hit_rate_generated_region": 0.2439422607421875,
      "frac_any_generated_occurrence": 0.29901123046875,
      "mean_q_given_hit_earliest": 2.411079920739762,
      "mean_q_given_hit_oracle": 3.209172721268164,
      "mean_q_all_earliest": 0.891204833984375,
      "mean_q_all_oracle": 1.1862030029296875,
      "q_given_hit_histogram_oracle": {
        "0": 5767,
        "1": 3904,
        "2": 2692,
        "3": 1845,
        "4": 1405,
        "5": 1071,
        "6": 839,
        "7": 6701
      },
      "per_bucket_hit_rate": {
        "0-64": 0.1815185546875,
        "128-256": 0.3458251953125,
        "256-512": 0.46087646484375,
        "64-128": 0.2403564453125
      },
      "per_distribution": {
        "aime2026": {
          "hit_rate": 0.4296875,
          "mean_q_all_oracle": 1.2716238839285714
        },
        "gpqa_diamond": {
          "hit_rate": 0.35050027412280704,
          "mean_q_all_oracle": 1.0846696820175439
        },
        "mmlu_pro": {
          "hit_rate": 0.37400630482456143,
          "mean_q_all_oracle": 1.2667557565789473
        }
      }
    },
    "4": {
      "hit_rate": 0.2806854248046875,
      "hit_rate_prompt_region": 0.094451904296875,
      "hit_rate_generated_region": 0.1862335205078125,
      "frac_any_generated_occurrence": 0.2226409912109375,
      "mean_q_given_hit_earliest": 2.847947811905409,
      "mean_q_given_hit_oracle": 3.5561293829845066,
      "mean_q_all_earliest": 0.79937744140625,
      "mean_q_all_oracle": 0.9981536865234375,
      "q_given_hit_histogram_oracle": {
        "0": 3835,
        "1": 2682,
        "2": 1854,
        "3": 1383,
        "4": 1085,
        "5": 837,
        "6": 682,
        "7": 6037
      },
      "per_bucket_hit_rate": {
        "0-64": 0.129150390625,
        "128-256": 0.25146484375,
        "256-512": 0.363555908203125,
        "64-128": 0.1591796875
      },
      "per_distribution": {
        "aime2026": {
          "hit_rate": 0.32240513392857145,
          "mean_q_all_oracle": 1.0260881696428572
        },
        "gpqa_diamond": {
          "hit_rate": 0.2624040570175439,
          "mean_q_all_oracle": 0.9028234649122807
        },
        "mmlu_pro": {
          "hit_rate": 0.28871984649122806,
          "mean_q_all_oracle": 1.0866228070175439
        }
      }
    }
  },
  "combined_best_n": {
    "ngrams": [
      2,
      3,
      4
    ],
    "policy": "prefer largest n with a match (vLLM ngram min..max)",
    "earliest_pick_vllm_faithful": {
      "hit_rate": 0.3242034912109375,
      "mean_q_over_all_positions": 1.1251678466796875,
      "mean_q_given_hit": 3.470560549724667
    },
    "oracle_pick_upper_bound": {
      "hit_rate": 0.3707122802734375,
      "mean_q_over_all_positions": 1.424835205078125,
      "mean_q_given_hit": 3.843506894422721
    }
  },
  "augment_simulation_earliest": {
    "trials": 400,
    "tot_tokens_per_trial": 65536,
    "ET_mtp_only_sim": 3.8265135948345335,
    "ET_pld_only_sim": 1.4501681713577623,
    "ET_augment_sim": 4.233604038254633,
    "delta_ET_augment": 0.4070904434200995,
    "extra_tokens_per_step": 0.40661600760467326,
    "tps_uplift_augment": 1.1063867756721515,
    "rescue_step_frac": 0.12772792298168825,
    "rescue_from_m0_step_frac": 0.0677369540156932,
    "share_extra_from_m0": 0.5452392385450713
  },
  "augment_simulation_oracle": {
    "trials": 400,
    "tot_tokens_per_trial": 65536,
    "ET_mtp_only_sim": 3.8281698709490968,
    "ET_pld_only_sim": 1.5103941000230467,
    "ET_augment_sim": 4.322454042679419,
    "delta_ET_augment": 0.4942841717303219,
    "extra_tokens_per_step": 0.4941109234862779,
    "tps_uplift_augment": 1.129117617136404,
    "rescue_step_frac": 0.14526185371319913,
    "rescue_from_m0_step_frac": 0.07337061682987608,
    "share_extra_from_m0": 0.5299095385625748
  },
  "augment_correlation_sweep_oracle_top1only": [
    {
      "a_H": 0.729,
      "a_M": 0.7285864538385223,
      "extra_tokens_per_step": 0.4924909290568082,
      "ET_augment": 4.32167446421303,
      "ET_mtp_only_model": 3.8285008509353715,
      "tps_uplift_pct": 12.881637812805158
    },
    {
      "a_H": 0.8,
      "a_M": 0.686760479686586,
      "extra_tokens_per_step": 0.43973208065928066,
      "ET_augment": 4.222282532976515,
      "ET_mtp_only_model": 3.817149477112087,
      "tps_uplift_pct": 10.613497278365337
    },
    {
      "a_H": 0.85,
      "a_M": 0.6573055683119832,
      "extra_tokens_per_step": 0.4020428517123625,
      "ET_augment": 4.148626625186309,
      "ET_mtp_only_model": 3.8040084704430557,
      "tps_uplift_pct": 9.059342465215781
    },
    {
      "a_H": 0.9,
      "a_M": 0.6278506569373802,
      "extra_tokens_per_step": 0.36576151117931904,
      "ET_augment": 4.078536217732696,
      "ET_mtp_only_model": 3.7816295871430596,
      "tps_uplift_pct": 7.851288016125935
    },
    {
      "a_H": 0.95,
      "a_M": 0.5983957455627772,
      "extra_tokens_per_step": 0.32985951367237787,
      "ET_augment": 4.005399735513803,
      "ET_mtp_only_model": 3.7551131730924046,
      "tps_uplift_pct": 6.665220217991008
    },
    {
      "a_H": 1.0,
      "a_M": 0.5689408341881743,
      "extra_tokens_per_step": 0.2947167121213461,
      "ET_augment": 3.9284591950153356,
      "ET_mtp_only_model": 3.7207596456319356,
      "tps_uplift_pct": 5.582181306100575
    }
  ],
  "augment_correlation_sweep_oracle_fullspan": [
    {
      "a_H": 0.729,
      "a_M": 0.7285864538385223,
      "extra_tokens_per_step": 0.4928102047685594,
      "ET_augment": 4.321063967056634,
      "ET_mtp_only_model": 3.8270090980227276,
      "tps_uplift_pct": 12.909686294949395
    },
    {
      "a_H": 0.8,
      "a_M": 0.686760479686586,
      "extra_tokens_per_step": 0.3901190212168256,
      "ET_augment": 4.3065145429306,
      "ET_mtp_only_model": 3.9840113095926517,
      "tps_uplift_pct": 8.094937696623216
    },
    {
      "a_H": 0.85,
      "a_M": 0.6573055683119832,
      "extra_tokens_per_step": 0.30902718638700716,
      "ET_augment": 4.318037538383892,
      "ET_mtp_only_model": 4.098961499683521,
      "tps_uplift_pct": 5.344671783750221
    },
    {
      "a_H": 0.9,
      "a_M": 0.6278506569373802,
      "extra_tokens_per_step": 0.21760403233278017,
      "ET_augment": 4.3447152617438025,
      "ET_mtp_only_model": 4.220426753433049,