{
  "timestamp": "20260614T160909Z",
  "submission": "submissions/fa2sw_precache_kenyan",
  "num_prompts": 128,
  "smoke": false,
  "tps": {
    "leaderboard_public": 493.1656947890116,
    "private_rerun": 423.51244008179805
  },
  "headline_public_to_private_gap_pct": 14.123702326256272,
  "e_accept": {
    "public": 4.111284386501154,
    "private": 3.7057070565082935,
    "delta": 0.40557732999286067
  },
  "ppl": {
    "public": 2.376976138392039,
    "private": 2.376976138392039
  },
  "ppl_cap": 2.42,
  "verdict_5pct_rule": "WOULD-FAIL (>5% private TPS drop -> INVALID)",
  "public_evidence_band": "honest stacks 4-9%; firfir-cast cap 7.2%; kenyan-duma claimed precache ~1% to private",
  "scenarios": {
    "leaderboard": {
      "label": "leaderboard",
      "precache_mode": "public",
      "dataset": "/workspace/senpai/target/official/main_bucket/shared_resources/speed_benchmark/data/eval_prompts_sharegpt.json",
      "num_prompts": 128,
      "serve_ready_s": 100.0,
      "bench": {
        "tps": 493.1656947890116,
        "total_tps": 746.6716445883925,
        "completed": 128,
        "duration_s": 132.88839976600138,
        "total_input_tokens": 33688,
        "total_output_tokens": 65536,
        "mean_e2e_latency_ms": 1038.0003861253044,
        "request_throughput_req_s": 0.9632142476347882
      },
      "acceptance": {
        "delta_num_drafts": 16031.0,
        "delta_num_accepted_tokens": 49877.0,
        "delta_num_draft_tokens": 112217.0,
        "e_accept": 4.111284386501154,
        "accepted_per_step": 3.111284386501154,
        "accept_rate": 0.4444691980715934
      },
      "counters_before": {
        "num_drafts": 191.0,
        "num_accepted_tokens": 509.0,
        "num_draft_tokens": 1337.0,
        "e_accept_mean_acceptance_length": 3.6649214659685865,
        "draft_acceptance_rate": 0.3807030665669409
      },
      "counters_after": {
        "num_drafts": 16222.0,
        "num_accepted_tokens": 50386.0,
        "num_draft_tokens": 113554.0,
        "e_accept_mean_acceptance_length": 4.10602884971027,
        "draft_acceptance_rate": 0.44371840710146715
      },
      "ppl": 2.376976138392039,
      "ppl_num_tokens": 61797,
      "spec_log_xcheck": {
        "intervals": 16,
        "num_speculative_tokens": 7,
        "total_accepted_tokens": 50386,
        "total_drafted_tokens": 113554,
        "e_accept_interval_mean": 4.04625,
        "steady_gen_tps_mean": 389.1294117647059,
        "steady_gen_tps_n": 17,
        "e_accept_exact": 4.10602884971027,
        "draft_acceptance_rate": 0.44371840710146715
      }
    },
    "private_rerun": {
      "label": "private_rerun",
      "precache_mode": "off",
      "dataset": "data/private_proxy_native_math.json",
      "num_prompts": 128,
      "serve_ready_s": 90.0,
      "bench": {
        "tps": 423.51244008179805,
        "total_tps": 814.655284637935,
        "completed": 128,
        "duration_s": 154.74397868299275,
        "total_input_tokens": 60527,
        "total_output_tokens": 65536,
        "mean_e2e_latency_ms": 1208.7635699772363,
        "request_throughput_req_s": 0.8271727345347618
      },
      "acceptance": {
        "delta_num_drafts": 17785.0,
        "delta_num_accepted_tokens": 48121.0,
        "delta_num_draft_tokens": 124495.0,
        "e_accept": 3.7057070565082935,
        "accepted_per_step": 2.7057070565082935,
        "accept_rate": 0.3865295795011848
      },
      "counters_before": {
        "num_drafts": 0.0,
        "num_accepted_tokens": 0.0,
        "num_draft_tokens": 0.0
      },
      "counters_after": {
        "num_drafts": 17785.0,
        "num_accepted_tokens": 48121.0,
        "num_draft_tokens": 124495.0,
        "e_accept_mean_acceptance_length": 3.7057070565082935,
        "draft_acceptance_rate": 0.3865295795011848
      },
      "ppl": 2.376976138392039,
      "ppl_num_tokens": 61797,
      "spec_log_xcheck": {
        "intervals": 17,
        "num_speculative_tokens": 7,
        "total_accepted_tokens": 48121,
        "total_drafted_tokens": 124495,
        "e_accept_interval_mean": 3.576470588235294,
        "steady_gen_tps_mean": 365.02777777777777,
        "steady_gen_tps_n": 18,
        "e_accept_exact": 3.7057070565082935,
        "draft_acceptance_rate": 0.3865295795011848
      }
    }
  }
}