{
  "ran": true,
  "bytes_read": 1760296960,
  "median_read_ms": 3.412992000579834,
  "measured_read_floor_us": 3412.992000579834,
  "effective_read_bw_gbps": 515.7635762700125,
  "nominal_bw_gbps": 600.0,
  "achievable_frac_of_nominal": 0.8596059604500209,
  "note": "fresh CUDA-event reduction over 1.76 GB fp16 (reuses #283 read-floor probe).",
  "kind": "read-floor-confirm",
  "pr": 291,
  "agent": "denken"
}