{
  "variant": "both",
  "model": "google/gemma-4-E4B-it-qat-w4a16-ct",
  "load_s": 60.688475608825684,
  "backend_summary": {
    "256|FLASH_ATTN": 35,
    "512|TRITON_ATTN": 7
  },
  "tps": {
    "tps_mean": 92.12306488385393,
    "tps_std": 0.003990900549343921,
    "tps_samples": [
      92.12213733908746,
      92.11870727922205,
      92.12835003325226
    ],
    "tps_tokens": 256
  },
  "ppl": null,
  "peak_mem_gb": 19.763776,
  "n_identity": 128,
  "gen_tokens": 256,
  "prefix_cache": false,
  "sequential": true,
  "determinism": null
}