{
  "int4g128lmhead_mmlupro": 0.614,
  "int4g128lmhead_gpqa": 0.44612794612794615,
  "int4g128lmhead_aime": 0.25,
  "int4g128lmhead_gsm8k": 0.874,
  "int4g128lmhead_gate_pass_count": 3,
  "int4g128lmhead_gate_verdict": "3/4 PASS | MMLU-Pro=0.6140>=0.605 PASS; GPQA=0.4461<0.471 FAIL; AIME=0.2500>=0.090 PASS; GSM8K=0.8740>=0.807 PASS",
  "analysis_only": true,
  "official_tps": 0,
  "gate_bars_corrected": {
    "mmlu_pro": 0.605,
    "gpqa": 0.471,
    "aime": 0.09,
    "gsm8k": 0.807
  },
  "gate_base_refs": {
    "mmlu_pro": 0.6727,
    "gpqa": 0.5236,
    "aime": 0.1,
    "gsm8k": 0.8967
  },
  "gate_frac": 0.9,
  "passes": {
    "mmlu_pro": true,
    "gpqa": false,
    "aime": true,
    "gsm8k": true
  },
  "margins": {
    "mmlu_pro": 0.009000000000000008,
    "gpqa": -0.024872053872053823,
    "aime": 0.16,
    "gsm8k": 0.06699999999999995
  },
  "mmlu_pro_sampled_ci95": 0.019874705666583697,
  "mmlu_pro_sampled_seeds": [
    0.622,
    0.614,
    0.606
  ],
  "mmlu_pro_greedy": 0.634,
  "gpqa_sampled_ci95": 0.07134618707260716,
  "gpqa_sampled_seeds": [
    0.4696969696969697,
    0.41414141414141414,
    0.45454545454545453
  ],
  "gpqa_greedy": 0.46464646464646464,
  "engine": "vllm-0.22.1rc1.dev307",
  "checkpoint": "/workspace/gemma_build/int4_g128_lmhead",
  "decode_sampling": {
    "temperature": 1.0,
    "top_p": 0.95,
    "top_k": 64,
    "source": "gemma-4-E4B-it/generation_config.json (lewtun #31)"
  },
  "min_tokens_guard": 8,
  "peak_gpu_gb": 20.4,
  "aime_n_problems": 60,
  "aime_n_correct": 15,
  "aime_wilson95_lo": 0.1577638557841185,
  "aime_wilson95_hi": 0.3723231094548479,
  "aime_extract_fail_rate": 0.0,
  "aime_n_empty": 0,
  "aime_mean_pass_rate": 0.25,
  "aime_max_tokens": 3072,
  "aime_min_tokens": 8,
  "aime_years": "2024,2025",
  "gsm8k_n_problems": 500,
  "gsm8k_n_correct": 437,
  "gsm8k_strict_rate": 0.92,
  "gsm8k_extract_fail_rate": 0.0,
  "gsm8k_truncation_rate": 0.09,
  "gsm8k_min_tokens": 8,
  "gsm8k_max_tokens": 512,
  "wandb_run_id": "a73t8trf"
}