{
  "gpqa_diamond_10seed_mean": 0.4414141414141414,
  "gpqa_diamond_10seed_ci95": 0.023793649517711582,
  "gpqa_diamond_10seed_verdict": "DECISIVE-FAIL",
  "gpqa_greedy_anchor_6144": 0.4696969696969697,
  "gpqa_trunc_items_4096": 1,
  "gpqa_trunc_items_6144": 0,
  "gpqa_debias_delta_acc": -0.0016835016835016758,
  "analysis_only": true,
  "official_tps": 0,
  "gate_bar": 0.47124,
  "gate_base_ref": 0.5236,
  "gate_frac": 0.9,
  "model_len_6144": 6144,
  "model_len_4096_baseline": 4096,
  "max_num_seqs_6144": 16,
  "n_dataset": 198,
  "n_seeds": 10,
  "sd": 0.03326353948883089,
  "sem": 0.010518854782365862,
  "ci95_lo": 0.41762049189642986,
  "ci95_hi": 0.465207790931853,
  "t975_df": 9,
  "per_seed_6144": {
    "0": {
      "accuracy": 0.4494949494949495,
      "n_scored": 198,
      "n_correct": 89,
      "n_error": 0,
      "n_empty": 0,
      "empty_rate": 0.0,
      "max_tokens": 3072
    },
    "1": {
      "accuracy": 0.4494949494949495,
      "n_scored": 198,
      "n_correct": 89,
      "n_error": 0,
      "n_empty": 0,
      "empty_rate": 0.0,
      "max_tokens": 3072
    },
    "2": {
      "accuracy": 0.43434343434343436,
      "n_scored": 198,
      "n_correct": 86,
      "n_error": 0,
      "n_empty": 0,
      "empty_rate": 0.0,
      "max_tokens": 3072
    },
    "3": {
      "accuracy": 0.41414141414141414,
      "n_scored": 198,
      "n_correct": 82,
      "n_error": 0,
      "n_empty": 0,
      "empty_rate": 0.0,
      "max_tokens": 3072
    },
    "4": {
      "accuracy": 0.398989898989899,
      "n_scored": 198,
      "n_correct": 79,
      "n_error": 0,
      "n_empty": 0,
      "empty_rate": 0.0,
      "max_tokens": 3072
    },
    "5": {
      "accuracy": 0.3939393939393939,
      "n_scored": 198,
      "n_correct": 78,
      "n_error": 0,
      "n_empty": 0,
      "empty_rate": 0.0,
      "max_tokens": 3072
    },
    "6": {
      "accuracy": 0.4797979797979798,
      "n_scored": 198,
      "n_correct": 95,
      "n_error": 0,
      "n_empty": 0,
      "empty_rate": 0.0,
      "max_tokens": 3072
    },
    "7": {
      "accuracy": 0.4292929292929293,
      "n_scored": 198,
      "n_correct": 85,
      "n_error": 0,
      "n_empty": 0,
      "empty_rate": 0.0,
      "max_tokens": 3072
    },
    "8": {
      "accuracy": 0.4797979797979798,
      "n_scored": 198,
      "n_correct": 95,
      "n_error": 0,
      "n_empty": 0,
      "empty_rate": 0.0,
      "max_tokens": 3072
    },
    "9": {
      "accuracy": 0.48484848484848486,
      "n_scored": 198,
      "n_correct": 96,
      "n_error": 0,
      "n_empty": 0,
      "empty_rate": 0.0,
      "max_tokens": 3072
    }
  },
  "sampled_seeds_6144": [
    0.4494949494949495,
    0.4494949494949495,
    0.43434343434343436,
    0.41414141414141414,
    0.398989898989899,
    0.3939393939393939,
    0.4797979797979798,
    0.4292929292929293,
    0.4797979797979798,
    0.48484848484848486
  ],
  "trunc_ids_4096": [
    "recnTTKdBzfuoZ7w7"
  ],
  "trunc_ids_6144": [],
  "rescued_ids": [
    "recnTTKdBzfuoZ7w7"
  ],
  "rescued_scores_6144": {
    "recnTTKdBzfuoZ7w7": {
      "s0": false,
      "s1": false,
      "s2": true,
      "s3": false,
      "s4": false,
      "s5": false,
      "s6": true,
      "s7": false,
      "s8": false,
      "s9": false,
      "greedy": false
    }
  },
  "debias_per_seed": {
    "seed0": {
      "acc_4096": 0.4696969696969697,
      "acc_6144": 0.4494949494949495,
      "delta": -0.02020202020202022,
      "n_items_flipped": 48,
      "flipped_ids": [
        "rec0Arme2jcXQZnAW",
        "rec0wZvZgiz320KRs",
        "rec527dNeEtWJrYNl",
        "rec7C06XOB2h298ue",
        "rec9W28HgpEUeUN8k",
        "recBXlqrZUCR897It",
        "recBtVK8rBVtIlXDq",
        "recDj2Y2BbtV02Wv5",
        "recDytVnNYZe2HuUU",
        "recHVUd2DkoKfedJZ",
        "recIj8lR4tuDgrHou",
        "recKcjTwONILZqHAX",
        "recKv4hFyNpViUXnL",
        "recLAgwx9vbgB5EHk",
        "recLB0EkQ54bYVhnd",
        "recLSzwBUS3olCjhl",
        "recLrRirj7iXoB0rU",
        "recN4DY9Q5V03glmQ",
        "recNuT2oSnO86bxOx",
        "recOvqPKUtyy9ISA1",
        "recQiWOxhkXRz9NVE",
        "recReg13iV2HwJTaA",
        "recVEXvhYxAhELVqB",
        "recWPMm91mGDLXONm",
        "recZ13cwgDQf9jRd9",
        "recZSGUkn56v9kEp1",
        "recZWeueB7lSPR6wN",
        "reca44yABeO2fx7UB",
        "recb4cGsC6BJUCU3V",
        "recb80OwMgNnceA9t",
        "recclFbsjbaiVVnnV",
        "receYQxnUBvxPcvbQ",
        "recgXxEgllSGEpELP",
        "recixxJmdux0d8LZQ",
        "recjJ54TXc04enRkZ",
        "recjgMJaMxz4ESDF2",
        "reckl6PkaEMWM50yZ",
        "recmI7EiLv72PxmYK",
        "recmkvk6EFAmqyMxR",
        "recnawZPumSCLMVgp",
        "recuYEkVjdVUwA3c0",
        "recvZlMbpPz0yLDle",
        "recw4rROcnHKNZhtK",
        "recxTy0x7M6T9ikc0",
        "recyl3usDqb7ruXJx",
        "recz3MfYHPRhsEQkW",
        "reczQ4I0VpENdMtIj",
        "reczzzihL7btBH7RO"
      ],
      "rescued_in_flips": []
    },
    "seed1": {
      "acc_4096": 0.41414141414141414,
      "acc_6144": 0.4494949494949495,
      "delta": 0.03535353535353536,
      "n_items_flipped": 45,
      "flipped_ids": [
        "rec1oj2DveQWl9Rpw",
        "rec260hNUCEj109Dj",
        "rec2UlKqC6RFHdcro",
        "rec2ZTsqazBZ3LTWZ",
        "rec47oNPXudlTIk4y",
        "rec4r4KWNLrT7g2kR",
        "rec527dNeEtWJrYNl",
        "rec7qmSnbud4FHSqL",
        "rec9W28HgpEUeUN8k",
        "recBXlqrZUCR897It",
        "recDytVnNYZe2HuUU",
        "recG1ljJQcVy6CbSl",
        "recIMcQfaQNa6vzsT",
        "recINSFEYLCyyd08m",
        "recJJcOHhFeSaRpl4",
        "recJZ3QEfRKjYw9a7",
        "recKcjTwONILZqHAX",
        "recKv4hFyNpViUXnL",
        "recLAgwx9vbgB5EHk",
        "recOkA2zsy4GSMD9R",
        "recPIzpnuYpB4yvmp",
        "recReg13iV2HwJTaA",
        "recRgabRzMaEoBRcM",
        "recUBgVlkKzcRPDdK",
        "recWxGU8Q4YReJ1tb",
        "recYOzCsevNz61Lyn",
        "recZSGUkn56v9kEp1",
        "reca44yABeO2fx7UB",
        "recafnH3RRnMBXEb1",
        "recdya6FuYraBU5Rh",
        "recgM7o1tcc7tP778",
        "recgXxEgllSGEpELP",
        "rechtUKxC6G67H7Pr",
        "recixxJmdux0d8LZQ",
        "recjJ54TXc04enRkZ",
        "reck4G4xxv3YnpbtQ",
        "reckYqR92oJkqJXkE",
        "reckl6PkaEMWM50yZ",
        "recnjViFrqlZNL3fY",
        "recoy9ZLBsc7HIRBy",
        "recpJmTOXx6T48nDJ",
        "recrHBEJJoDTV05JR",
        "recyl3usDqb7ruXJx",
        "recz3MfYHPRhsEQkW",
        "reczkBiPPNrNN49Hp"
      ],
      "rescued_in_flips": []
    },
    "seed2": {
      "acc_4096": 0.45454545454545453,
      "acc_6144": 0.43434343434343436,
      "delta": -0.020202020202020166,
      "n_items_flipped": 40,
      "flipped_ids": [
        "rec2ZTsqazBZ3LTWZ",
        "rec32C1ZEapBnCC0E",
        "rec4L69T0Y1AS4AFS",
        "rec4r4KWNLrT7g2kR",
        "rec5rjeLsEq5Fg7Oj",
        "recBXlqrZUCR897It",
        "recBhnXrUyTJ6WHIR",
        "recBtVK8rBVtIlXDq",
        "recDytVnNYZe2HuUU",
        "recJZ3QEfRKjYw9a7",
        "recK9F5aqdaybl8bb",
        "recLAgwx9vbgB5EHk",
        "recLSzwBUS3olCjhl",
        "recNFJjE5PPTqVJGv",
        "recNuT2oSnO86bxOx",
        "recQ8oxSY2aCwFRS8",
        "recUBgVlkKzcRPDdK",
        "recVEXvhYxAhELVqB",
        "recYOzCsevNz61Lyn",
        "recZdZxsN0AxDx0pB",
        "recaXdGn3FAIkxLGM",
        "recb4cGsC6BJUCU3V",
        "reccOKzFNmyqeJ6ry",
        "recdya6FuYraBU5Rh",
        "recgM7o1tcc7tP778",
        "rechKl68Uc6H7vU0N",
        "rechtUKxC6G67H7Pr",
        "recjJ54TXc04enRkZ",
        "recjgMJaMxz4ESDF2",
        "reck1zKeCssmN82Ga",
        "reck4G4xxv3YnpbtQ",
        "reckl6PkaEMWM50yZ",
        "recnTTKdBzfuoZ7w7",
        "recnjViFrqlZNL3fY",
        "recooG6bivTUJpDBz",
        "recqFDvYKKRmbnoUb",
        "recz3MfYHPRhsEQkW",
        "reczUoM8JsxU6pYxr",
        "reczjcMtrB1YGS2fO",
        "reczkBiPPNrNN49Hp"
      ],
      "rescued_in_flips": [
        "recnTTKdBzfuoZ7w7"
      ]
    },
    "greedy": {
      "acc_4096": 0.46464646464646464,
      "acc_6144": 0.4696969696969697,