{
  "config": {
    "torch": "2.11.0+cu130",
    "device": "NVIDIA A10G",
    "sm": "86",
    "ctx": 528,
    "iters": 50,
    "warmup": 40,
    "rounds": 21,
    "Ms": [
      8,
      16,
      32
    ],
    "A10G_BW_GBPS": 600.0,
    "ridge_ai": 208.33333333333334,
    "deployed_num_layers": 37,
    "model_dir": "/senpai-run/home/student-kanna/.cache/huggingface/hub/models--google--gemma-4-E4B-it-qat-w4a16-ct/snapshots/ef0a4c43726bde42a3ca04fd300397c0b8b3c3f0",
    "load_errors": {
      "/tmp/osoi5-v0-baked": "AssertionError()"
    },
    "smoke": false,
    "note": "paired-differencing component decomposition of the served int4 verify forward (denken #271 runner basis) vs the HBM-bandwidth roofline (kanna #269 anchor); num_stages=2 SDPA lever priced through the denken #271 step model + fern #274 phi. No serve change, no HF Job, no submission. Greedy+PPL pinned."
  },
  "per_m": {
    "8": {
      "full_us_measured": 5348.1268310546875,
      "verify_us_imported": 5163.71,
      "full_resid_pct": 3.5714017838857615,
      "components": {
        "qkv_proj": {
          "us": 528.1381225585938,
          "us_lo": 527.8606587790993,
          "us_hi": 528.4155863380882,
          "roofline_us": 248.04010666666665,
          "bw_utilization": 0.46965007082810634,
          "pct_of_full": 9.875198162689072,
          "ai_flop_per_byte": 32.0,
          "compute_bound": false
        },
        "o_proj": {
          "us": 365.19927978515625,
          "us_lo": 364.98175975599366,
          "us_hi": 365.41679981431884,
          "roofline_us": 166.20202666666665,
          "bw_utilization": 0.4550995466487282,
          "pct_of_full": 6.828545607119351,
          "ai_flop_per_byte": 32.0,
          "compute_bound": false
        },
        "gate_up_proj": {
          "us": 2302.054443359375,
          "us_lo": 2301.6855847961974,
          "us_hi": 2302.4233019225526,
          "roofline_us": 1639.2874666666667,
          "bw_utilization": 0.7120976097656768,
          "pct_of_full": 43.044125842194994,
          "ai_flop_per_byte": 32.0,
          "compute_bound": false
        },
        "down_proj": {
          "us": 1234.94384765625,
          "us_lo": 1234.6397104134196,
          "us_hi": 1235.2479848990804,
          "roofline_us": 820.9066666666666,
          "bw_utilization": 0.6647319780770861,
          "pct_of_full": 23.091147361827066,
          "ai_flop_per_byte": 32.0,
          "compute_bound": false
        },
        "sdpa": {
          "us": 776.2124633789062,
          "us_lo": 775.8812934360939,
          "us_hi": 776.5436333217186,
          "roofline_us": 270.7729066666667,
          "bw_utilization": 0.34883864849061247,
          "pct_of_full": 14.513725794080164,
          "ai_flop_per_byte": 7.880597014925373,
          "compute_bound": false
        },
        "lm_head": {
          "us": 126.136474609375,
          "us_lo": 125.85226854576621,
          "us_hi": 126.42068067298379,
          "roofline_us": 105.25354666666667,
          "bw_utilization": 0.8344417980018903,
          "pct_of_full": 2.358516890006141,
          "ai_flop_per_byte": 8.0,
          "compute_bound": false
        }
      },
      "byte_model": {
        "qkv_proj": {
          "weight_bytes": 145489920.0,
          "act_bytes": 3334144.0,
          "total_bytes": 148824064.0,
          "roofline_us": 248.04010666666665,
          "ai_flop_per_byte": 32.0
        },
        "o_proj": {
          "weight_bytes": 96993280.0,
          "act_bytes": 2727936.0,
          "total_bytes": 99721216.0,
          "roofline_us": 166.20202666666665,
          "ai_flop_per_byte": 32.0
        },
        "gate_up_proj": {
          "weight_bytes": 969932800.0,
          "act_bytes": 13639680.0,
          "total_bytes": 983572480.0,
          "roofline_us": 1639.2874666666667,
          "ai_flop_per_byte": 32.0
        },
        "down_proj": {
          "weight_bytes": 484966400.0,
          "act_bytes": 7577600.0,
          "total_bytes": 492544000.0,
          "roofline_us": 820.9066666666666,
          "ai_flop_per_byte": 32.0
        },
        "sdpa": {
          "kv_bytes_denken": 160038912.0,
          "kv_bytes_gqa": 40009728.0,
          "total_bytes": 162463744.0,
          "roofline_us": 270.7729066666667,
          "roofline_us_gqa": 70.72426666666667,
          "ai_flop_per_byte": 7.880597014925373
        },
        "lm_head": {
          "weight_bytes": 62914560.0,
          "total_bytes": 63152128.0,
          "roofline_us": 105.25354666666667,
          "ai_flop_per_byte": 8.0
        }
      },
      "sum6_us": 5332.684631347656,
      "remainder_us": 15.44219970703125,
      "remainder_pct": 0.28874034208321014,
      "ref_us": 284.75391387939453,
      "ref_bytes": 134676064.0,
      "ref_roofline_us": 224.46010666666666,
      "ref_bw_utilization": 0.7882599526331185,
      "ref_out": 26214,
      "captured": {
        "full": true,
        "no_qkv_proj": true,
        "no_o_proj": true,
        "no_gate_up_proj": true,
        "no_down_proj": true,
        "no_sdpa": true,
        "no_lm_head": true
      },
      "ref_captured": {
        "ref": true
      }
    },
    "16": {
      "full_us_measured": 5599.661865234375,
      "verify_us_imported": 5405.0,
      "full_resid_pct": 3.6015146204324697,
      "components": {
        "qkv_proj": {
          "us": 580.5877685546875,
          "us_lo": 580.3767070551274,
          "us_hi": 580.7988300542476,
          "roofline_us": 253.59701333333334,
          "bw_utilization": 0.4367935858597858,
          "pct_of_full": 10.368264772544206,
          "ai_flop_per_byte": 64.0,
          "compute_bound": false
        },
        "o_proj": {
          "us": 388.8128662109375,
          "us_lo": 388.6438071031246,
          "us_hi": 388.9819253187504,
          "roofline_us": 170.74858666666665,
          "bw_utilization": 0.43915364306394294,
          "pct_of_full": 6.943506153914235,
          "ai_flop_per_byte": 64.0,
          "compute_bound": false
        },
        "gate_up_proj": {
          "us": 2400.8102416992188,
          "us_lo": 2400.6104164203475,
          "us_hi": 2401.01006697809,
          "roofline_us": 1662.0202666666667,
          "bw_utilization": 0.6922747320047837,
          "pct_of_full": 42.87420025492436,
          "ai_flop_per_byte": 64.0,
          "compute_bound": false
        },
        "down_proj": {
          "us": 1263.4725952148438,
          "us_lo": 1263.257471820376,
          "us_hi": 1263.6877186093116,
          "roofline_us": 833.536,
          "bw_utilization": 0.6597183058475943,
          "pct_of_full": 22.56337303256008,
          "ai_flop_per_byte": 64.0,
          "compute_bound": false
        },
        "sdpa": {
          "us": 819.793701171875,
          "us_lo": 819.6017726947991,
          "us_hi": 819.9856296489509,
          "roofline_us": 274.81429333333335,
          "bw_utilization": 0.3352237190167393,
          "pct_of_full": 14.640057219554317,
          "ai_flop_per_byte": 15.529411764705882,
          "compute_bound": false
        },
        "lm_head": {
          "us": 145.037841796875,
          "us_lo": 144.80913202739902,
          "us_hi": 145.26655156635098,
          "roofline_us": 105.64949333333334,
          "bw_utilization": 0.7284270920226122,
          "pct_of_full": 2.5901178551038173,
          "ai_flop_per_byte": 16.0,
          "compute_bound": false
        }
      },
      "byte_model": {
        "qkv_proj": {
          "weight_bytes": 145489920.0,
          "act_bytes": 6668288.0,
          "total_bytes": 152158208.0,
          "roofline_us": 253.59701333333334,
          "ai_flop_per_byte": 64.0
        },
        "o_proj": {
          "weight_bytes": 96993280.0,
          "act_bytes": 5455872.0,
          "total_bytes": 102449152.0,
          "roofline_us": 170.74858666666665,
          "ai_flop_per_byte": 64.0
        },
        "gate_up_proj": {
          "weight_bytes": 969932800.0,