{
  "experiment": "numstages_realize_wall_ab",
  "pr": 468,
  "student": "wirbel",
  "question": "Does the modeled +1.1982 TPS byte-exact num_stages 3->2 ceiling realize on the served wall, or invert (the 6th isolation-trap)?",
  "lever": "verify Triton num_stages 3->2 (BLOCK_M=16 held -> grid unchanged -> byte-exact)",
  "analysis_only": true,
  "no_served_file_change": true,
  "official_tps": 0,
  "not_a_launch": true,
  "not_a_build": true,
  "not_a_submission": true,
  "config": {
    "block_m": 16,
    "num_stages": 2,
    "baseline_num_stages": 3,
    "tile": 32,
    "num_warps": 4
  },
  "workload": {
    "num_prompts": 128,
    "output_len": 512,
    "seeds": [
      1,
      2,
      3,
      4,
      5
    ]
  },
  "inversion_ledger": {
    "pinned_K_pr433": [
      13.998,
      -5.82
    ],
    "cb3_pr437": [
      15.6,
      0.0
    ],
    "static_K_pr273_pct": [
      13.2,
      -8.63
    ],
    "autotune_isolated_pr442": [
      15.86,
      -5.65
    ],
    "relax_prize_pr452": [
      17.0,
      -0.94
    ]
  },
  "numstages_only_precedent": {
    "modeled_tps": 13.226254718079531,
    "realized_ub_tps": 0.94
  },
  "elapsed_s": 0.22838830947875977,
  "aggregate": {
    "per_seed": [
      {
        "seed": 1,
        "base_median": 454.35729508225825,
        "cand_median": 452.36043315677864,
        "base_values": [
          454.35729508225825
        ],
        "cand_values": [
          452.36043315677864
        ],
        "delta_pct": -0.4394915514932117,
        "base_projected_official": 481.70347277783213,
        "cand_projected_official": 479.58642671172413
      },
      {
        "seed": 2,
        "base_median": 454.2752099669216,
        "cand_median": 455.93260310745615,
        "base_values": [
          454.2752099669216
        ],
        "cand_values": [
          455.93260310745615
        ],
        "delta_pct": 0.3648434042120085,
        "base_projected_official": 481.61644724627575,
        "cand_projected_official": 483.373593087654
      },
      {
        "seed": 3,
        "base_median": 453.9125442148871,
        "cand_median": 455.7798848406181,
        "base_values": [
          453.9125442148871
        ],
        "cand_values": [
          455.7798848406181
        ],
        "delta_pct": 0.4113877550929688,
        "base_projected_official": 481.23195391007664,
        "cand_projected_official": 483.2116832420573
      },
      {
        "seed": 4,
        "base_median": 454.5924128319026,
        "cand_median": 456.5399475828092,
        "base_values": [
          454.5924128319026
        ],
        "cand_values": [
          456.5399475828092
        ],
        "delta_pct": 0.428413386570694,
        "base_projected_official": 481.9527414431342,
        "cand_projected_official": 484.017491504421
      },
      {
        "seed": 5,
        "base_median": 454.6066877793675,
        "cand_median": 456.34439366358794,
        "base_values": [
          454.6066877793675
        ],
        "cand_values": [
          456.34439366358794
        ],
        "delta_pct": 0.3822438012754823,
        "base_projected_official": 481.9678755497987,
        "cand_projected_official": 483.8101678782269
      }
    ],
    "n_base": 5,
    "n_cand": 5,
    "n_seeds": 5,
    "base_pooled_p50_wall_tps": 454.35729508225825,
    "cand_pooled_p50_wall_tps": 455.93260310745615,
    "base_pooled_values": [
      454.35729508225825,
      454.2752099669216,
      453.9125442148871,
      454.5924128319026,
      454.6066877793675
    ],
    "cand_pooled_values": [
      452.36043315677864,
      455.93260310745615,
      455.7798848406181,
      456.5399475828092,
      456.34439366358794
    ],
    "seed_delta_pcts": [
      -0.4394915514932117,
      0.3648434042120085,
      0.4113877550929688,
      0.428413386570694,
      0.3822438012754823
    ],
    "mean_delta_pct": 0.2294793591315884,
    "se_seed_delta_pct": 0.1676078593832384,
    "ci95_delta_pct": 0.4652794176478698,
    "numstages_realized_tps_delta": 1.1050119580263376,
    "realized_tps_delta_ci95": 2.240459979799787,
    "realized_tps_delta_ci95_lo": -1.1354480217734495,
    "realized_tps_delta_ci95_hi": 3.3454719378261246,
    "pooled_delta_pct": 0.34671128696474435,
    "pooled_ci95_pct": 0.3366294421377903,
    "modeled_ceiling_tps": 1.1981736994299998,
    "realization_ratio": 0.9222468816933792,
    "classification": "within_noise",
    "numstages_realizes": false,
    "realized_immaterial_below_2tps": false,
    "attention_surface_closed_three_ways": false,
    "base_projected_official_median": 481.70347277783213,
    "cand_projected_official_median": 483.373593087654
  },
  "onegraph": {
    "numstages_survives_onegraph": true,
    "candidate_all_runs_patched": true,
    "served_verify_is_3d": true,
    "census_heads": [
      256,
      512
    ],
    "both_heads_overridden": true,
    "max_forced_milestone": 100,
    "forced_log_hits_total": 50,
    "forced_bounded_warmup_only": true,
    "candidate_not_collapsed": true,
    "base_pooled_p50_wall_tps": 454.35729508225825,
    "cand_pooled_p50_wall_tps": 455.93260310745615,
    "mechanism": "num_stages=2 cubin compiled during warmup and BAKED into the captured ONEGRAPH whole-step graph; the Python wrapper fires only during capture warmup (forced bounded, max milestone 100), then the graph replays the baked kernel. Candidate wall_tps did not collapse toward the serial 161.70 -> the config-level attention change SURVIVED capture (no recapture, no BI=1 fallback)."
  },
  "census": {
    "census_run": true,
    "numstages_identity_fraction": 1.0,
    "frac_token_prefix_match": 1.0,
    "byte_exact": true,
    "n_prompts": 64,
    "ppl": 2.3772,
    "ppl_ok": null,
    "census_verdict_pass": true,
    "census_attestation": {
      "bm4_applied": true,
      "default_clean": true,
      "splitkv_both": true,
      "served_verify_is_3d": true,
      "toggle_reverted_clean": true,
      "bm4_forced_hits": 10,
      "census_heads": {
        "head256": 5,
        "head512": 1,
        "logged": 6
      }
    },
    "census_config": {
      "block_m": 16,
      "tile": 32,
      "num_warps": 4,
      "num_stages": 2
    }
  },
  "self_test": {
    "numstages_self_test_passes": true,
    "required": {
      "constants_exact": true,
      "candidate_actually_applied_numstages": true,
      "both_heads_overridden_256_and_512": true,
      "served_verify_is_3d_census": true,
      "realized_delta_classified": true,
      "all_tps_finite_positive": true,
      "onegraph_survival_resolved": true,
      "at_least_5_seeds": true,
      "identity_census_byte_exact": true
    },
    "smoke": false,
    "constants": {
      "all_exact": true,
      "checks": {
        "ceiling_recomputes": true,
        "surface_us_exact": true,
        "geometry_37": true,
        "ceiling_below_materiality": true,
        "ceiling_below_sigma_hw": true,
        "head512_only_is_447_026": true
      },
      "ceiling_recompute": 1.1981736994299998,
      "surface_us": 21.145609999999998
    },
    "toggle_reverted_clean": true
  },
  "wandb_run_id": "91wb8mln"
}