{
  "noise_floor_AvsB": {
    "label": "noise_floor specoff_A vs specoff_B",
    "verdict": "DIVERGENT",
    "num_identical": 22,
    "num_divergent": 106,
    "num_prompts_compared": 128,
    "total_tokens_compared": 65536,
    "total_divergent_tokens": 32329,
    "flip_rate_per_token": 0.4933013916015625,
    "onset": {
      "num_identical": 22,
      "num_divergent": 106,
      "onsets": [
        0,
        2,
        2,
        2,
        2,
        8,
        9,
        10,
        14,
        14,
        15,
        19,
        19,
        25,
        28,
        33,
        35,
        36,
        36,
        38,
        39,
        39,
        42,
        42,
        48,
        52,
        52,
        57,
        58,
        61,
        68,
        71,
        71,
        75,
        78,
        88,
        95,
        95,
        103,
        106,
        107,
        108,
        119,
        125,
        130,
        130,
        134,
        135,
        137,
        143,
        143,
        143,
        145,
        154,
        154,
        157,
        172,
        175,
        176,
        178,
        186,
        189,
        197,
        201,
        202,
        202,
        235,
        236,
        236,
        239,
        240,
        250,
        253,
        254,
        254,
        274,
        276,
        282,
        288,
        290,
        294,
        296,
        297,
        298,
        313,
        313,
        326,
        334,
        355,
        360,
        364,
        365,
        374,
        392,
        394,
        415,
        426,
        427,
        429,
        451,
        460,
        468,
        478,
        482,
        483,
        511
      ],
      "onset_min": 0,
      "onset_median": 149,
      "onset_max": 511
    }
  },
  "spec_vs_refA": {
    "label": "spec-on vs specoff_A",
    "verdict": "DIVERGENT",
    "num_identical": 19,
    "num_divergent": 109,
    "num_prompts_compared": 128,
    "total_tokens_compared": 65536,
    "total_divergent_tokens": 34463,
    "flip_rate_per_token": 0.5258636474609375,
    "onset": {
      "num_identical": 19,
      "num_divergent": 109,
      "onsets": [
        2,
        2,
        2,
        9,
        9,
        14,
        14,
        15,
        16,
        19,
        20,
        21,
        21,
        22,
        24,
        32,
        33,
        34,
        36,
        36,
        39,
        39,
        39,
        42,
        42,
        43,
        43,
        50,
        50,
        52,
        52,
        56,
        57,
        58,
        60,
        64,
        69,
        71,
        71,
        81,
        84,
        87,
        91,
        99,
        103,
        107,
        108,
        116,
        119,
        120,
        121,
        121,
        125,
        132,
        134,
        135,
        137,
        143,
        146,
        147,
        154,
        157,
        167,
        172,
        173,
        173,
        175,
        186,
        196,
        201,
        202,
        205,
        235,
        238,
        252,
        265,
        271,
        274,
        274,
        276,
        277,
        282,
        285,
        296,
        296,
        298,
        307,
        319,
        326,
        326,
        333,
        334,
        334,
        349,
        372,
        373,
        385,
        399,
        401,
        427,
        429,
        429,
        430,
        451,
        453,
        460,
        468,
        505,
        511
      ],
      "onset_min": 2,
      "onset_median": 134,
      "onset_max": 511
    }
  },
  "spec_vs_refB": {
    "label": "spec-on vs specoff_B",
    "verdict": "DIVERGENT",
    "num_identical": 26,
    "num_divergent": 102,
    "num_prompts_compared": 128,
    "total_tokens_compared": 65536,
    "total_divergent_tokens": 31287,
    "flip_rate_per_token": 0.4774017333984375,
    "onset": {
      "num_identical": 26,
      "num_divergent": 102,
      "onsets": [
        0,
        2,
        8,
        9,
        10,
        16,
        19,
        20,
        21,
        21,
        24,
        25,
        28,
        29,
        32,
        34,
        38,
        39,
        40,
        43,
        43,
        48,
        52,
        52,
        56,
        60,
        61,
        64,
        66,
        69,
        72,
        75,
        75,
        79,
        84,
        85,
        85,
        87,
        91,
        95,
        99,
        114,
        116,
        120,
        121,
        130,
        132,
        139,
        143,
        143,
        145,
        146,
        154,
        173,
        178,
        186,
        189,
        196,
        202,
        204,
        205,
        213,
        236,
        236,
        239,
        242,
        250,
        252,
        253,
        254,
        264,
        265,
        271,
        273,
        274,
        285,
        290,
        292,
        293,
        294,
        296,
        310,
        321,
        325,
        325,
        327,
        333,
        338,
        349,
        370,
        372,
        374,
        377,
        414,
        427,
        427,
        429,
        434,
        451,
        460,
        473,
        505
      ],
      "onset_min": 0,
      "onset_median": 145,
      "onset_max": 505
    }
  }
}