{
  "agent": "denken",
  "created_at": "20260614T205427Z",
  "kind": "gate2-confirmation",
  "nan_clean": true,
  "peak_mem_mib": 30.129,
  "pr": 225,
  "synthesis": {
    "confirmation_budget": {
      "deff_band": {
        "ar1": 1.658367630002036,
        "flat": 4.410614351127293,
        "measured_acf": 2.7742875539531413
      },
      "fixed_n_worstcase_truth_independent": 30455.404769372028,
      "n_confirm_arcorrected": 672.3420962564048,
      "n_confirm_flat": 1788.1690675618568,
      "n_confirm_iid": 405.42403511311863,
      "n_confirm_measured_acf": 1124.7628546877863,
      "note": "HEADLINE n_confirm = the drift-dominated band (build clearly off the bar): IID 405 \u2192 AR(1) 672 \u2192 measured-ACF 1,125 \u2192 flat 1,788. The GO-side confirm of a build genuinely in the thin [0.978,1.0] sliver is the variance-dominated case (14,915 IID / 41,379 measured-ACF at \u03bb=1.0); the build-exactly-at-bar knife-edge peaks at 24,398 IID / 67,687 measured-ACF. The SPRT collapses the fixed-n 30,455 ~75\u00d7 when drift-dominated (Deff-invariant).",
      "rows": {
        "confirm_go_at_anchor": {
          "ar1": 24734.648699561607,
          "flat": 65784.56703490077,
          "iid": 14915.057585591705,
          "measured_acf": 41378.65862620145,
          "regime": "variance-dominated (dear; GO region is a thin sliver)",
          "truth": "build at full-recovery anchor \u03bb=1.0 (only m=0.022 above the bar)"
        },
        "knife_edge_at_bar": {
          "ar1": 40460.92431498759,
          "flat": 107610.35744730521,
          "iid": 24398.04273973794,
          "measured_acf": 67687.18631367176,
          "regime": "peak (worst case)",
          "truth": "build exactly at the bar \u03bb=\u03bc_mid (indifference point)"
        },
        "reject_clear_nogo": {
          "ar1": 672.3420962564048,
          "flat": 1788.1690675618568,
          "iid": 405.42403511311863,
          "measured_acf": 1124.7628546877863,
          "regime": "drift-dominated (cheap)",
          "truth": "build clearly below bar (\u03b2=0.765, \u03bb_eq=0.540)"
        }
      },
      "sprt_collapse_vs_fixed_n": 75.11987975965602,
      "sprt_peak_at_bar_iid": 24398.04273973794
    },
    "feasibility": {
      "decode_steps_available_per_run": 65536,
      "fits_one_run": {
        "confirm_go_at_anchor_measured_acf": true,
        "fixed_n_worstcase_iid": true,
        "headline_drift_dominated_measured_acf": true,
        "headline_flat_loose_end": true,
        "knife_edge_at_bar_measured_acf": false
      },
      "gate2_confirmable_in_one_run": true,
      "headline_headroom_x": 58.266504558591244,
      "knife_edge_fits": false,
      "knife_edge_overflow_ratio": 1.0328244981944543,
      "n_confirm_vs_available": {
        "confirm_go_at_anchor_measured_acf": 41378.65862620145,
        "fixed_n_worstcase_iid": 30455.404769372028,
        "headline_drift_dominated_measured_acf": 1124.7628546877863,
        "headline_flat_loose_end": 1788.1690675618568,
        "knife_edge_at_bar_measured_acf": 67687.18631367176
      },
      "note": "one served run = 65,536 q[2..9] positions. The HEADLINE drift-dominated budget 1,125 (measured-ACF) fits with 58\u00d7 headroom; even the GO-confirm-at-anchor 41,379 fits. Only the measure-zero knife-edge (build EXACTLY at the bar, 67,687 measured-ACF) marginally exceeds one run (\u00d71.03) \u2014 and #215's shallow-only \u03bb\u0302\u22480.9065 puts the build firmly in the drift-dominated regime, so gate-2 is measurable from the SAME launch-candidate run, no extra draw."
    },
    "gate2_decision_rule": {
      "decode_steps_available_per_run": 65536,
      "decode_steps_basis": "128 prompts \u00d7 output_len 512 (q[2..9] subset)",
      "lcb_three_way_mapping": {
        "HOLD_kernel_feasible_below_bar": "\u03bb\u0302 \u2208 [0.85715, 0.97798)  (a compliant int4 kernel is buildable per #216, but below the private-grade bar \u2014 HOLD, not GO)",
        "NOGO_no_buildable_kernel": "\u03bb\u0302 < 0.85715  (no buildable kernel clears 500; deeper still, \u03bb\u0302 < 0.83445 misses even with a FREE zero-overhead kernel, #213/#216) \u2014 NO-GO",
        "PASS_go_eligible": "\u03bb\u0302_LCB \u2265 0.97798  (clears the binding private bar \u2014 gate-2 PASS)"
      },
      "note": "the LCB read-out is coherent with the SPRT GO event: a build whose always-valid \u03bb\u0302 lower-confidence-bound clears the bar is exactly the \u03a3Z\u2265A decision. The q[2..9] reads are dominated by the shallow rungs (depths 2\u20134 carry the bulk of the Neyman info, #205), which nearly every decode position reaches, so the effective read count \u2248 the full 65,536.",
      "stopping_boundaries": {
        "A_upper_decide_go": 2.9444389791664403,
        "B_lower_decide_nogo": -2.9444389791664394,
        "rule": "accumulate \u03a3Z over q[2..9] reads; \u03a3Z\u2265A \u21d2 GO-eligible, \u03a3Z\u2264B \u21d2 NO-GO, else continue"
      },
      "thresholds": {
        "free_kernel_floor_lambda_crit": 0.8344533978886615,
        "kernel_feasible_floor": 0.8571542761568587,
        "private_bar_go": 0.9779783323491393
      }
    },
    "gate2_test_definition": {
      "composite_null_caveat": "The Wald boundaries A,B control type-I error POINTWISE at the null boundary \u03bc0=bar (where the SPRT is calibrated). The null H0: \u03bb_built<bar is COMPOSITE; in the Gaussian known-\u03c3\u00b2 MLR construction here the OC is monotone in \u03bb, so sup_{\u03bb<bar} P(decide GO)=P_{\u03bc0}(decide GO)\u2264\u03b1 \u2014 the worst-case false-GO is at \u03bb\u2192bar\u207b and the boundary value bounds the whole composite null (the test is STRICTLY more conservative further below the bar, where |drift| is larger). The residual approximations are (i) the Wald overshoot (boundaries ignore excess over A,B \u2192 realized \u03b1\u22480.05, asymptotically exact), and (ii) the per-step read is treated as exactly Gaussian. For an EXACTLY-uniform, assumption-agnostic always-valid guarantee, the one-sided mSPRT / confidence sequence (mixture-LLR; Robbins; Johari et al. 2016; Waudby-Smith & Ramdas 2022; Fischer & Ramdas 2024) is the textbook-correct instrument and yields the SAME \u03bb\u0302_LCB read-out; the Wald SPRT is its drift-dominated practical approximation, which is what prices the E[N] band here. This caveat changes the INSTRUMENT, not the bar, the (\u03b1,power) target, or the AR(1)-corrected budget.",
      "hypotheses": {
        "H0_nogo": "\u03bb_built < 0.97798 (below the binding private bar \u2014 NO-GO; null boundary \u03bc0)",
        "H1_go_eligible": "\u03bb_built \u2265 0.97798 + margin (GO-eligible; full-recovery anchor \u03bc1=1.0)",
        "indifference_zone_lambda": [
          0.9779783323491393,
          1.0
        ],
        "kind": "one-sided composite confirmation of an upper-bounded parameter (\u03bb \u2264 1.0)",
        "margin_m": 0.021988702626879242,
        "mu_mid": 0.9890056486865604
      },
      "regime_rationale": "Recommend the Wald SPRT over a truth-independent fixed-n test: the deployed build is expected to sit CLEARLY on one side of the bar (#215's shallow-only \u03bb\u0302\u22480.9065 misses; a passing build clears with margin), so the sequential test stops ~75\u00d7 earlier than the fixed-n worst case. The LCB decision rule (below) is the natural read-out: a build whose always-valid \u03bb\u0302 lower-confidence-bound clears the bar is exactly the SPRT GO event. Fall back to the fixed-n n_fss only as the truth-independent ceiling (build genuinely at the bar).",
      "regime_recommendation": "SPRT (sequential)",
      "test_statistic": {
        "alpha": 0.05,
        "boundaries": {
          "A_upper_decide_go": 2.9444389791664403,
          "B_lower_decide_nogo": -2.9444389791664394,
          "form": "A=ln((1\u2212\u03b2)/\u03b1)=ln(0.95/0.05); B=ln(\u03b2/(1\u2212\u03b1))=ln(0.05/0.95)"
        },