{
  "pr": 439,
  "agent": "land",
  "kind": "drafter-retrain-headroom-realizability",
  "analysis_only": true,
  "no_launch": true,
  "no_hf_job": true,
  "no_submission": true,
  "no_served_file_change": true,
  "gpu_used": false,
  "official_tps": 0,
  "baseline_unchanged_tps": 481.53,
  "ppl": 2.3772,
  "headline": "REALIZABILITY of #436's +38.21-TPS demand headroom: the deployed MTP K=7 head is at its #289 LINEAR cap, so only the sub-linear head-ceiling coverage gap (0.10973) is left. A practical retrain DELIVERS Dcov ~ +0.016 (#380 defensible; #339's +0.0385 is known optimistic via V1/V2/V3) -> realizable_demand_headroom_tps = +15.87 (42% of 38.21), frontier 498.61. The DRAFTER delivery binds at +15.9 TPS, FAR below the +38.21 wall -> the upper ~58% of the wall headroom is a mirage. retrain_is_worth_it=True, demand_axis_effectively_closed=False.",
  "inputs": {
    "deployed_tps": 481.53,
    "base_482": 482.7400155438763,
    "base_blanket_strict_467": 467.14,
    "ladder_289": [
      0.7292532942898975,
      0.759556697719242,
      0.7929794882639035,
      0.8228,
      0.8348727920920435,
      0.8357919254658385,
      0.8464932652113331
    ],
    "et_dep": 3.851185944363104,
    "lambda1_wall": 520.9527323111674,
    "linear_cap_289": 3.8445,
    "coverage_gap_total": 0.10973404808468479,
    "cov_prior_top4": 0.8902659519153152,
    "s_central": 7.912609135742992,
    "s_worst": 4.172857261001455,
    "tps_per_dcov_399": 968.57,
    "dcov_defensible_central_380": 0.016,
    "dcov_defensible_band_380": [
      0.009,
      0.029
    ],
    "dcov_fromscratch_ceiling_380": 0.02273404808468482,
    "dcov_pessimistic_380": 0.012,
    "dcov_optimistic_339": 0.0385,
    "dcov_full_recipe_339": 0.0525,
    "materiality_tps": 3.0,
    "a1_deployed_308": 0.72925,
    "a1_inrepo_eagle3_308": 0.7714,
    "a1_robustness_ceiling_308": 0.85,
    "ppl_deployed": 2.3772,
    "ppl_gate": 2.42,
    "source_436_run": "nvsbctji",
    "source_399_run": "ec7i3z5t",
    "source_380_run": "00oijpwg",
    "source_339_run": "0aq16szh",
    "source_289_run": "fi34s269",
    "source_382_run": "382-no-wandb",
    "source_308_run": "5axqa6oa",
    "source_420_run": "qe4qagc1",
    "source_401_run": "se8mf9ax"
  },
  "coverage_gap_total": 0.10973404808468479,
  "coverage_gap_realizable_frac": 0.145807069722356,
  "coverage_gap_structural_frac": 0.854192930277644,
  "deployed_at_or_above_linear_cap": true,
  "acceptance_cliff_position": 1,
  "realizable_etp_lift": 0.12660174617188788,
  "realizable_demand_headroom_tps": 15.869326954818368,
  "realizable_frontier_tps": 498.6093424986947,
  "frac_of_38p21_headroom_realizable": 0.4152891575718064,
  "wall_headroom_38p21": 38.21271676729111,
  "etp_at_wall": 4.15603798266848,
  "realizable_headroom_band_tps": [
    8.926496412085331,
    28.76315510560829
  ],
  "realizable_frontier_band_tps": [
    491.66651195596165,
    511.5031706494846
  ],
  "clears_deployed_481p53": true,
  "clears_wall_520p95": false,
  "wall_binds": false,
  "realizable_ladder": {
    "pessimistic_380": {
      "dcov": 0.012,
      "coverage_gap_realizable_frac": 0.109355302291767,
      "coverage_gap_structural_frac": 0.890644697708233,
      "realizable_etp_lift": 0.0949513096289159,
      "realizable_tps_uncapped": 11.901995216113775,
      "realizable_demand_headroom_tps": 11.901995216113775,
      "frac_of_38p21_headroom_realizable": 0.31146686817885477,
      "realizable_frontier_tps": 494.6420107599901,
      "wall_binds": false,
      "clears_wall": false,
      "clears_deployed_481p53": true
    },
    "defensible_central_380": {
      "dcov": 0.016,
      "coverage_gap_realizable_frac": 0.145807069722356,
      "coverage_gap_structural_frac": 0.854192930277644,
      "realizable_etp_lift": 0.12660174617188788,
      "realizable_tps_uncapped": 15.869326954818368,
      "realizable_demand_headroom_tps": 15.869326954818368,
      "frac_of_38p21_headroom_realizable": 0.4152891575718064,
      "realizable_frontier_tps": 498.6093424986947,
      "wall_binds": false,
      "clears_wall": false,
      "clears_deployed_481p53": true
    },
    "defensible_lo_380": {
      "dcov": 0.009,
      "coverage_gap_realizable_frac": 0.08201647671882524,
      "coverage_gap_structural_frac": 0.9179835232811747,
      "realizable_etp_lift": 0.07121348222168691,
      "realizable_tps_uncapped": 8.926496412085331,
      "realizable_demand_headroom_tps": 8.926496412085331,
      "frac_of_38p21_headroom_realizable": 0.2336001511341411,
      "realizable_frontier_tps": 491.66651195596165,
      "wall_binds": false,
      "clears_wall": false,
      "clears_deployed_481p53": true
    },
    "defensible_hi_380": {
      "dcov": 0.029,
      "coverage_gap_realizable_frac": 0.2642753138717703,
      "coverage_gap_structural_frac": 0.7357246861282297,
      "realizable_etp_lift": 0.22946566493654677,
      "realizable_tps_uncapped": 28.76315510560829,
      "realizable_demand_headroom_tps": 28.76315510560829,
      "frac_of_38p21_headroom_realizable": 0.7527115980988991,
      "realizable_frontier_tps": 511.5031706494846,
      "wall_binds": false,
      "clears_wall": false,
      "clears_deployed_481p53": true
    },
    "fromscratch_ceiling_380": {
      "dcov": 0.02273404808468482,
      "coverage_gap_realizable_frac": 0.20717405838468958,
      "coverage_gap_structural_frac": 0.7928259416153104,
      "realizable_etp_lift": 0.17988563656729759,
      "realizable_tps_uncapped": 22.54837762890161,
      "realizable_demand_headroom_tps": 22.54837762890161,
      "frac_of_38p21_headroom_realizable": 0.5900752298303562,
      "realizable_frontier_tps": 505.28839317277794,
      "wall_binds": false,
      "clears_wall": false,
      "clears_deployed_481p53": true
    },
    "optimistic_339": {
      "dcov": 0.0385,
      "coverage_gap_realizable_frac": 0.3508482615194191,
      "coverage_gap_structural_frac": 0.6491517384805809,
      "realizable_etp_lift": 0.3046354517261052,
      "realizable_tps_uncapped": 38.185567985031696,
      "realizable_demand_headroom_tps": 38.185567985031696,
      "frac_of_38p21_headroom_realizable": 0.9992895354071591,
      "realizable_frontier_tps": 520.925583528908,
      "wall_binds": false,
      "clears_wall": false,
      "clears_deployed_481p53": true
    },
    "full_recipe_339": {
      "dcov": 0.0525,
      "coverage_gap_realizable_frac": 0.4784294475264806,
      "coverage_gap_structural_frac": 0.5215705524735195,
      "realizable_etp_lift": 0.41541197962650706,
      "realizable_tps_uncapped": 52.071229070497765,
      "realizable_demand_headroom_tps": 38.21271676729111,
      "frac_of_38p21_headroom_realizable": 1.0,
      "realizable_frontier_tps": 520.9527323111674,
      "wall_binds": true,
      "clears_wall": true,
      "clears_deployed_481p53": true
    }
  },
  "base_robustness_467": {
    "dcov": 0.016,
    "coverage_gap_realizable_frac": 0.145807069722356,
    "coverage_gap_structural_frac": 0.854192930277644,
    "realizable_etp_lift": 0.12660174617188788,
    "realizable_tps_uncapped": 15.356500714617194,
    "realizable_demand_headroom_tps": 15.356500714617194,
    "frac_of_38p21_headroom_realizable": 0.28536928074604284,
    "realizable_frontier_tps": 482.4965007146172,
    "wall_binds": false,
    "clears_wall": false,
    "clears_deployed_481p53": true
  },
  "secant_robustness_worst": {
    "dcov": 0.016,
    "coverage_gap_realizable_frac": 0.145807069722356,
    "coverage_gap_structural_frac": 0.854192930277644,
    "realizable_etp_lift": 0.06676571617602328,
    "realizable_tps_uncapped": 8.36897603237947,
    "realizable_demand_headroom_tps": 8.36897603237947,
    "frac_of_38p21_headroom_realizable": 0.21901023377492623,
    "realizable_frontier_tps": 491.1089915762558,
    "wall_binds": false,
    "clears_wall": false,
    "clears_deployed_481p53": true
  },
  "tps_per_dcov_482": 991.8329346761479,
  "probe_was_run": false,
  "probe_etp_delta_measured": null,