{
  "pr": 660,
  "analysis_only": true,
  "official_tps": 0,
  "stack": "int4_mtp_batchinv",
  "drafter": "/tmp/qat-assistant",
  "config": {
    "batch_invariant": 1,
    "max_num_seqs": 1,
    "greedy": true,
    "num_prompts": 128,
    "output_len": 512,
    "seed": 1,
    "vllm": "0.22.0"
  },
  "rows": [
    {
      "K": 6,
      "t_start_utc": "2026-06-18T11:13:48.267390+00:00",
      "server_ready_s": 120.02316808700562,
      "served_model_name": "gemma-4-e4b-it",
      "pass1_wall_around_s": 393.50907254219055,
      "pass1_num_completion_tokens": 65536,
      "pass1_duration_s": 385.1481831073761,
      "pass1_full_e2e_wall_tps": 170.1578843531221,
      "pass1_completion_sha_concat": "6c0b558396c9ecf4416d4ccb2608c722e942c9ca74fbf49d2248cb1d3b2abb54",
      "pass2_stream": {
        "num_records": 128,
        "num_completion_tokens": 65536,
        "output_len": 512,
        "seed": 1,
        "wall_loop_s": 384.1230612239451,
        "sum_request_wall_s": 382.447551162506,
        "sum_decode_window_s": 374.2665822420968,
        "sum_ttft_s": 8.180968920409214,
        "mean_ttft_s": 0.06391381969069698,
        "stream_full_e2e_wall_tps": 171.35944471547438,
        "stream_steady_wall_tps": 174.76313169122432,
        "stream_loop_wall_tps": 170.61199031159515
      },
      "gen_meter": {
        "gen_tps_series_all": [
          5.8,
          147.8,
          134.4,
          174.3,
          171.4,
          187.6,
          174.3,
          162.1,
          159.8,
          192.7,
          139.7,
          169.5,
          175.7,
          198.8,
          163.7,
          153.4,
          166.2,
          180.3,
          148.2,
          148.7,
          158.2,
          195.2,
          159.4,
          170.5,
          174.6,
          171.9,
          179.7,
          187.5,
          187.2,
          161.0,
          171.1,
          189.8,
          164.4,
          183.7,
          195.0,
          156.5,
          166.1,
          180.2,
          150.9,
          92.2,
          104.1,
          141.8,
          157.6,
          182.3,
          182.2,
          187.1,
          164.8,
          161.6,
          171.7,
          168.6,
          164.5,
          170.0,
          207.2,
          175.7,
          158.8,
          170.7,
          182.1,
          136.9,
          153.5,
          164.3,
          177.6,
          168.6,
          179.7,
          177.7,
          152.0,
          193.8,
          177.5,
          190.9,
          161.7,
          147.0,
          190.4,
          157.0,
          187.2,
          176.3,
          177.4,
          139.7,
          193.9,
          173.9
        ],
        "gen_tps_series_steady": [
          147.8,
          134.4,
          174.3,
          171.4,
          187.6,
          174.3,
          162.1,
          159.8,
          192.7,
          139.7,
          169.5,
          175.7,
          198.8,
          163.7,
          153.4,
          166.2,
          180.3,
          148.2,
          148.7,
          158.2,
          195.2,
          159.4,
          170.5,
          174.6,
          171.9,
          179.7,
          187.5,
          187.2,
          161.0,
          171.1,
          189.8,
          164.4,
          183.7,
          195.0,
          156.5,
          166.1,
          180.2,
          150.9,
          92.2,
          104.1,
          141.8,
          157.6,
          182.3,
          182.2,
          187.1,
          164.8,
          161.6,
          171.7,
          168.6,
          164.5,
          170.0,
          207.2,
          175.7,
          158.8,
          170.7,
          182.1,
          136.9,
          153.5,
          164.3,
          177.6,
          168.6,
          179.7,
          177.7,
          152.0,
          193.8,
          177.5,
          190.9,
          161.7,
          147.0,
          190.4,
          157.0,
          187.2,
          176.3,
          177.4,
          139.7,
          193.9,
          173.9
        ],
        "steady_gen_tps_mean": 168.46103896103895,
        "steady_gen_tps_median": 170.7,
        "steady_gen_tps_n": 77,
        "first_interval_tps": 5.8,
        "espec_mean": 3.656923076923077
      },
      "cold_job_wall_tps": 129.73023874978773
    }
  ]
}