{
  "scores_abs": {
    "bi1_fire": {
      "mmlu_pro": [
        0.64,
        160,
        250
      ],
      "gsm8k": [
        0.88,
        264,
        300
      ],
      "aime": [
        0.4,
        12,
        30
      ]
    },
    "bi0_nonstrict": {
      "mmlu_pro": [
        0.644,
        161,
        250
      ],
      "gsm8k": [
        0.8666666666666667,
        260,
        300
      ],
      "aime": [
        0.3333333333333333,
        10,
        30
      ]
    },
    "int4_base": {
      "mmlu_pro": [
        0.632,
        158,
        250
      ],
      "gsm8k": [
        0.87,
        261,
        300
      ],
      "aime": [
        0.36666666666666664,
        11,
        30
      ]
    }
  },
  "pct_of_base": {
    "bi1_fire": {
      "mmlu_pro": 1.0126582278481013,
      "gsm8k": 1.0114942528735633,
      "aime": 1.090909090909091
    },
    "bi0_nonstrict": {
      "mmlu_pro": 1.018987341772152,
      "gsm8k": 0.996168582375479,
      "aime": 0.9090909090909091
    },
    "int4_base": {
      "mmlu_pro": 1.0,
      "gsm8k": 1.0,
      "aime": 1.0
    }
  },
  "panel_mean_of_ratios": {
    "bi1_fire": 1.038353857210252,
    "bi0_nonstrict": 0.9747489444128467,
    "int4_base": 1.0
  },
  "panel_ratio_of_means": {
    "bi1_fire": 1.0274705672493756,
    "bi0_nonstrict": 0.9867998572957545,
    "int4_base": 1.0
  },
  "nonstrict_panel_pct_of_base": 0.9747489444128467,
  "strict_panel_pct_of_base": 1.038353857210252,
  "nonstrict_vs_strict_quality_delta": -0.06360491279740532,
  "nonstrict_vs_strict_quality_delta_rom": -0.0406707099536211,
  "aime_mean_pass_rate": {
    "bi1_fire": 0.30833333333333335,
    "bi0_nonstrict": 0.275,
    "int4_base": 0.29583333333333334
  },
  "aime_maj8_discordance_bi1_vs_bi0": {
    "n_discordant": 2,
    "bi1_fire_only_correct": 2,
    "bi0_nonstrict_only_correct": 0,
    "max_flip_top_vote": 4,
    "k": 8,
    "all_flips_are_plurality_noise": 1,
    "flips": [
      {
        "id": "2024-2024-I-3",
        "gold": 809,
        "bi1_fire_correct": 1,
        "bi0_nonstrict_correct": 0,
        "bi1_fire_topvote": 4,
        "bi0_nonstrict_topvote": 3
      },
      {
        "id": "2024-2024-I-15",
        "gold": 721,
        "bi1_fire_correct": 1,
        "bi0_nonstrict_correct": 0,
        "bi1_fire_topvote": 2,
        "bi0_nonstrict_topvote": 2
      }
    ]
  }
}