{
  "runner": "paired_tps_ab",
  "pr": 82,
  "metric": "wall_tps",
  "baseline": {
    "submission": "fa2sw_precache_kenyan",
    "label": "bm16_s3",
    "override_env": {},
    "describe": "fa2sw_precache_kenyan"
  },
  "candidate": {
    "submission": "fa2sw_precache_kenyan",
    "label": "bm16_s2",
    "override_env": {
      "WIRBEL_BM4_AB": "1",
      "WIRBEL_BM4_BLOCK_M": "16",
      "WIRBEL_BM4_NUM_STAGES": "2"
    },
    "describe": "fa2sw_precache_kenyan[WIRBEL_BM4_AB=1,WIRBEL_BM4_BLOCK_M=16,WIRBEL_BM4_NUM_STAGES=2]"
  },
  "n": 1,
  "workload": {
    "num_prompts": 128,
    "output_len": 512,
    "seed": 3
  },
  "reused_baseline_from": null,
  "elapsed_s": 472.6932771205902,
  "git": {
    "git_commit": "626fb4f931a0b87e46d9d6c51e8626f94832d28d",
    "git_branch": "wirbel/numstages-realize",
    "git_dirty": true
  },
  "arms": {
    "baseline": {
      "n": 1,
      "wall_tps": {
        "n": 1,
        "mean": 453.9125442148871,
        "std": 0.0,
        "cv_pct": 0.0,
        "min": 453.9125442148871,
        "max": 453.9125442148871,
        "range_pct": 0.0,
        "median": 453.9125442148871,
        "p25": 453.9125442148871,
        "p75": 453.9125442148871,
        "values": [
          453.9125442148871
        ]
      },
      "steady_gen_tps_mean": {
        "n": 1,
        "mean": 455.2857142857143,
        "std": 0.0,
        "cv_pct": 0.0,
        "min": 455.2857142857143,
        "max": 455.2857142857143,
        "range_pct": 0.0,
        "median": 455.2857142857143,
        "p25": 455.2857142857143,
        "p75": 455.2857142857143,
        "values": [
          455.2857142857143
        ]
      },
      "e_accept_exact": {
        "n": 1,
        "mean": 3.851584146488375,
        "std": 0.0,
        "cv_pct": 0.0,
        "min": 3.851584146488375,
        "max": 3.851584146488375,
        "range_pct": 0.0,
        "median": 3.851584146488375,
        "p25": 3.851584146488375,
        "p75": 3.851584146488375,
        "values": [
          3.851584146488375
        ]
      },
      "server_ready_s": {
        "n": 1,
        "mean": 80.01451444625854,
        "std": 0.0,
        "cv_pct": 0.0,
        "min": 80.01451444625854,
        "max": 80.01451444625854,
        "range_pct": 0.0,
        "median": 80.01451444625854,
        "p25": 80.01451444625854,
        "p75": 80.01451444625854,
        "values": [
          80.01451444625854
        ]
      },
      "records": [
        {
          "run_idx": 0,
          "t_start_utc": "2026-06-16T08:26:02.320683+00:00",
          "seed": 3,
          "num_prompts": 128,
          "output_len": 512,
          "num_completion_tokens": 65536,
          "decode_duration_s": 144.3802354335785,
          "wall_around_decode_s": 152.69780564308167,
          "wall_tps": 453.9125442148871,
          "steady_gen_tps_mean": 455.2857142857143,
          "steady_gen_tps_mean_nonzero": 455.2857142857143,
          "steady_gen_tps_n": 14,
          "gen_tps_series": [
            464.0,
            446.2,
            426.5,
            471.1,
            452.9,
            439.5,
            464.3,
            429.9,
            481.9,
            444.1,
            480.1,
            485.5,
            433.6,
            454.4
          ],
          "e_accept_exact": 3.851584146488375,
          "e_accept_interval_mean": 3.8535714285714286,
          "num_speculative_tokens": 7,
          "total_accepted_tokens": 47342,
          "total_drafted_tokens": 116214,
          "intervals": 14,
          "clock": {
            "n_samples": 621,
            "n_load_samples": 576,
            "sm_clock_mhz": {
              "mean": 1710.0,
              "min": 1710.0,
              "max": 1710.0
            },
            "sm_clock_mhz_load": {
              "mean": 1710.0,
              "min": 1710.0,
              "max": 1710.0
            },
            "mem_clock_mhz_load": {
              "mean": 6251.0,
              "min": 6251.0,
              "max": 6251.0
            },
            "temp_c": {
              "mean": 42.34299516908212,
              "min": 29.0,
              "max": 47.0
            },
            "power_w_load": {
              "mean": 163.86098958333332,
              "min": 70.59,
              "max": 180.62
            },
            "util_pct": {
              "mean": 92.30595813204509,
              "min": 0.0,
              "max": 100.0
            }
          },
          "log_offset_start": 0,
          "server_ready_s": 80.01451444625854,
          "arm": "bm16_s3",
          "submission": "fa2sw_precache_kenyan",
          "override_env": {}
        }
      ]
    },
    "candidate": {
      "n": 1,
      "wall_tps": {
        "n": 1,
        "mean": 455.7798848406181,
        "std": 0.0,
        "cv_pct": 0.0,
        "min": 455.7798848406181,
        "max": 455.7798848406181,
        "range_pct": 0.0,
        "median": 455.7798848406181,
        "p25": 455.7798848406181,
        "p75": 455.7798848406181,
        "values": [
          455.7798848406181
        ]
      },
      "steady_gen_tps_mean": {
        "n": 1,
        "mean": 455.67857142857144,
        "std": 0.0,
        "cv_pct": 0.0,
        "min": 455.67857142857144,
        "max": 455.67857142857144,
        "range_pct": 0.0,
        "median": 455.67857142857144,
        "p25": 455.67857142857144,
        "p75": 455.67857142857144,
        "values": [
          455.67857142857144
        ]
      },
      "e_accept_exact": {
        "n": 1,
        "mean": 3.852636648206116,
        "std": 0.0,
        "cv_pct": 0.0,
        "min": 3.852636648206116,
        "max": 3.852636648206116,
        "range_pct": 0.0,
        "median": 3.852636648206116,
        "p25": 3.852636648206116,
        "p75": 3.852636648206116,
        "values": [
          3.852636648206116
        ]
      },
      "server_ready_s": {
        "n": 1,
        "mean": 80.014479637146,
        "std": 0.0,
        "cv_pct": 0.0,
        "min": 80.014479637146,
        "max": 80.014479637146,
        "range_pct": 0.0,
        "median": 80.014479637146,
        "p25": 80.014479637146,
        "p75": 80.014479637146,
        "values": [
          80.014479637146
        ]
      },
      "records": [
        {
          "run_idx": 0,
          "t_start_utc": "2026-06-16T08:29:58.868544+00:00",
          "seed": 3,
          "num_prompts": 128,
          "output_len": 512,
          "num_completion_tokens": 65536,
          "decode_duration_s": 143.78870630264282,
          "wall_around_decode_s": 152.1961534023285,
          "wall_tps": 455.7798848406181,
          "steady_gen_tps_mean": 455.67857142857144,
          "steady_gen_tps_mean_nonzero": 455.67857142857144,
          "steady_gen_tps_n": 14,
          "gen_tps_series": [
            441.9,
            447.9,
            430.8,
            476.3,
            454.5,
            427.7,
            475.5,
            428.8,
            486.0,
            445.5,
            484.2,
            486.7,
            435.6,
            458.1
          ],
          "e_accept_exact": 3.852636648206116,
          "e_accept_interval_mean": 3.855714285714286,
          "num_speculative_tokens": 7,
          "total_accepted_tokens": 47388,
          "total_drafted_tokens": 116284,
          "intervals": 14,
          "clock": {
            "n_samples": 619,
            "n_load_samples": 575,
            "sm_clock_mhz": {
              "mean": 1710.0,
              "min": 1710.0,
              "max": 1710.0
            },
            "sm_clock_mhz_load": {
              "mean": 1710.0,
              "min": 1710.0,
              "max": 1710.0
            },
            "mem_clock_mhz_load": {
              "mean": 6251.0,
              "min": 6251.0,
              "max": 6251.0
            },
            "temp_c": {
              "mean": 42.38287560581583,
              "min": 30.0,
              "max": 48.0
            },
            "power_w_load": {
              "mean": 164.00699130434782,