{
  "config": {
    "accept_json": "research/accept_calibration/accept_calibration_results.json",
    "private_json": null,
    "accept_source": "server_log",
    "rankcov_json": "research/rank_coverage/rank_coverage_results.json",
    "rho_opt_json": "research/spec_cost_model/rho_optimal_topology_results.json",
    "step": 1.2182,
    "ground_truth_drop": 0.043,
    "drop_targets": [
      0.043,
      0.09
    ],
    "W": 4,
    "max_depth": 24,
    "output": "research/validity/tree_private_drop_reconcile/selftest_cpu.json",
    "wandb_project": "gemma-challenge-senpai",
    "wandb_entity": "wandb-applied-ai-team",
    "wandb_group": "tree-private-drop-reconcile",
    "wandb_name": "stark/tree-private-drop-reconcile-selftest",
    "no_wandb": false
  },
  "constants": {
    "K_cal": 125.26795005202914,
    "step_measured_depth9": 1.2182,
    "step_roofline": 1.2127483746822987,
    "tau_band": {
      "low": 0.9983,
      "central": 1.0,
      "high": 1.0
    },
    "bug1_mult": 0.9317455102952731,
    "ground_truth_drop": 0.043,
    "clear_500_bar_at_step": 4.862377006624717,
    "frontier_official": 481.53,
    "target_500": 500.0
  },
  "public_ladder": {
    "q_conditional": [
      0.728739760479042,
      0.7589764102641635,
      0.7924989076194682,
      0.821702519412012,
      0.8342716929825772,
      0.8352594665096346,
      0.8472621220149911
    ],
    "linear_E_T": 3.8444537125748504,
    "rho_cond": [
      0.4165047789261015,
      0.2655480090557997,
      0.19075249320036264
    ],
    "depth1_public": 0.728739760479042
  },
  "self_test": {
    "ET_tree_0598": 4.811237948198919,
    "ET_tree_0598_expected": 4.811237948198919,
    "ET_tree_cell3_descent_only_0679": 5.056404568844709,
    "ET_tree_cell3_expected": 5.0564,
    "ET_tree_cell4_both_bugs_0729": 5.206954309441963,
    "ET_tree_cell4_expected": 5.2068,
    "official_cell3_step_meas": 519.9519249490157,
    "official_cell4_step_meas": 535.4330096522523,
    "official_cell3_step_roofline": 522.2892466368573,
    "official_cell4_step_roofline": 537.8399229182609,
    "clear_500_bar_step_meas": 4.862377006624717,
    "clear_500_bar_step_roofline": 4.840617149792076,
    "passes": true
  },
  "public_descent_walk_reference": {
    "et_descent_only": 5.056404568844709,
    "et_both_bugs": 5.206954309441963,
    "official_descent_only": 519.9519249490157,
    "official_both_bugs": 535.4330096522523
  },
  "private_pending": true,
  "verdict": {
    "self_test_passes": 1,
    "private_pending": true
  }
}