{
  "pr": 522,
  "agent": "kanna",
  "analysis_only": true,
  "official_tps": 0,
  "no_serve": true,
  "no_hf_job": true,
  "no_launch": true,
  "no_submission": true,
  "group": "reopen-rung-private-speed-risk",
  "boundary": "speed-side reopen-rung risk (private speed-drift per rung). quality-side = denken #513/#520 (0 exposure). public split-KV anchor = stark #519. scored accuracy = ubel #511.",
  "framework": {
    "PF": 0.9999171490311938,
    "breach_central": 0.04294644155088977,
    "sigma_hw_frac": 0.01,
    "sigma_hw_abs_at_481_provenance_only": 4.864,
    "sigma_hw_ref_tps": 481.53,
    "sigma_accdraw_used": 0.028548713507174982,
    "denken24_refuted_breach": 0.24,
    "z95": 1.959963984540054,
    "z90_1sided": 1.6448536269514722,
    "source_runs": {
      "kanna_504_propagation": "0urxqwob",
      "kanna_478_sigma_hw": "mssuss3f",
      "kanna_508_dossier": "ship_private_dossier",
      "pr44_acceptance_draws": "private_gap_probe"
    }
  },
  "acceptance_distribution": {
    "n_draws": 6,
    "R_ea_mean": 0.88773326152767,
    "R_ea_sd": 0.028548713507174982,
    "R_ea_min": 0.8508829008920045,
    "R_ea_max": 0.9386990689009608,
    "breach_acc_mean": 0.11226673847233008,
    "breach_acc_sd": 0.028548713507174982,
    "breach_acc_max": 0.14911709910799553,
    "R_tps_mean": 0.8699804625811856,
    "R_tps_sd": 0.00936666317820961
  },
  "acceptance_draws": [
    {
      "domain": "20260613T194357Z",
      "ea_pub": 4.060508965432251,
      "ea_pri": 3.5652267935340864,
      "R_ea": 0.8780246082167089,
      "breach_acc": 0.12197539178329109,
      "tps_pub": 423.63342412817775,
      "tps_pri": 370.95983385077477,
      "R_tps": 0.8756623361676352
    },
    {
      "domain": "native_casual",
      "ea_pub": 4.111284386501154,
      "ea_pri": 3.5481509393335844,
      "R_ea": 0.8630273670640392,
      "breach_acc": 0.13697263293596085,
      "tps_pub": 493.01533371543076,
      "tps_pri": 429.5131319168345,
      "R_tps": 0.8711962946060217
    },
    {
      "domain": "native_code",
      "ea_pub": 4.111284386501154,
      "ea_pri": 3.677196115637906,
      "R_ea": 0.8944154113277791,
      "breach_acc": 0.10558458867222087,
      "tps_pub": 493.1454191579584,
      "tps_pri": 437.1796323375143,
      "R_tps": 0.8865126093718864
    },
    {
      "domain": "native_longctx",
      "ea_pub": 4.111284386501154,
      "ea_pri": 3.859258825595691,
      "R_ea": 0.9386990689009608,
      "breach_acc": 0.061300931099039224,
      "tps_pub": 493.04005106619206,
      "tps_pri": 427.44144930562777,
      "R_tps": 0.8669507647123023
    },
    {
      "domain": "native_math",
      "ea_pub": 4.111284386501154,
      "ea_pri": 3.7057070565082935,
      "R_ea": 0.9013502127645271,
      "breach_acc": 0.09864978723547291,
      "tps_pub": 493.1656947890116,
      "tps_pri": 423.51244008179805,
      "R_tps": 0.8587629767374373
    },
    {
      "domain": "native_multilingual",
      "ea_pub": 4.111284386501154,
      "ea_pri": 3.498221585178107,
      "R_ea": 0.8508829008920045,
      "breach_acc": 0.14911709910799553,
      "tps_pub": 493.52732612415423,
      "tps_pri": 424.8272335530058,
      "R_tps": 0.8607977938918302
    }
  ],
  "shared_drafter_note": "surgical357 + splitkv399 share SPECULATIVE_CONFIG mtp K=7 and DRAFTER_SHA256 ed159e33...dd18e and are byte-exact greedy-identical; acceptance variance is identical across rungs by construction.",
  "rung_private_speed_risk_table": [
    {
      "rung": "surgical357",
      "role": "control (shipped primary)",
      "public_anchor_kind": "official",
      "public_anchor_src": "j7qao5e9 (128x512 HF Jobs)",
      "loadable": true,
      "submission": "submissions/fa2sw_strict_surgical357",
      "public_tps": 375.857,
      "mult_central": 0.9569742656345933,
      "projected_private_tps_mean": 359.68547655862136,
      "private_tps_sigma_hw": 3.5968547655862135,
      "private_tps_band95_lo": 352.6357707604511,
      "private_tps_band95_hi": 366.7351823567916,
      "breach_p95": 0.08990489650796503,
      "mult_worst": 0.8951253711735384,
      "private_tps_worstcase": 336.43913663317267,
      "proxy_pessimistic_private_tps_mean": 333.6607604780055,
      "proxy_worstdraw_private_tps": 319.81029448056614,
      "denken24_refuted_private_tps": 285.65132,
      "quality_verdict": "0 downstream exposure (denken #513/#520 pure-speed); spec-alive byte-exact"
    },
    {
      "rung": "splitkv399",
      "role": "upgrade candidate (byte-exact fixed-order split-KV)",
      "public_anchor_kind": "provisional (local/#496)",
      "public_anchor_src": "lawine #496 / 42qroec1; stark #519 owns official anchor",
      "loadable": true,
      "submission": "submissions/fa2sw_strict_byteexact_splitkv399",
      "public_tps": 399.75,
      "mult_central": 0.9569742656345933,
      "projected_private_tps_mean": 382.55046268742865,
      "private_tps_sigma_hw": 3.8255046268742867,
      "private_tps_band95_lo": 375.0526113960637,
      "private_tps_band95_hi": 390.0483139787936,
      "breach_p95": 0.08990489650796503,
      "mult_worst": 0.8951253711735384,
      "private_tps_worstcase": 357.82636712662196,
      "proxy_pessimistic_private_tps_mean": 354.87137129568606,
      "proxy_worstdraw_private_tps": 340.1404396315788,
      "denken24_refuted_private_tps": 303.81,
      "quality_verdict": "0 downstream exposure (denken #513/#520 pure-speed); spec-alive byte-exact"
    },
    {
      "rung": "frontier457",
      "role": "upgrade candidate (strict-frontier prediction)",
      "public_anchor_kind": "prediction-only",
      "public_anchor_src": "PR #522 prediction; reanchor #455 strict frontier ~466.0",
      "loadable": false,
      "submission": null,
      "public_tps": 457.5,
      "mult_central": 0.9569742656345933,
      "projected_private_tps_mean": 437.8157265278264,
      "private_tps_sigma_hw": 4.378157265278264,
      "private_tps_band95_lo": 429.23469596922865,
      "private_tps_band95_hi": 446.3967570864242,
      "breach_p95": 0.08990489650796503,
      "mult_worst": 0.8951253711735384,
      "private_tps_worstcase": 409.5198573118938,
      "proxy_pessimistic_private_tps_mean": 406.137967148909,
      "proxy_worstdraw_private_tps": 389.278927158092,
      "denken24_refuted_private_tps": 347.7,
      "quality_verdict": "0 downstream exposure (denken #513/#520 pure-speed); spec-alive byte-exact"
    }
  ],
  "floorlock_tps": 166.23,
  "verdict_oneline": "Acceptance is a SHARED drafter property (identical DRAFTER_SHA256 + MTP K=7 + byte-exact output) -> all rungs inherit the SAME private-drift multiplier (central 0.9570, combined-worstcase 0.8951). Private TPS ranking therefore equals public ranking at EVERY percentile: frontier457 > splitkv399 > surgical357. Best risk-adjusted reopen rung = frontier457 (worst-case private floor 409.5 TPS). splitkv399 worst-case floor 357.8 ~= surgical357 EXPECTED private 359.7: the upgrade's downside lands at the control's median, and splitkv399 beats surgical357 by +21.4 at the worst case. UPGRADE rule: private-speed-drift NEVER inverts the ranking, so upgrade to the fastest rung whose PUBLIC anchor is validated (stark #519 for splitkv399; frontier457 is prediction-only). Speed-side risk does not gate the upgrade; quality is denken-cleared (0 exposure). Floor-lock 166.23 remains the only literal-identity fallback.",
  "splitkv399_projected_private_tps": 382.55046268742865,
  "splitkv399_private_tps_worstcase": 357.82636712662196,
  "surgical357_private_tps_worstcase": 336.43913663317267,
  "frontier457_projected_private_tps": 437.8157265278264,
  "frontier457_private_tps_worstcase": 409.5198573118938,
  "best_riskadj_rung": "frontier457",
  "best_riskadj_worstcase_floor": 409.5198573118938,
  "self_test": {
    "checks": {
      "nan_clean": true,
      "n_draws_ge_5": true,
      "ranking_preserved_mean": true,
      "ranking_preserved_worstcase": true,
      "shared_multiplier": true,
      "splitkv_worst_ge_surg_worst": true,