{
  "pr": 717,
  "analysis_only": 1,
  "official_tps": 0,
  "no_hf_job": 1,
  "fires": 0,
  "created_at": "20260619T124527Z",
  "verdict": "INT8_GPQA_MARGINAL_TIE",
  "int8_gpqa_comfortable": 0,
  "gpqa_d_int8locus_sampled_wilson_lo_30seed": 0.4782059265668658,
  "gpqa_gate_abs": 0.471,
  "gpqa_base_sampled_3seed": 0.5236,
  "arm": "int8-locus (int4-g128 body skeleton + int8 L14-27 + int4-g128 lm_head; in-memory RTN fake-quant on bf16 qat-unquantized base)",
  "fern_recipe_ref": "nmjvtfov (#659)",
  "int8_group_size": 128,
  "gpqa_K_seeds": 30,
  "gpqa_n_items": 198,
  "gpqa_n_prompt_mismatch": 0,
  "gpqa_sampled_point": 0.4909090909090909,
  "gpqa_sampled_pct_of_base": 93.75651086881035,
  "gpqa_mean_acc": 0.4909090909090909,
  "gpqa_std_acc": 0.02385178118001231,
  "gpqa_min_seed_acc": 0.45454545454545453,
  "gpqa_max_seed_acc": 0.5454545454545454,
  "gpqa_n_seeds_below_gate": 7,
  "gpqa_pooled_wilson_lo": 0.4782059265668658,
  "gpqa_pooled_wilson_hi": 0.5036240060199586,
  "gpqa_pooled_wilson_lo_pct_of_base": 91.33039086456567,
  "gpqa_seed_mean_lo": 0.4820036894709431,
  "gpqa_seed_mean_hi": 0.49981449234723874,
  "gpqa_seed_mean_half_width": 0.008905401438147836,
  "gpqa_bootstrap_items_lo": 0.43956228956228954,
  "gpqa_bootstrap_items_hi": 0.5414141414141416,
  "gpqa_wilson_n198_lo": 0.4211266754394732,
  "gpqa_wilson_n198_hi": 0.5590557904257116,
  "gpqa_point_clears_0471": true,
  "gpqa_pooled_wilson_clears_0471": true,
  "gpqa_seed_mean_clears_0471": true,
  "gpqa_bootstrap_items_clears_0471": false,
  "gpqa_worst_seed_clears_0471": false,
  "gpqa_both_ci_lenses_clear": true,
  "gpqa_straddling_lenses": [
    "bootstrap_items",
    "wilson_n198"
  ],
  "gpqa_ci_untightenable_on_diamond_population": true,
  "gpqa_point_margin": 0.019909090909090932,
  "gpqa_pooled_wilson_margin": 0.007205926566865806,
  "gpqa_seed_mean_margin": 0.011003689470943101,
  "gpqa_point_at_10": 0.4914141414141414,
  "gpqa_point_at_21": 0.4959114959114959,
  "gpqa_point_at_30": 0.4909090909090909,
  "gpqa_point_drift_10_to_30": -0.0005050505050505083,
  "gpqa_point_stable_or_rising": false,
  "gpqa_trajectory": [
    {
      "K": 10,
      "pooled_point": 0.4914141414141414,
      "seed_mean": 0.4914141414141414,
      "pooled_wilson_lo": 0.46943188033949235,
      "seed_mean_lo": 0.4708328825977349,
      "seed_mean_half_width": 0.020581258816406517,
      "pooled_clears_0471": false,
      "seed_mean_clears_0471": false,
      "point_clears_0471": true,
      "pooled_n": 1980,
      "pooled_k": 973
    },
    {
      "K": 21,
      "pooled_point": 0.4959114959114959,
      "seed_mean": 0.4959114959114959,
      "pooled_wilson_lo": 0.4807251630318402,
      "seed_mean_lo": 0.48456412928188963,
      "seed_mean_half_width": 0.011347366629606292,
      "pooled_clears_0471": true,
      "seed_mean_clears_0471": true,
      "point_clears_0471": true,
      "pooled_n": 4158,
      "pooled_k": 2062
    },
    {
      "K": 30,
      "pooled_point": 0.4909090909090909,
      "seed_mean": 0.4909090909090909,
      "pooled_wilson_lo": 0.4782059265668658,
      "seed_mean_lo": 0.4820036894709431,
      "seed_mean_half_width": 0.008905401438147836,
      "pooled_clears_0471": true,
      "seed_mean_clears_0471": true,
      "point_clears_0471": true,
      "pooled_n": 5940,
      "pooled_k": 2916
    }
  ],
  "int4_body_reference": {
    "point_30seed": 0.4783,
    "pooled_wilson_lo_30seed": 0.4656,
    "seed_mean_lo_30seed": 0.46995,
    "greedy_point": 0.4697,
    "point_at_10": 0.4894,
    "point_at_21": 0.4822,
    "point_at_30": 0.4783,
    "pooled_clears": false,
    "seed_mean_clears": false,
    "verdict_leg": "MARGINAL_TIE (point clears, both CI lenses straddle below, point drifts down)"
  },
  "int4_body_point_30seed": 0.4783,
  "int8_vs_int4_body_gpqa_delta": 0.012609090909090903,
  "int8_vs_int4_body_pooled_lo_delta": 0.012605926566865766,
  "int8_vs_int4_body_seed_mean_lo_delta": 0.012053689470943096,
  "moves_up_and_out_of_int4_tie": false,
  "adjudication": {
    "int8_locus": {
      "point_30seed": 0.4909090909090909,
      "pooled_wilson_lo_30seed": 0.4782059265668658,
      "seed_mean_lo_30seed": 0.4820036894709431,
      "greedy_point": 0.4696969696969697,
      "point_at_10": 0.4914141414141414,
      "point_at_21": 0.4959114959114959,
      "point_at_30": 0.4909090909090909,
      "pooled_clears": true,
      "seed_mean_clears": true,
      "point_stable_or_rising": false,
      "verdict": "INT8_GPQA_MARGINAL_TIE"
    },
    "int4_body_696": {
      "point_30seed": 0.4783,
      "pooled_wilson_lo_30seed": 0.4656,
      "seed_mean_lo_30seed": 0.46995,
      "greedy_point": 0.4697,
      "point_at_10": 0.4894,
      "point_at_21": 0.4822,
      "point_at_30": 0.4783,
      "pooled_clears": false,
      "seed_mean_clears": false,
      "verdict_leg": "MARGINAL_TIE (point clears, both CI lenses straddle below, point drifts down)"
    },
    "delta_point": 0.012609090909090903,
    "delta_pooled_lo": 0.012605926566865766,
    "delta_seed_mean_lo": 0.012053689470943096,
    "moves_up_and_out_of_int4_tie": false,
    "interpretation": "int8-on-L14-27 does NOT rescue GPQA-D: it stays in the same marginal-tie pathology as the int4-body arm (point clears but >=1 CI lens straddles below and/or the point drifts down)."
  },
  "reconciliation": {
    "lawine715_ref": "lawine #715 (#515 4-leg panel on the int8-locus recovery, fern #659)",
    "what_715_measured": "GPQA-D as one leg of the 4-benchmark #515 quality panel on the int8-locus arm -- a shallow pass/fail point (the depth a single panel pass cannot give).",
    "what_717_adds": "the 30-seed pooled-Wilson + seed-mean-t-CI + @10/@21/@30 drift instrument (#696 verbatim) on the IDENTICAL int8-locus arm -- turns #715's GPQA-D point into a robustness verdict.",
    "int8locus_gpqa_point_30seed": 0.4909090909090909,
    "int8locus_gpqa_pooled_wilson_lo_30seed": 0.4782059265668658,
    "int8locus_gpqa_seed_mean_lo_30seed": 0.4820036894709431,
    "verdict_30seed": "INT8_GPQA_MARGINAL_TIE",
    "lawine715_gpqa_point": null,
    "note": "lawine #715 GPQA-D leg point not supplied; reconciliation is structural -- #717 supplies the 30-seed depth (#715's panel leg lacks it). Robustness verdict: INT8_GPQA_MARGINAL_TIE."
  },
  "wandb_run_ids_legs": {
    "gpqa_aggregate": "gpqa_int8locus_30seed.json"
  }
}