{
  "submission": "/workspace/senpai/target/submissions/fa2sw_precache_kenyan",
  "server_python": "/tmp/senpai-venvs/5f4c623f772358a2/bin/python",
  "num_prompts": 128,
  "output_len": 512,
  "seed": 1,
  "conc": 1,
  "utc": "2026-06-14T00:59:16Z",
  "decode_summary": {
    "dataset_path": "/workspace/senpai/target/official/main_bucket/shared_resources/speed_benchmark/data/eval_prompts_sharegpt.json",
    "duration_s": 144.15146899223328,
    "num_completion_tokens": 65536,
    "num_prompt_tokens": 34836,
    "num_records": 128,
    "output_file": "/workspace/senpai/target/research/accept_calibration/decode_accept_calibration.jsonl",
    "output_len": 512,
    "request_timeout_s": 180,
    "required_request_field": "return_token_ids: true",
    "required_response_field": "choices[0].token_ids",
    "seed": 1,
    "token_id_sources": {
      "choices[0].token_ids": 128
    },
    "token_ids_required": true,
    "tokenizer": "google/gemma-4-E4B-it"
  },
  "prometheus_raw_available": true,
  "decode_wall_s": 238.73715257644653,
  "server_log_metrics": {
    "intervals": 15,
    "num_speculative_tokens": 7,
    "total_accepted_tokens": 47497,
    "total_drafted_tokens": 116900,
    "num_drafts": 16700.0,
    "mean_tokens_per_step_E_T": 3.844131736526946,
    "draft_acceptance_rate": 0.4063045337895637,
    "cumulative_acceptance_C": [
      0.728739760479042,
      0.5530962874251496,
      0.43832820359281444,
      0.36017538922155695,
      0.300484131736527,
      0.2509822155688623,
      0.2126477245508982
    ],
    "conditional_acceptance_p": [
      0.728739760479042,
      0.7589764102641635,
      0.7924989076194682,
      0.821702519412012,
      0.8342716929825772,
      0.8352594665096346,
      0.8472621220149911
    ],
    "per_interval": [
      {
        "mean_acceptance_length": 4.62,
        "accepted": 134,
        "drafted": 259,
        "cumulative_rate": [
          0.811,
          0.703,
          0.541,
          0.486,
          0.432,
          0.324,
          0.324
        ],
        "avg_draft_acceptance_pct": 51.7
      },
      {
        "mean_acceptance_length": 3.64,
        "accepted": 3150,
        "drafted": 8358,
        "cumulative_rate": [
          0.694,
          0.523,
          0.404,
          0.327,
          0.27,
          0.226,
          0.195
        ],
        "avg_draft_acceptance_pct": 37.7
      },
      {
        "mean_acceptance_length": 3.8,
        "accepted": 3376,
        "drafted": 8449,
        "cumulative_rate": [
          0.72,
          0.542,
          0.428,
          0.346,
          0.296,
          0.249,
          0.215
        ],
        "avg_draft_acceptance_pct": 40.0
      },
      {
        "mean_acceptance_length": 3.7,
        "accepted": 3222,
        "drafted": 8365,
        "cumulative_rate": [
          0.695,
          0.511,
          0.41,
          0.343,
          0.284,
          0.244,
          0.209
        ],
        "avg_draft_acceptance_pct": 38.5
      },
      {
        "mean_acceptance_length": 3.49,
        "accepted": 2994,
        "drafted": 8414,
        "cumulative_rate": [
          0.692,
          0.488,
          0.374,
          0.308,
          0.255,
          0.21,
          0.166
        ],
        "avg_draft_acceptance_pct": 35.6
      },
      {
        "mean_acceptance_length": 4.26,
        "accepted": 3879,
        "drafted": 8330,
        "cumulative_rate": [
          0.761,
          0.593,
          0.505,
          0.428,
          0.368,
          0.322,
          0.283
        ],
        "avg_draft_acceptance_pct": 46.6
      },
      {
        "mean_acceptance_length": 4.11,
        "accepted": 3645,
        "drafted": 8204,
        "cumulative_rate": [
          0.771,
          0.611,
          0.482,
          0.403,
          0.334,
          0.277,
          0.232
        ],
        "avg_draft_acceptance_pct": 44.4
      },
      {
        "mean_acceptance_length": 3.73,
        "accepted": 3278,
        "drafted": 8393,
        "cumulative_rate": [
          0.718,
          0.541,
          0.427,
          0.342,
          0.285,
          0.228,
          0.193
        ],
        "avg_draft_acceptance_pct": 39.1
      },
      {
        "mean_acceptance_length": 4.25,
        "accepted": 3719,
        "drafted": 8022,
        "cumulative_rate": [
          0.767,
          0.606,
          0.497,
          0.417,
          0.36,
          0.32,
          0.279
        ],
        "avg_draft_acceptance_pct": 46.4
      },
      {
        "mean_acceptance_length": 3.74,
        "accepted": 3270,
        "drafted": 8344,
        "cumulative_rate": [
          0.725,
          0.555,
          0.441,
          0.353,
          0.266,
          0.22,
          0.184
        ],
        "avg_draft_acceptance_pct": 39.2
      },
      {
        "mean_acceptance_length": 3.85,
        "accepted": 3429,
        "drafted": 8421,
        "cumulative_rate": [
          0.741,
          0.561,
          0.441,
          0.366,
          0.307,
          0.242,
          0.193
        ],
        "avg_draft_acceptance_pct": 40.7
      },
      {
        "mean_acceptance_length": 3.69,
        "accepted": 3213,
        "drafted": 8358,
        "cumulative_rate": [
          0.72,
          0.546,
          0.415,
          0.342,
          0.271,
          0.22,
          0.176
        ],
        "avg_draft_acceptance_pct": 38.4
      },
      {
        "mean_acceptance_length": 4.16,
        "accepted": 3717,
        "drafted": 8239,
        "cumulative_rate": [
          0.757,
          0.586,
          0.483,
          0.409,
          0.361,
          0.301,
          0.261
        ],
        "avg_draft_acceptance_pct": 45.1
      },
      {
        "mean_acceptance_length": 3.78,
        "accepted": 3346,
        "drafted": 8421,
        "cumulative_rate": [
          0.719,
          0.551,
          0.425,
          0.346,
          0.293,
          0.244,
          0.204
        ],
        "avg_draft_acceptance_pct": 39.7
      },
      {
        "mean_acceptance_length": 3.63,
        "accepted": 3125,
        "drafted": 8323,
        "cumulative_rate": [
          0.723,
          0.529,
          0.406,
          0.313,
          0.257,
          0.213,
          0.188
        ],
        "avg_draft_acceptance_pct": 37.5
      }
    ]
  },
  "prometheus_metrics": {
    "populated": true,
    "num_drafts": 17082.0,
    "num_accepted_tokens": 48671.0,
    "num_draft_tokens": 119574.0,
    "mean_tokens_per_step_E_T": 3.849256527338719,
    "accepted_per_pos": [
      12454.0,
      9458.0,
      7504.0,
      6165.0,
      5146.0,
      4302.0,
      3642.0
    ],
    "cumulative_acceptance_C": [
      0.7290715372907154,
      0.5536822386137454,
      0.4392928228544667,
      0.3609062170706006,
      0.3012527807048355,
      0.2518440463645943,
      0.21320688443976116
    ],
    "conditional_acceptance_p": [
      0.7290715372907154,
      0.759434719768749,
      0.7934024106576444,
      0.8215618336886993,
      0.834712084347121,
      0.835989117761368,
      0.8465829846582985
    ]
  },
  "server_log": "/workspace/senpai/target/research/accept_calibration/server_accept_calibration.log",
  "primary_metric": {
    "name": "deployed_chain_mean_tokens_per_step",
    "value": 3.844131736526946
  },
  "headline": {
    "deployed_chain_mean_tokens_per_step": 3.844131736526946,
    "top1_first_position_acceptance": 0.728739760479042,
    "cumulative_acceptance_C": [
      0.728739760479042,
      0.5530962874251496,
      0.43832820359281444,
      0.36017538922155695,
      0.300484131736527,
      0.2509822155688623,
      0.2126477245508982
    ],
    "conditional_acceptance_p": [
      0.728739760479042,
      0.7589764102641635,
      0.7924989076194682,
      0.821702519412012,
      0.8342716929825772,
      0.8352594665096346,
      0.8472621220149911
    ],
    "draft_acceptance_rate": 0.4063045337895637,