{
  "anchors": {
    "ref_official_tps": 126.378,
    "plus10_bar": 136.378,
    "bi_tax_point": 0.87,
    "stock_e": 3.33,
    "step_ms_fixed2d": 21.191464166558372,
    "realized_official_equiv_carry": 136.71070470778648
  },
  "local_ceiling": {
    "specdec_local_ceiling": 157.13874104343273,
    "reconstructed_official_equiv": 136.71070470778648,
    "reconstruction_resid": 0.0
  },
  "bi_tax_basis": {
    "bi_tax_point": 0.87,
    "bi_tax_basis_n": 1,
    "bi_tax_basis_note": "single PR-specified spec-basis projection; no measured official spec TPS",
    "cross_check_factors": {
      "spec_basis_conservative": 0.87,
      "ar_hard_anchor": 1.028583450966137,
      "deployed_nonstrict": 1.0601865051833779
    },
    "factor_mean": 0.9862566520498381,
    "bi_tax_spread_std_pop": 0.08321215904078097,
    "bi_tax_spread_std_sample": 0.10191366502261776,
    "bi_tax_spread_half_range": 0.09509325259168894,
    "bi_tax_spread": 0.08321215904078097,
    "all_anchors_above_point": true
  },
  "phase_dependence": {
    "uses_blanket_factor": true,
    "phase_appropriate_factor_used": false,
    "spec_bi_inflation": 1.3763249407389855,
    "ar_bi_inflation": 1.2267504619788836,
    "spec_vs_ar_tax_ratio": 1.1219273873504982,
    "note": "spec strict-tax ~12% harsher than AR; host-heavy drafter-M=1 + accept-loop phases plausibly convert below the blanket 0.870"
  },
  "breakeven": {
    "breakeven_bi_tax": 0.8678827327648341,
    "margin_factor": 0.0021172672351659205,
    "margin_factor_pct": 0.24336405001907133,
    "margin_over_plus10_carry": 0.333
  },
  "propagation": {
    "factor_lo": 0.786787840959219,
    "factor_hi": 0.9532121590407809,
    "specdec_official_equiv_lo": 123.63485079661226,
    "specdec_official_equiv_hi": 149.7865586189607,
    "official_at_ar_anchor": 161.63030854292816,
    "official_at_deployed": 166.59637269575276,
    "mean_centered_lo_REJECTED": 141.90327473764825,
    "dispersion_to_margin_ratio": 39.30167985349285,
    "deployed_envelope_halfwidth_pct": 1.9600496790446216
  },
  "verdict": {
    "verdict": "PLUS10_INSIDE_NOISE",
    "plus10_cleared_robustly": 0,
    "breakeven_inside_band": true
  },
  "guards": {
    "analysis_only": 1,
    "official_tps": 0,
    "no_hf_job": 1,
    "fires": 0
  },
  "wandb_run_id": "jl8o9x6e"
}