{
  "pr": 455,
  "agent": "lawine",
  "leg": "Independent re-anchor: strict frontier 467.14 + deployed identity (LOCAL A10G, analysis-only)",
  "analysis_only": true,
  "no_hf_job": true,
  "no_served_file_change": true,
  "official_tps": 0,
  "reanchored_strict_frontier_tps": 466.0177160736458,
  "strict_frontier_sigma": 0.21862139078766127,
  "frontier_seeds": [
    466.17477896674336,
    465.933187573602,
    466.17477896674336,
    465.5805540757984,
    466.0177160736458
  ],
  "frontier_at_median_eta": 466.0177160736458,
  "eta_attn_decode_seeds": [
    0.032938764013125676,
    0.03347435392533441,
    0.032938764013125676,
    0.03425711358555773,
    0.03328689745327782
  ],
  "eta_attn_decode_median": 0.03328689745327782,
  "eta_attn_decode_std": 0.0004850307223511703,
  "n_frontier_seeds": 5,
  "frontier_anchor_412": 467.1400155438763,
  "frontier_drift_vs_anchor": -1.12229947023053,
  "deployed_identity_fraction": 0.9965986394557823,
  "deployed_token_flips": 3,
  "deployed_flip_prompts": [
    11,
    18,
    118
  ],
  "deployed_flips_stable": true,
  "deployed_flips_match_known_111888": true,
  "within_run_byte_stable": true,
  "strict_identity_fraction": 0.9988662131519275,
  "strict_token_flips": 1,
  "strict_flip_prompts": [
    90
  ],
  "identity_anchor_deployed": 0.9965986394557823,
  "identity_drift_vs_anchor": 0.0,
  "strict_beats_deployed_identity": true,
  "n_served_positions": 882,
  "equivalence_tax_tps": 15.5122839263542,
  "sigma_hw": 4.8,
  "tax_exceeds_sigma_hw": true,
  "tax_vs_sigma_hw_ratio": 3.2317258179904584,
  "tax_anchor": 14.38998445612367,
  "tax_drift_vs_anchor": 1.12229947023053,
  "ppl": 2.3772,
  "ppl_gate": 2.42,
  "ppl_passes_gate": true,
  "ppl_corroboration_438_local": 2.376682786480556,
  "strict_is_byte_exact_M8": true,
  "fast_is_byte_exact_M8": false,
  "frontier_is_composed_not_e2e_serve": true,
  "only_e2e_measurable_strict_equiv_config": "M=1 AR (no speculation)",
  "m1_ar_strict_equiv_official_tps_438": 161.6995796731182,
  "m1_ar_strict_equiv_local_tps_438": 156.1959145793974,
  "arms": {
    "heuristic": {
      "decodewidth_e2e_token_identity_rate": 0.9965986394557823,
      "flip_count": 3,
      "flip_prompts": [
        11,
        18,
        118
      ],
      "determinism_M1_vs_M1": 1.0,
      "determinism_M8_vs_M8": 1.0,
      "within_batch_copy0_vs_copy1": 1.0,
      "chunk_isolated_fraction": 1.0,
      "vllm_batch_invariant_env": false,
      "attn_is_batch_invariant": false,
      "total_positions": 882,
      "n_prompts": 126,
      "nan_clean": true,
      "peak_gpu_gb": 12.251262976
    },
    "pinned": {
      "decodewidth_e2e_token_identity_rate": 0.9988662131519275,
      "flip_count": 1,
      "flip_prompts": [
        90
      ],
      "determinism_M1_vs_M1": 1.0,
      "determinism_M8_vs_M8": 1.0,
      "within_batch_copy0_vs_copy1": 1.0,
      "chunk_isolated_fraction": 1.0,
      "vllm_batch_invariant_env": true,
      "attn_is_batch_invariant": true,
      "total_positions": 882,
      "n_prompts": 126,
      "nan_clean": true,
      "peak_gpu_gb": 12.242743296
    }
  },
  "microbench": {
    "penalty_decode_band": 1.3501407887213934,
    "penalty_decode_band_std": 0.005101978636384527,
    "eta_attn_decode": 0.03328689745327782,
    "eta_attn_decode_std": 0.0004850307223511703,
    "eta_attn_decode_seeds": [
      0.032938764013125676,
      0.03347435392533441,
      0.032938764013125676,
      0.03425711358555773,
      0.03328689745327782
    ],
    "band_penalty_M1_seeds": [
      1.3464788157938696,
      1.352112620342798,
      1.3464788157938696,
      1.3603463731338048,
      1.3501407887213934
    ],
    "verify_penalty_band_mean": 1.0,
    "verify_penalty_free": true,
    "fast_is_byte_exact_M8": false,
    "strict_is_byte_exact_M8": true,
    "n_seeds": 5,
    "iters": 50,
    "warmup": 10,
    "peak_gpu_gb": 0.006359552
  },
  "config": {
    "n_prompts": 127,
    "ctx_len": 224,
    "n_verify": 8,
    "seeds": [
      5,
      6,
      7,
      8,
      9
    ],
    "iters": 50,
    "warmup": 10,
    "model_dir": "/senpai-run/home/student-lawine/.cache/huggingface/hub/models--google--gemma-4-E4B-it-qat-w4a16-ct/snapshots/ef0a4c43726bde42a3ca04fd300397c0b8b3c3f0"
  },
  "self_test": {
    "frontier_in_plausible_range": true,
    "frontier_reproduces_anchor_467": true,
    "frontier_sigma_small": true,
    "frontier_median_consistent_with_eta": true,
    "eta_median_positive": true,
    "n_seeds_ge_5": true,
    "all_frontier_seeds_in_range": true,
    "deployed_identity_reproduces_9966": true,
    "deployed_flips_eq_3": true,
    "strict_identity_ge_deployed": true,
    "strict_flips_le_deployed": true,
    "deployed_flips_stable": true,
    "tax_positive": true,
    "tax_exceeds_sigma_hw": true,
    "tax_reproduces_anchor_1439": true,
    "tax_at_least_2x_sigma_hw": true,
    "strict_byte_exact_M8": true,
    "fast_path_nonequivalent": true,
    "ppl_passes_gate": true,
    "heuristic_det_m1_eq_1": true,
    "heuristic_det_m8_eq_1": true,
    "heuristic_within_eq_1": true,
    "heuristic_isolated": true,
    "heuristic_nan_clean": true,
    "pinned_det_m1_eq_1": true,
    "pinned_det_m8_eq_1": true,
    "pinned_within_eq_1": true,
    "pinned_isolated": true,
    "pinned_nan_clean": true,
    "pinned_attn_batch_invariant": true,
    "heuristic_not_batch_invariant": true,
    "constants_exact": true,
    "headline_nan_clean": true
  },
  "self_test_n_checks": 33,
  "strict_frontier_reanchor_self_test_passes": true,
  "one_line_verdict": "Independent re-anchor: strict frontier 466.02 +-0.22 TPS (anchor 467.14, drift -1.12); deployed identity 0.9966/3 flips (anchor 0.9966/3); strict 0.9989/1 flips; equivalence tax 15.51 TPS = 3.2x sigma_hw -> EXCEEDS the 4.8-TPS hardware-noise envelope (the tax is a real, banked cost). 467.14 is a COMPOSED attention-tax isolation, not an end-to-end serve; the only e2e-measurable strict-equiv config is M=1 AR @ 161.7 official.",
  "wandb_run_id": "0r0ounl8"
}