{
  "body": "int4_N0_s34567",
  "kind": "aime",
  "n": 60,
  "n_eff": 60,
  "errors": 0,
  "correct": 19,
  "acc": 0.31666666666666665,
  "ci_lo": 0.21305705841174333,
  "ci_hi": 0.4423400494301654,
  "truncation_rate": 0.1,
  "n_truncated": 6,
  "extract_fail": 0,
  "mean_completion_tokens": 3831.5833333333335,
  "max_completion_tokens": 6144,
  "mean_s_per_item": 42.94866666666667,
  "tokens_per_s_proxy": 89.2130915977213,
  "n_timed": 60,
  "total_decode_wall_s": 2576.92,
  "bf16_endpoint": 0.4667,
  "bf16_run": "zoszxnb0",
  "int4_endpoint": 0.4,
  "bar90": 0.42,
  "pct_of_bf16": 0.6785229626455253,
  "pct_of_bf16_ci_lo": 0.4565182310086637,
  "pct_of_bf16_ci_hi": 0.9478038342193388,
  "clears_90pct_bar": false,
  "max_model_len": 8192,
  "max_tokens": 6144,
  "min_tokens": 8,
  "max_num_seqs": 1,
  "batch_invariant": 1,
  "analysis_only": true,
  "official_tps": 0,
  "decode": "sampled_s34567",
  "seed": 34567,
  "upgrade_layers": "none",
  "upgrade_precision": "int4",
  "n_upgraded_layers": 0,
  "wandb_run_id": "ioo2fz2n"
}