{
  "body": "mix_bf16_L0-13",
  "kind": "aime",
  "n": 48,
  "n_eff": 48,
  "errors": 0,
  "correct": 17,
  "acc": 0.3541666666666667,
  "ci_lo": 0.23433457112685735,
  "ci_hi": 0.4956120354593591,
  "truncation_rate": 0.16666666666666666,
  "n_truncated": 8,
  "extract_fail": 0,
  "mean_completion_tokens": 3683.1666666666665,
  "max_completion_tokens": 6144,
  "mean_s_per_item": 105.302375,
  "tokens_per_s_proxy": 34.97705219532481,
  "n_timed": 48,
  "total_decode_wall_s": 5054.514,
  "bf16_endpoint": 0.4667,
  "bf16_run": "zoszxnb0",
  "int4_endpoint": 0.4,
  "bar90": 0.42,
  "pct_of_bf16": 0.758874366116706,
  "pct_of_bf16_ci_lo": 0.5021096445829384,
  "pct_of_bf16_ci_hi": 1.061949936703148,
  "clears_90pct_bar": false,
  "max_model_len": 8192,
  "max_tokens": 6144,
  "min_tokens": 8,
  "max_num_seqs": 1,
  "batch_invariant": 1,
  "analysis_only": true,
  "official_tps": 0,
  "decode": "greedy_t0",
  "seed": 0,
  "upgrade_layers": "0-13",
  "upgrade_precision": "bf16",
  "n_upgraded_layers": 14
}