{
  "body": "mix_bf16_L28-41",
  "kind": "aime",
  "n": 60,
  "n_eff": 60,
  "errors": 0,
  "correct": 20,
  "acc": 0.3333333333333333,
  "ci_lo": 0.2272909421592783,
  "ci_hi": 0.459433701333366,
  "truncation_rate": 0.11666666666666667,
  "n_truncated": 7,
  "extract_fail": 0,
  "mean_completion_tokens": 3773.0833333333335,
  "max_completion_tokens": 6144,
  "mean_s_per_item": 112.55904999999998,
  "tokens_per_s_proxy": 33.52092375809261,
  "n_timed": 60,
  "total_decode_wall_s": 6753.542999999999,
  "bf16_endpoint": 0.4667,
  "bf16_run": "zoszxnb0",
  "int4_endpoint": 0.4,
  "bar90": 0.42,
  "pct_of_bf16": 0.7142346975216055,
  "pct_of_bf16_ci_lo": 0.48701723196759866,
  "pct_of_bf16_ci_hi": 0.984430472109205,
  "clears_90pct_bar": false,
  "max_model_len": 8192,
  "max_tokens": 6144,
  "min_tokens": 8,
  "max_num_seqs": 1,
  "batch_invariant": 1,
  "analysis_only": true,
  "official_tps": 0,
  "decode": "greedy_t0",
  "seed": 0,
  "upgrade_layers": "28-41",
  "upgrade_precision": "bf16",
  "n_upgraded_layers": 14,
  "wandb_run_id": "n1m9d40r"
}