{
  "body": "mix_int8_all",
  "kind": "aime",
  "n": 60,
  "n_eff": 60,
  "errors": 0,
  "correct": 24,
  "acc": 0.4,
  "ci_lo": 0.28569303003765506,
  "ci_hi": 0.5263417560579315,
  "truncation_rate": 0.11666666666666667,
  "n_truncated": 7,
  "extract_fail": 0,
  "mean_completion_tokens": 3809.9166666666665,
  "max_completion_tokens": 6144,
  "mean_s_per_item": 56.65485000000002,
  "tokens_per_s_proxy": 67.24784668332306,
  "n_timed": 60,
  "total_decode_wall_s": 3399.291000000001,
  "bf16_endpoint": 0.4667,
  "bf16_run": "zoszxnb0",
  "int4_endpoint": 0.4,
  "bar90": 0.42,
  "pct_of_bf16": 0.8570816370259268,
  "pct_of_bf16_ci_lo": 0.6121556246789266,
  "pct_of_bf16_ci_hi": 1.1277946347930823,
  "clears_90pct_bar": false,
  "max_model_len": 8192,
  "max_tokens": 6144,
  "min_tokens": 8,
  "max_num_seqs": 1,
  "batch_invariant": 1,
  "analysis_only": true,
  "official_tps": 0,
  "decode": "greedy_t0",
  "seed": 0,
  "upgrade_layers": "all",
  "upgrade_precision": "int8",
  "n_upgraded_layers": 42,
  "wandb_run_id": "oksetppj"
}