{
  "body": "mix_int8_L14-27_s34567",
  "kind": "aime",
  "n": 60,
  "n_eff": 60,
  "errors": 0,
  "correct": 26,
  "acc": 0.43333333333333335,
  "ci_lo": 0.31572200394400635,
  "ci_hi": 0.5589678534530513,
  "truncation_rate": 0.08333333333333333,
  "n_truncated": 5,
  "extract_fail": 0,
  "mean_completion_tokens": 3672.9666666666667,
  "max_completion_tokens": 6144,
  "mean_s_per_item": 45.66448333333333,
  "tokens_per_s_proxy": 80.43377256357878,
  "n_timed": 60,
  "total_decode_wall_s": 2739.8689999999997,
  "bf16_endpoint": 0.4667,
  "bf16_run": "zoszxnb0",
  "int4_endpoint": 0.4,
  "bar90": 0.42,
  "pct_of_bf16": 0.9285051067780873,
  "pct_of_bf16_ci_lo": 0.6764988299635877,
  "pct_of_bf16_ci_hi": 1.1977027072060238,
  "clears_90pct_bar": true,
  "max_model_len": 8192,
  "max_tokens": 6144,
  "min_tokens": 8,
  "max_num_seqs": 1,
  "batch_invariant": 1,
  "analysis_only": true,
  "official_tps": 0,
  "decode": "sampled_s34567",
  "seed": 34567,
  "upgrade_layers": "14-27",
  "upgrade_precision": "int8",
  "n_upgraded_layers": 14,
  "wandb_run_id": "a87uiair"
}