{
  "body": "int4_N0_s56789",
  "kind": "aime",
  "n": 60,
  "n_eff": 60,
  "errors": 0,
  "correct": 26,
  "acc": 0.43333333333333335,
  "ci_lo": 0.31572200394400635,
  "ci_hi": 0.5589678534530513,
  "truncation_rate": 0.15,
  "n_truncated": 9,
  "extract_fail": 0,
  "mean_completion_tokens": 4048.8166666666666,
  "max_completion_tokens": 6144,
  "mean_s_per_item": 45.70249999999999,
  "tokens_per_s_proxy": 88.59070437430485,
  "n_timed": 60,
  "total_decode_wall_s": 2742.1499999999996,
  "bf16_endpoint": 0.4667,
  "bf16_run": "zoszxnb0",
  "int4_endpoint": 0.4,
  "bar90": 0.42,
  "pct_of_bf16": 0.9285051067780873,
  "pct_of_bf16_ci_lo": 0.6764988299635877,
  "pct_of_bf16_ci_hi": 1.1977027072060238,
  "clears_90pct_bar": true,
  "max_model_len": 8192,
  "max_tokens": 6144,
  "min_tokens": 8,
  "max_num_seqs": 1,
  "batch_invariant": 1,
  "analysis_only": true,
  "official_tps": 0,
  "decode": "sampled_s56789",
  "seed": 56789,
  "upgrade_layers": "none",
  "upgrade_precision": "int4",
  "n_upgraded_layers": 0,
  "wandb_run_id": "hsqjcve5"
}