{
  "body": "mix_int8_L14-27_s45678",
  "kind": "aime",
  "n": 60,
  "n_eff": 60,
  "errors": 0,
  "correct": 22,
  "acc": 0.36666666666666664,
  "ci_lo": 0.2562073884620827,
  "ci_hi": 0.4931723263320327,
  "truncation_rate": 0.1,
  "n_truncated": 6,
  "extract_fail": 0,
  "mean_completion_tokens": 3643.0,
  "max_completion_tokens": 6144,
  "mean_s_per_item": 45.04616666666667,
  "tokens_per_s_proxy": 80.8725862726018,
  "n_timed": 60,
  "total_decode_wall_s": 2702.7700000000004,
  "bf16_endpoint": 0.4667,
  "bf16_run": "zoszxnb0",
  "int4_endpoint": 0.4,
  "bar90": 0.42,
  "pct_of_bf16": 0.7856581672737661,
  "pct_of_bf16_ci_lo": 0.5489766198030483,
  "pct_of_bf16_ci_hi": 1.0567223619713577,
  "clears_90pct_bar": false,
  "max_model_len": 8192,
  "max_tokens": 6144,
  "min_tokens": 8,
  "max_num_seqs": 1,
  "batch_invariant": 1,
  "analysis_only": true,
  "official_tps": 0,
  "decode": "sampled_s45678",
  "seed": 45678,
  "upgrade_layers": "14-27",
  "upgrade_precision": "int8",
  "n_upgraded_layers": 14,
  "wandb_run_id": "goi70q76"
}