{
  "body": "mix_int8_L14-27",
  "kind": "gpqa",
  "n": 198,
  "n_eff": 198,
  "errors": 0,
  "correct": 108,
  "acc": 0.5454545454545454,
  "ci_lo": 0.47588999410886346,
  "ci_hi": 0.6132888471210911,
  "truncation_rate": 0.0,
  "n_truncated": 0,
  "extract_fail": 0,
  "mean_completion_tokens": 1811.3484848484848,
  "max_completion_tokens": 5643,
  "mean_s_per_item": 20.889510101010107,
  "tokens_per_s_proxy": 86.71091261067427,
  "n_timed": 198,
  "total_decode_wall_s": 4136.123000000001,
  "bf16_endpoint": 0.4899,
  "bf16_run": "g3cig1xo",
  "int4_endpoint": 0.4798,
  "bar90": 0.4409,
  "pct_of_bf16": 1.113399766186049,
  "pct_of_bf16_ci_lo": 0.9714023149803296,
  "pct_of_bf16_ci_hi": 1.2518653748134132,
  "clears_90pct_bar": true,
  "max_model_len": 8192,
  "max_tokens": 6144,
  "min_tokens": 8,
  "max_num_seqs": 1,
  "batch_invariant": 1,
  "analysis_only": true,
  "official_tps": 0,
  "decode": "greedy_t0",
  "seed": 0,
  "upgrade_layers": "14-27",
  "upgrade_precision": "int8",
  "n_upgraded_layers": 14,
  "wandb_run_id": "g47nbala"
}