{
  "body": "mix_int8_L14-27_s56789",
  "kind": "aime",
  "n": 60,
  "n_eff": 60,
  "errors": 0,
  "correct": 23,
  "acc": 0.38333333333333336,
  "ci_lo": 0.2708808958488824,
  "ci_hi": 0.5098263545959686,
  "truncation_rate": 0.18333333333333332,
  "n_truncated": 11,
  "extract_fail": 0,
  "mean_completion_tokens": 3862.516666666667,
  "max_completion_tokens": 6144,
  "mean_s_per_item": 48.34418333333334,
  "tokens_per_s_proxy": 79.89620261106903,
  "n_timed": 60,
  "total_decode_wall_s": 2900.6510000000003,
  "bf16_endpoint": 0.4667,
  "bf16_run": "zoszxnb0",
  "int4_endpoint": 0.4,
  "bar90": 0.42,
  "pct_of_bf16": 0.8213699021498465,
  "pct_of_bf16_ci_lo": 0.5804176041330242,
  "pct_of_bf16_ci_hi": 1.0924070164901833,
  "clears_90pct_bar": false,
  "max_model_len": 8192,
  "max_tokens": 6144,
  "min_tokens": 8,
  "max_num_seqs": 1,
  "batch_invariant": 1,
  "analysis_only": true,
  "official_tps": 0,
  "decode": "sampled_s56789",
  "seed": 56789,
  "upgrade_layers": "14-27",
  "upgrade_precision": "int8",
  "n_upgraded_layers": 14,
  "wandb_run_id": "c7otd7l7"
}