{
  "body": "mix_int8_L14-27_s12345",
  "kind": "aime",
  "n": 60,
  "n_eff": 60,
  "errors": 0,
  "correct": 27,
  "acc": 0.45,
  "ci_lo": 0.33093453853760824,
  "ci_hi": 0.575082854510185,
  "truncation_rate": 0.15,
  "n_truncated": 9,
  "extract_fail": 0,
  "mean_completion_tokens": 3822.233333333333,
  "max_completion_tokens": 6144,
  "mean_s_per_item": 47.6926,
  "tokens_per_s_proxy": 80.14311095082536,
  "n_timed": 60,
  "total_decode_wall_s": 2861.556,
  "bf16_endpoint": 0.4667,
  "bf16_run": "zoszxnb0",
  "int4_endpoint": 0.4,
  "bar90": 0.42,
  "pct_of_bf16": 0.9642168416541675,
  "pct_of_bf16_ci_lo": 0.7090947900955823,
  "pct_of_bf16_ci_hi": 1.2322323859228306,
  "clears_90pct_bar": true,
  "max_model_len": 8192,
  "max_tokens": 6144,
  "min_tokens": 8,
  "max_num_seqs": 1,
  "batch_invariant": 1,
  "analysis_only": true,
  "official_tps": 0,
  "decode": "sampled_s12345",
  "seed": 12345,
  "upgrade_layers": "14-27",
  "upgrade_precision": "int8",
  "n_upgraded_layers": 14,
  "wandb_run_id": "o0l2921f"
}