{
  "body": "mix_bf16_L14-27",
  "kind": "aime",
  "n": 60,
  "n_eff": 60,
  "errors": 0,
  "correct": 26,
  "acc": 0.43333333333333335,
  "ci_lo": 0.31572200394400635,
  "ci_hi": 0.5589678534530513,
  "truncation_rate": 0.13333333333333333,
  "n_truncated": 8,
  "extract_fail": 0,
  "mean_completion_tokens": 3614.35,
  "max_completion_tokens": 6144,
  "mean_s_per_item": 106.40843333333332,
  "tokens_per_s_proxy": 33.966762659475926,
  "n_timed": 60,
  "total_decode_wall_s": 6384.505999999999,
  "bf16_endpoint": 0.4667,
  "bf16_run": "zoszxnb0",
  "int4_endpoint": 0.4,
  "bar90": 0.42,
  "pct_of_bf16": 0.9285051067780873,
  "pct_of_bf16_ci_lo": 0.6764988299635877,
  "pct_of_bf16_ci_hi": 1.1977027072060238,
  "clears_90pct_bar": true,
  "max_model_len": 8192,
  "max_tokens": 6144,
  "min_tokens": 8,
  "max_num_seqs": 1,
  "batch_invariant": 1,
  "analysis_only": true,
  "official_tps": 0,
  "decode": "greedy_t0",
  "seed": 0,
  "upgrade_layers": "14-27",
  "upgrade_precision": "bf16",
  "n_upgraded_layers": 14,
  "wandb_run_id": "u936qrqz"
}