{"pid": 1772354, "mode": "TAU(real-gap)", "rate": 0.0, "tau": 1e-06, "use_cudagraph": true, "emitted_total": 65495, "positions_total": 102500, "flagged_total": 1670, "fired_total": 1670, "realized_fire_rate": 0.025498129628215894, "realized_flag_rate": 0.01629268292682927}