{"phase": "recompute_timing", "lmhead_full_vocab_us": 2778.8150310516357, "body_single_layer_us": 422.1463203430176, "n_layers": 42, "f_lmhead_bandwidth": 0.41058540497193263, "full_forward_us_model": 20508.960485458374, "peak_gpu_gb": 1.534727168, "nan_clean": true}