{
  "runner": "paired_tps_ab",
  "pr": 82,
  "metric": "wall_tps",
  "baseline": {
    "submission": "fa2sw_precache_kenyan",
    "label": "bm16_s3",
    "override_env": {},
    "describe": "fa2sw_precache_kenyan"
  },
  "candidate": {
    "submission": "fa2sw_precache_kenyan",
    "label": "bm16_s2",
    "override_env": {
      "WIRBEL_BM4_AB": "1",
      "WIRBEL_BM4_BLOCK_M": "16",
      "WIRBEL_BM4_NUM_STAGES": "2"
    },
    "describe": "fa2sw_precache_kenyan[WIRBEL_BM4_AB=1,WIRBEL_BM4_BLOCK_M=16,WIRBEL_BM4_NUM_STAGES=2]"
  },
  "n": 1,
  "workload": {
    "num_prompts": 128,
    "output_len": 512,
    "seed": 1
  },
  "reused_baseline_from": null,
  "elapsed_s": 473.6530566215515,
  "git": {
    "git_commit": "626fb4f931a0b87e46d9d6c51e8626f94832d28d",
    "git_branch": "wirbel/numstages-realize",
    "git_dirty": true
  },
  "arms": {
    "baseline": {
      "n": 1,
      "wall_tps": {
        "n": 1,
        "mean": 454.35729508225825,
        "std": 0.0,
        "cv_pct": 0.0,
        "min": 454.35729508225825,
        "max": 454.35729508225825,
        "range_pct": 0.0,
        "median": 454.35729508225825,
        "p25": 454.35729508225825,
        "p75": 454.35729508225825,
        "values": [
          454.35729508225825
        ]
      },
      "steady_gen_tps_mean": {
        "n": 1,
        "mean": 425.08,
        "std": 0.0,
        "cv_pct": 0.0,
        "min": 425.08,
        "max": 425.08,
        "range_pct": 0.0,
        "median": 425.08,
        "p25": 425.08,
        "p75": 425.08,
        "values": [
          425.08
        ]
      },
      "e_accept_exact": {
        "n": 1,
        "mean": 3.8457053555328486,
        "std": 0.0,
        "cv_pct": 0.0,
        "min": 3.8457053555328486,
        "max": 3.8457053555328486,
        "range_pct": 0.0,
        "median": 3.8457053555328486,
        "p25": 3.8457053555328486,
        "p75": 3.8457053555328486,
        "values": [
          3.8457053555328486
        ]
      },
      "server_ready_s": {
        "n": 1,
        "mean": 80.02388858795166,
        "std": 0.0,
        "cv_pct": 0.0,
        "min": 80.02388858795166,
        "max": 80.02388858795166,
        "range_pct": 0.0,
        "median": 80.02388858795166,
        "p25": 80.02388858795166,
        "p75": 80.02388858795166,
        "values": [
          80.02388858795166
        ]
      },
      "records": [
        {
          "run_idx": 0,
          "t_start_utc": "2026-06-16T08:09:05.476393+00:00",
          "seed": 1,
          "num_prompts": 128,
          "output_len": 512,
          "num_completion_tokens": 65536,
          "decode_duration_s": 144.23890781402588,
          "wall_around_decode_s": 152.50025272369385,
          "wall_tps": 454.35729508225825,
          "steady_gen_tps_mean": 425.08,
          "steady_gen_tps_mean_nonzero": 425.08,
          "steady_gen_tps_n": 15,
          "gen_tps_series": [
            3.4,
            425.5,
            448.9,
            451.0,
            412.9,
            509.8,
            473.3,
            446.9,
            490.2,
            442.9,
            460.3,
            443.7,
            470.7,
            469.9,
            426.8
          ],
          "e_accept_exact": 3.8457053555328486,
          "e_accept_interval_mean": 3.8573333333333335,
          "num_speculative_tokens": 7,
          "total_accepted_tokens": 47344,
          "total_drafted_tokens": 116459,
          "intervals": 15,
          "clock": {
            "n_samples": 620,
            "n_load_samples": 577,
            "sm_clock_mhz": {
              "mean": 1710.0,
              "min": 1710.0,
              "max": 1710.0
            },
            "sm_clock_mhz_load": {
              "mean": 1710.0,
              "min": 1710.0,
              "max": 1710.0
            },
            "mem_clock_mhz_load": {
              "mean": 6251.0,
              "min": 6251.0,
              "max": 6251.0
            },
            "temp_c": {
              "mean": 41.62903225806452,
              "min": 28.0,
              "max": 47.0
            },
            "power_w_load": {
              "mean": 162.69095320623916,
              "min": 57.57,
              "max": 184.89
            },
            "util_pct": {
              "mean": 92.47419354838709,
              "min": 0.0,
              "max": 100.0
            }
          },
          "log_offset_start": 0,
          "server_ready_s": 80.02388858795166,
          "arm": "bm16_s3",
          "submission": "fa2sw_precache_kenyan",
          "override_env": {}
        }
      ]
    },
    "candidate": {
      "n": 1,
      "wall_tps": {
        "n": 1,
        "mean": 452.36043315677864,
        "std": 0.0,
        "cv_pct": 0.0,
        "min": 452.36043315677864,
        "max": 452.36043315677864,
        "range_pct": 0.0,
        "median": 452.36043315677864,
        "p25": 452.36043315677864,
        "p75": 452.36043315677864,
        "values": [
          452.36043315677864
        ]
      },
      "steady_gen_tps_mean": {
        "n": 1,
        "mean": 423.18,
        "std": 0.0,
        "cv_pct": 0.0,
        "min": 423.18,
        "max": 423.18,
        "range_pct": 0.0,
        "median": 423.18,
        "p25": 423.18,
        "p75": 423.18,
        "values": [
          423.18
        ]
      },
      "e_accept_exact": {
        "n": 1,
        "mean": 3.8472876646127823,
        "std": 0.0,
        "cv_pct": 0.0,
        "min": 3.8472876646127823,
        "max": 3.8472876646127823,
        "range_pct": 0.0,
        "median": 3.8472876646127823,
        "p25": 3.8472876646127823,
        "p75": 3.8472876646127823,
        "values": [
          3.8472876646127823
        ]
      },
      "server_ready_s": {
        "n": 1,
        "mean": 80.02886819839478,
        "std": 0.0,
        "cv_pct": 0.0,
        "min": 80.02886819839478,
        "max": 80.02886819839478,
        "range_pct": 0.0,
        "median": 80.02886819839478,
        "p25": 80.02886819839478,
        "p75": 80.02886819839478,
        "values": [
          80.02886819839478
        ]
      },
      "records": [
        {
          "run_idx": 0,
          "t_start_utc": "2026-06-16T08:13:01.943375+00:00",
          "seed": 1,
          "num_prompts": 128,
          "output_len": 512,
          "num_completion_tokens": 65536,
          "decode_duration_s": 144.8756239414215,
          "wall_around_decode_s": 153.32375526428223,
          "wall_tps": 452.36043315677864,
          "steady_gen_tps_mean": 423.18,
          "steady_gen_tps_mean_nonzero": 423.18,
          "steady_gen_tps_n": 15,
          "gen_tps_series": [
            0.7,
            425.7,
            452.2,
            452.2,
            415.0,
            448.4,
            479.8,
            437.8,
            506.6,
            449.4,
            460.4,
            442.9,
            457.3,
            485.2,
            434.1
          ],
          "e_accept_exact": 3.8472876646127823,
          "e_accept_interval_mean": 4.129333333333333,
          "num_speculative_tokens": 7,
          "total_accepted_tokens": 47134,
          "total_drafted_tokens": 115878,
          "intervals": 15,
          "clock": {
            "n_samples": 623,
            "n_load_samples": 574,
            "sm_clock_mhz": {
              "mean": 1710.0,
              "min": 1710.0,
              "max": 1710.0
            },
            "sm_clock_mhz_load": {
              "mean": 1710.0,
              "min": 1710.0,
              "max": 1710.0
            },
            "mem_clock_mhz_load": {
              "mean": 6251.0,
              "min": 6251.0,
              "max": 6251.0
            },
            "temp_c": {
              "mean": 42.052969502407706,
              "min": 29.0,
              "max": 47.0
            },
            "power_w_load": {
              "mean": 163.21010452961673,
              "min": 58.59,
              "max": 179.28
            },