{
  "ppl": 2.019671567035295,
  "mean_record_ppl": 2.1793741262714406,
  "num_records": 128,
  "num_tokens": 61797,
  "neg_log_likelihood": 43439.26848602295
}