{
  "model.language_model.layers.23.per_layer_input_gate": {
    "shape": [
      256,
      2560
    ],
    "regrid_rel_frob": 0.08771489560604095,
    "regrid_max_abs": 0.0009358720853924751,
    "w128_rms": 0.0013520480133593082,
    "regrid_rms_abs": 0.00011859975347761065,
    "frac_elements_changed": 0.7492324709892273,
    "elt_rel_p50": 0.06666668504476547,
    "elt_rel_p99": 0.3333333432674408
  },
  "model.language_model.layers.0.per_layer_input_gate": {
    "shape": [
      256,
      2560
    ],
    "regrid_rel_frob": 0.08456478267908096,
    "regrid_max_abs": 0.0008666990324854851,
    "w128_rms": 0.0014884824631735682,
    "regrid_rms_abs": 0.0001258801930816844,
    "frac_elements_changed": 0.8218124508857727,
    "elt_rel_p50": 0.06666669249534607,
    "elt_rel_p99": 0.3333333432674408
  },
  "model.language_model.layers.0.self_attn.q_proj": {
    "shape": [
      2048,
      2560
    ],
    "regrid_rel_frob": 0.08035437762737274,
    "regrid_max_abs": 0.01276041567325592,
    "w128_rms": 0.02015726827085018,
    "regrid_rms_abs": 0.0016199478413909674,
    "frac_elements_changed": 0.8627828359603882,
    "elt_rel_p50": 0.06666668504476547,
    "elt_rel_p99": 0.3333333134651184
  },
  "model.language_model.layers.0.self_attn.k_proj": {
    "shape": [
      512,
      2560
    ],
    "regrid_rel_frob": 0.08024293184280396,
    "regrid_max_abs": 0.00787760317325592,
    "w128_rms": 0.020149067044258118,
    "regrid_rms_abs": 0.0016169763403013349,
    "frac_elements_changed": 0.8656578063964844,
    "elt_rel_p50": 0.06666668504476547,
    "elt_rel_p99": 0.333333283662796
  },
  "model.language_model.layers.0.self_attn.v_proj": {
    "shape": [
      512,
      2560
    ],
    "regrid_rel_frob": 0.08081300556659698,
    "regrid_max_abs": 0.013932287693023682,
    "w128_rms": 0.020145459100604057,
    "regrid_rms_abs": 0.0016281644348055124,
    "frac_elements_changed": 0.862719714641571,
    "elt_rel_p50": 0.06666668504476547,
    "elt_rel_p99": 0.333333283662796
  },
  "model.language_model.layers.18.self_attn.k_proj": {
    "shape": [
      512,
      2560
    ],
    "regrid_rel_frob": 0.0844292938709259,
    "regrid_max_abs": 0.01360677182674408,
    "w128_rms": 0.01980412006378174,
    "regrid_rms_abs": 0.001672186073847115,
    "frac_elements_changed": 0.8153473138809204,
    "elt_rel_p50": 0.06666668504476547,
    "elt_rel_p99": 0.3333333432674408
  }
}