{
  "bar_official_tps": 126.378,
  "tau": 1.03524,
  "wall_tps_AR": 95.0342468632335,
  "wall_tps_AR_official_proj": 98.38325372269385,
  "AR_clears_bar": false,
  "routeb_hard_ceiling_tps": 95.0342468632335,
  "ppl_AR": 2.005836820420235,
  "rows": [
    {
      "k": 2,
      "accept_len": 1.3105166442858152,
      "accept_len_src": "K*accepted/drafted",
      "num_accepted_tokens": 37085.0,
      "num_draft_tokens": 56596.0,
      "mean_acceptance_length_vllm": 2.309555555555556,
      "wall_tps_batched": 144.8507598624244,
      "wall_tps_batched_official_proj": 149.95530063997623,
      "batched_minus_AR": 49.816512999190905,
      "routeb_tps_est": 62.45304621737372,
      "routeb_tps_est_official_proj": 64.65389156607397,
      "routeb_tps_upper": 73.19273638488934,
      "routeb_tps_upper_official_proj": 75.77204841509284,
      "routeb_clears_bar": false,
      "routeb_upper_clears_bar": false,
      "batched_clears_bar": true,
      "ppl_batched": null
    },
    {
      "k": 3,
      "accept_len": 1.7049600672551493,
      "accept_len_src": "K*accepted/drafted",
      "num_accepted_tokens": 40561.0,
      "num_draft_tokens": 71370.0,
      "mean_acceptance_length_vllm": 2.7051219512195117,
      "wall_tps_batched": 157.17497112727028,
      "wall_tps_batched_official_proj": 162.7138171097953,
      "batched_minus_AR": 62.14072426403678,
      "routeb_tps_est": 55.45515453785208,
      "routeb_tps_est_official_proj": 57.40939418376598,
      "routeb_tps_upper": 64.26596069667865,
      "routeb_tps_upper_official_proj": 66.53069315162959,
      "routeb_clears_bar": false,
      "routeb_upper_clears_bar": false,
      "batched_clears_bar": true,
      "ppl_batched": null
    },
    {
      "k": 4,
      "accept_len": 1.9941650458460685,
      "accept_len_src": "K*accepted/drafted",
      "num_accepted_tokens": 43062.0,
      "num_draft_tokens": 86376.0,
      "mean_acceptance_length_vllm": 2.9990243902439024,
      "wall_tps_batched": 161.13431499820004,
      "wall_tps_batched_official_proj": 166.81268825873659,
      "batched_minus_AR": 66.10006813496653,
      "routeb_tps_est": 49.35012279709912,
      "routeb_tps_est_official_proj": 51.089221124468885,
      "routeb_tps_upper": 56.90964402324003,
      "routeb_tps_upper_official_proj": 58.915139878619,
      "routeb_clears_bar": false,
      "routeb_upper_clears_bar": false,
      "batched_clears_bar": true,
      "ppl_batched": null
    },
    {
      "k": 5,
      "accept_len": 2.2016022666210735,
      "accept_len_src": "K*accepted/drafted",
      "num_accepted_tokens": 45069.0,
      "num_draft_tokens": 102355.0,
      "mean_acceptance_length_vllm": 3.203902439024389,
      "wall_tps_batched": 159.82507629921938,
      "wall_tps_batched_official_proj": 165.45731198800385,
      "batched_minus_AR": 64.79082943598587,
      "routeb_tps_est": 44.07217446386677,
      "routeb_tps_est_official_proj": 45.62527789197343,
      "routeb_tps_upper": 50.71031002732584,
      "routeb_tps_upper_official_proj": 52.4973413526888,
      "routeb_clears_bar": false,
      "routeb_upper_clears_bar": false,
      "batched_clears_bar": true,
      "ppl_batched": null
    },
    {
      "k": 6,
      "accept_len": 2.3538155072019613,
      "accept_len_src": "K*accepted/drafted",
      "num_accepted_tokens": 46083.0,
      "num_draft_tokens": 117468.0,
      "mean_acceptance_length_vllm": 3.3662790697674425,
      "wall_tps_batched": 156.40323500387132,
      "wall_tps_batched_official_proj": 161.91488500540774,
      "batched_minus_AR": 61.36898814063781,
      "routeb_tps_est": 39.65327515696311,
      "routeb_tps_est_official_proj": 41.05065657349449,
      "routeb_tps_upper": 45.532475835024556,
      "routeb_tps_upper_official_proj": 47.137040283450816,
      "routeb_clears_bar": false,
      "routeb_upper_clears_bar": false,
      "batched_clears_bar": true,
      "ppl_batched": 2.005501029415618
    }
  ]
}