{
  "bar_official_tps": 126.378,
  "tau": 1.03524,
  "wall_tps_AR": 77.84338655952327,
  "wall_tps_AR_official_proj": 80.58658750188086,
  "AR_clears_bar": false,
  "routeb_hard_ceiling_tps": 77.84338655952327,
  "ppl_AR": 2.005501029415618,
  "rows": [
    {
      "k": 2,
      "accept_len": 1.3105166442858152,
      "accept_len_src": "K*accepted/drafted",
      "num_accepted_tokens": 37085.0,
      "num_draft_tokens": 56596.0,
      "mean_acceptance_length_vllm": 2.309555555555556,
      "wall_tps_batched": 144.8507598624244,
      "wall_tps_batched_official_proj": 149.95530063997623,
      "batched_minus_AR": 67.00737330290114,
      "routeb_tps_est": 55.48307769502494,
      "routeb_tps_est_official_proj": 57.43830135299761,
      "routeb_tps_upper": 59.95281343111774,
      "routeb_tps_upper_official_proj": 62.065550576430326,
      "routeb_clears_bar": false,
      "routeb_upper_clears_bar": false,
      "batched_clears_bar": true,
      "ppl_batched": null
    },
    {
      "k": 3,
      "accept_len": 1.7049600672551493,
      "accept_len_src": "K*accepted/drafted",
      "num_accepted_tokens": 40561.0,
      "num_draft_tokens": 71370.0,
      "mean_acceptance_length_vllm": 2.7051219512195117,
      "wall_tps_batched": 157.17497112727028,
      "wall_tps_batched_official_proj": 162.7138171097953,
      "batched_minus_AR": 79.33158456774702,
      "routeb_tps_est": 48.52052087814972,
      "routeb_tps_est_official_proj": 50.23038403389571,
      "routeb_tps_upper": 52.64081303585416,
      "routeb_tps_upper_official_proj": 54.49587528723765,
      "routeb_clears_bar": false,
      "routeb_upper_clears_bar": false,
      "batched_clears_bar": true,
      "ppl_batched": null
    },
    {
      "k": 4,
      "accept_len": 1.9941650458460685,
      "accept_len_src": "K*accepted/drafted",
      "num_accepted_tokens": 43062.0,
      "num_draft_tokens": 86376.0,
      "mean_acceptance_length_vllm": 2.9990243902439024,
      "wall_tps_batched": 161.13431499820004,
      "wall_tps_batched_official_proj": 166.81268825873659,
      "batched_minus_AR": 83.29092843867677,
      "routeb_tps_est": 42.793947006978904,
      "routeb_tps_est_official_proj": 44.30200569950484,
      "routeb_tps_upper": 46.61518941736164,
      "routeb_tps_upper_official_proj": 48.25790869242946,
      "routeb_clears_bar": false,
      "routeb_upper_clears_bar": false,
      "batched_clears_bar": true,
      "ppl_batched": null
    },
    {
      "k": 5,
      "accept_len": 2.2016022666210735,
      "accept_len_src": "K*accepted/drafted",
      "num_accepted_tokens": 45069.0,
      "num_draft_tokens": 102355.0,
      "mean_acceptance_length_vllm": 3.203902439024389,
      "wall_tps_batched": 159.82507629921938,
      "wall_tps_batched_official_proj": 165.45731198800385,
      "batched_minus_AR": 81.98168973969611,
      "routeb_tps_est": 37.99514957585243,
      "routeb_tps_est_official_proj": 39.33409864690547,
      "routeb_tps_upper": 41.53726047507168,
      "routeb_tps_upper_official_proj": 43.00103353421321,
      "routeb_clears_bar": false,
      "routeb_upper_clears_bar": false,
      "batched_clears_bar": true,
      "ppl_batched": null
    },
    {
      "k": 6,
      "accept_len": 2.3538155072019613,
      "accept_len_src": "K*accepted/drafted",
      "num_accepted_tokens": 46083.0,
      "num_draft_tokens": 117468.0,
      "mean_acceptance_length_vllm": 3.3662790697674425,
      "wall_tps_batched": 156.40323500387132,
      "wall_tps_batched_official_proj": 161.91488500540774,
      "batched_minus_AR": 78.55984844434805,
      "routeb_tps_est": 34.04155186770261,
      "routeb_tps_est_official_proj": 35.24117615552045,
      "routeb_tps_upper": 37.296050996635124,
      "routeb_tps_upper_official_proj": 38.610363833756544,
      "routeb_clears_bar": false,
      "routeb_upper_clears_bar": false,
      "batched_clears_bar": true,
      "ppl_batched": 2.005501029415618
    }
  ]
}