{
  "variant": "fa2sw",
  "model": "google/gemma-4-E4B-it-qat-w4a16-ct",
  "load_s": 60.11702513694763,
  "backend_summary": {
    "256|FLASH_ATTN": 35,
    "512|TRITON_ATTN": 7
  },
  "tps": {
    "tps_mean": 92.12018175262536,
    "tps_std": 0.011016995334558213,
    "tps_samples": [
      92.13353582415115,
      92.12000340085191,
      92.12260365727163,
      92.1001151099377,
      92.12465077091439
    ],
    "tps_tokens": 256
  },
  "ppl": {
    "ppl": 2.0058157121042886,
    "mean_record_ppl": 2.159240353984872,
    "num_records": 128,
    "num_tokens": 61797,
    "neg_log_likelihood": 43013.85233671296
  },
  "peak_mem_gb": 21.028622848,
  "n_identity": 128,
  "gen_tokens": 128
}