{
  "output_len": 32,
  "num_records": 4,
  "per_request": [
    {
      "index": 0,
      "t_tokenize_s": 0.08227565896231681,
      "t_request_s": 0.22319051902741194,
      "num_prompt_tokens": 256,
      "num_completion_tokens": 32
    },
    {
      "index": 1,
      "t_tokenize_s": 0.001474511984270066,
      "t_request_s": 0.16314397903624922,
      "num_prompt_tokens": 388,
      "num_completion_tokens": 32
    },
    {
      "index": 2,
      "t_tokenize_s": 0.001099446031730622,
      "t_request_s": 0.18758282798808068,
      "num_prompt_tokens": 457,
      "num_completion_tokens": 32
    },
    {
      "index": 3,
      "t_tokenize_s": 0.0007989740115590394,
      "t_request_s": 0.10364862397545949,
      "num_prompt_tokens": 231,
      "num_completion_tokens": 32
    }
  ]
}