{
  "baseline_official_tps": 481.53,
  "eagle3_alone_clears_banked_target": true,
  "eagle3_alone_clears_corrected_target": false,
  "elapsed_s": 0.0002002716064453125,
  "handoff": "under a better EAGLE-3 drafter the SAM companion lift shrinks from [2,4]% to [0.79,1.59]% (overlap fraction 0.603; SAM keeps only 40% of its standalone lift), raising the true residual EAGLE-3 must cover ALONE from #292's optimistic 0.902 to 0.998 E[T] (vs the 4.9029 step-banked target; 2.220 vs the 6.1245 step-overhead-corrected target) -- so the human-gated retrain can still lean on SAM as a (weakened) free companion, but only for ~40% of its standalone value, and the honest EAGLE-3-alone bar is 4.826 E[T] (a +0.982 raise from the deployed 3.844).",
  "imported": {
    "E_T": 3.844,
    "E_T_max": 8.0,
    "K_cal": 125.268,
    "K_spec": 7,
    "ak_linear_289": [
      0.7292532942898975,
      0.759556697719242,
      0.7929794882639035,
      0.8228,
      0.8348727920920435,
      0.8357919254658385,
      0.8464932652113331
    ],
    "e_t_linear_cap": 3.8445,
    "eagle3_a1_floor": 0.73,
    "eagle3_ak_deep": 0.91,
    "eagle3_ak_target": [
      0.7292532942898975,
      0.91,
      0.91,
      0.91,
      0.91,
      0.91,
      0.91
    ],
    "honest_500_et_floor": 3.9914,
    "official_tps": 481.53,
    "pearson_et_hitrate_292": 0.3257637378624572,
    "residual_292_optimistic": 0.9022400000000004,
    "sam_lift_pct": [
      2.0,
      4.0
    ],
    "sam_lift_pct_bestcase": 6.0,
    "step_us": 1218.2,
    "target_step_banked_290": 4.9029,
    "target_step_overhead_corrected_293": 6.124544578534836
  },
  "leg": "SAM x EAGLE-3 companion stacking: the true residual under a better drafter",
  "pr": 296,
  "r_overlap": 0.603385581567723,
  "residual_rise_vs_292_optimistic": 0.09567656702185223,
  "reused_292_join": {
    "high_et_decile_mean_hit_rate": 0.16978829912904939,
    "lifted_et_upper": 3.99776,
    "low_et_decile_mean_hit_rate": 0.0070693167557992695,
    "num_prompts": 128,
    "pearson_et_vs_hitrate": 0.3257637378624572,
    "prompt_recurrence_hit_rate": 0.1612388250319285,
    "residual_292": 0.9022400000000004,
    "sam_lift_pct_lower": 2.0,
    "sam_lift_pct_upper": 4.0,
    "spearman_et_vs_hitrate": 0.39559357750101526
  },
  "sam_companion_survives_eagle3": true,
  "sam_eagle3_stacking_analysis_only": true,
  "sam_eagle3_stacking_self_test_passes": true,
  "sam_marginal_under_eagle3_pct": 1.5864576737291078,
  "sam_marginal_under_eagle3_pct_lower": 0.7932288368645539,
  "self_test": {
    "a_r_overlap_in_unit_interval": true,
    "b_marginal_in_shrink_band": true,
    "c_residual_ge_292_optimistic": true,
    "d_residual_band_ordered": true,
    "e_stacked_et_below_ceiling": true,
    "f_nan_clean": true,
    "g_constants_imported_exact": true,
    "n_nonfinite": 0,
    "n_prompts_joined": 128,
    "passes": true
  },
  "stacking": {
    "eagle3_alone_bar_banked": {
      "eagle3_et_alone_for_target": 4.82633228116578,
      "eagle3_raise_needed_from_deployed": 0.9823322811657804,
      "surviving_lift_frac": 0.015864576737291077
    },
    "eagle3_alone_bar_corrected": {
      "eagle3_et_alone_for_target": 6.028898653209641,
      "eagle3_raise_needed_from_deployed": 2.184898653209641,
      "surviving_lift_frac": 0.015864576737291077
    },
    "eagle3_alone_clears_banked_target": true,
    "eagle3_alone_clears_corrected_target": false,
    "eagle3_et_survival": 4.9155957618108195,
    "et_stack_lower_on_eagle3": 4.954587684897194,
    "et_stack_upper_on_eagle3": 4.993579607983571,
    "overlap": {
      "abar_e3": 0.8841790420414141,
      "abar_lin": 0.8031067804346083,
      "eagle3_et_from_ak_survival": 4.9155957618108195,
      "linear_et_from_ak_survival": 3.851185944363104,
      "pearson_used": 0.3257637378624572,
      "r_accept_independent": 0.4117575088962384,
      "r_overlap_bracket": [
        0.0,
        1.0
      ],
      "r_overlap_point": 0.603385581567723,
      "r_tilt_correlation": 0.1916280726714846,
      "room_fill_robustness": 0.25655760975875197
    },
    "r_overlap": 0.603385581567723,
    "residual_292_optimistic": 0.9022400000000004,
    "residual_band_banked_target": {
      "band": [
        0.9051399999999998,
        1.0589
      ],
      "band_ordered": true,
      "residual_additive_r0": 0.9051399999999998,
      "residual_full_redundant_r1": 1.0589,
      "residual_point": 0.9979165670218526,
      "sam_lift_pct": 4.0,
      "target": 4.9029
    },
    "residual_band_corrected_target": {
      "band": [
        2.1267845785348363,
        2.2805445785348364
      ],
      "band_ordered": true,
      "residual_additive_r0": 2.1267845785348363,
      "residual_full_redundant_r1": 2.2805445785348364,
      "residual_point": 2.219561145556689,
      "sam_lift_pct": 4.0,
      "target": 6.124544578534836
    },
    "residual_rise_vs_292_optimistic": 0.09567656702185223,
    "sam_adds_on_eagle3_et_upper": 0.07798384617275111,
    "sam_companion_survives_eagle3": true,
    "sam_marginal_under_eagle3_pct": 1.5864576737291078,
    "sam_marginal_under_eagle3_pct_lower": 0.7932288368645539,
    "sam_marginal_under_eagle3_pct_upper": 1.5864576737291078,
    "sam_standalone_lift_pct_bracket": [
      2.0,
      4.0
    ],
    "surviving_fraction_of_standalone": 0.39661441843227696,
    "targets": {
      "step_banked_290": 4.9029,
      "step_overhead_corrected_293": 6.124544578534836
    },
    "true_residual_for_eagle3": 0.9979165670218526,
    "true_residual_for_eagle3_corrected_target": 2.219561145556689,
    "true_residual_for_eagle3_lower_lsam": 1.028408283510927
  },
  "tps_delta": 0.0,
  "true_residual_for_eagle3": 0.9979165670218526,
  "true_residual_for_eagle3_corrected_target": 2.219561145556689
}