{
  "config": {
    "device": "NVIDIA A10G",
    "vllm": "0.22.0",
    "torch": "2.11.0+cu130",
    "m": 7,
    "kv_sweep": [
      128,
      256,
      512,
      640,
      1024,
      2048
    ],
    "kv_report": 640,
    "iters": 400,
    "warmup": 60,
    "block_size": 16,
    "A10G_HBM_GBS": 600.0,
    "residual_ms_budget": 3.28,
    "peak_gpu_mem_gib": 0.21187543869018555,
    "layer_taxonomy": {
      "n_full": 7,
      "n_sliding": 35,
      "n_full_nonshared": 4,
      "n_sliding_nonshared": 20,
      "n_full_shared": 3,
      "n_sliding_shared": 15
    },
    "note": "synthetic-activation non-GEMM decode microbench; value-independent at conc=1. RMSNorm/RoPE have NO _C kernel in this build (enabled()=False -> forward_native); realizable=fused (torch.compile Inductor + FULL@7 CUDA graph), graphed=unfused launch-free, eager=launch-floor. Splits #798 (dpc36210) 3.28ms verify non-GEMM."
  },
  "rows": [
    {
      "class": "rmsnorm_hidden",
      "shape": "[7,2560]",
      "mult": 210,
      "eager_us": 139.3791961669922,
      "graphed_us": 15.667200088500977,
      "fused_us": 14.487040042877197,
      "fused_mode": "fused",
      "graphed_ok": true,
      "bytes": 76800,
      "gbytes_s": 5.301289964871743,
      "pct_hbm_peak": 0.8835483274786238,
      "eager_block_ms": 29.269631195068357,
      "graphed_block_ms": 3.290112018585205,
      "fused_block_ms": 3.0422784090042114,
      "launch_overhead_us": 123.71199607849121,
      "fusion_gain_us": 1.1801600456237786,
      "note": "input/post_attn/pre_ff/post_ff/post_ple x42 layers"
    },
    {
      "class": "rmsnorm_final_fusedadd",
      "shape": "[7,2560]",
      "mult": 1,
      "eager_us": 187.96287536621094,
      "graphed_us": 21.291520595550537,
      "fused_us": 21.442561149597168,
      "fused_mode": "fused",
      "graphed_ok": true,
      "bytes": 148480,
      "gbytes_s": 6.924545951582349,
      "pct_hbm_peak": 1.1540909919303917,
      "eager_block_ms": 0.18796287536621092,
      "graphed_block_ms": 0.021291520595550537,
      "fused_block_ms": 0.021442561149597167,
      "launch_overhead_us": 166.6713547706604,
      "fusion_gain_us": -0.1510405540466296,
      "note": "final model norm (2-arg fused-add residual)"
    },
    {
      "class": "rmsnorm_ple_proj",
      "shape": "[294,256]",
      "mult": 1,
      "eager_us": 141.63711547851562,
      "graphed_us": 16.092159748077393,
      "fused_us": 14.94271993637085,
      "fused_mode": "fused",
      "graphed_ok": true,
      "bytes": 301568,
      "gbytes_s": 20.181600222994078,
      "pct_hbm_peak": 3.3636000371656793,
      "eager_block_ms": 0.14163711547851562,
      "graphed_block_ms": 0.016092159748077393,
      "fused_block_ms": 0.014942719936370849,
      "launch_overhead_us": 125.54495573043822,
      "fusion_gain_us": 1.1494398117065443,
      "note": "per_layer_projection_norm x1/forward"
    },
    {
      "class": "rmsnorm_qnorm_sliding",
      "shape": "[56,256]",
      "mult": 35,
      "eager_us": 142.46399879455566,
      "graphed_us": 14.673919677734375,
      "fused_us": 13.724160194396973,
      "fused_mode": "fused",
      "graphed_ok": true,
      "bytes": 57856,
      "gbytes_s": 4.215631352337339,
      "pct_hbm_peak": 0.7026052253895565,
      "eager_block_ms": 4.986239957809448,
      "graphed_block_ms": 0.5135871887207031,
      "fused_block_ms": 0.48034560680389404,
      "launch_overhead_us": 127.79007911682127,
      "fusion_gain_us": 0.949759483337401,
      "note": "q_norm all layers"
    },
    {
      "class": "rmsnorm_knorm_sliding",
      "shape": "[14,256]",
      "mult": 20,
      "eager_us": 140.98688125610352,
      "graphed_us": 14.72000002861023,
      "fused_us": 13.647359609603882,
      "fused_mode": "fused",
      "graphed_ok": true,
      "bytes": 14848,
      "gbytes_s": 1.0879760206180253,
      "pct_hbm_peak": 0.1813293367696709,
      "eager_block_ms": 2.81973762512207,
      "graphed_block_ms": 0.2944000005722046,
      "fused_block_ms": 0.27294719219207764,
      "launch_overhead_us": 126.26688122749327,
      "fusion_gain_us": 1.0726404190063468,
      "note": "k_norm non-shared layers"
    },
    {
      "class": "rmsnorm_vnorm_sliding",
      "shape": "[14,256]",
      "mult": 20,
      "eager_us": 124.66943740844727,
      "graphed_us": 12.53119945526123,
      "fused_us": 11.727360486984253,
      "fused_mode": "fused",
      "graphed_ok": true,
      "bytes": 14848,
      "gbytes_s": 1.2660990524235378,
      "pct_hbm_peak": 0.2110165087372563,
      "eager_block_ms": 2.4933887481689454,
      "graphed_block_ms": 0.25062398910522465,
      "fused_block_ms": 0.23454720973968504,
      "launch_overhead_us": 112.13823795318604,
      "fusion_gain_us": 0.8038389682769789,
      "note": "v_norm non-shared layers"
    },
    {
      "class": "rmsnorm_qnorm_full",
      "shape": "[56,512]",
      "mult": 7,
      "eager_us": 142.7353572845459,
      "graphed_us": 15.526399612426758,
      "fused_us": 14.346239566802979,
      "fused_mode": "fused",
      "graphed_ok": true,
      "bytes": 115712,
      "gbytes_s": 8.065667623992294,
      "pct_hbm_peak": 1.3442779373320488,
      "eager_block_ms": 0.9991475009918213,
      "graphed_block_ms": 0.10868479728698731,
      "fused_block_ms": 0.10042367696762085,
      "launch_overhead_us": 127.20895767211915,
      "fusion_gain_us": 1.1801600456237804,
      "note": "q_norm all layers"
    },
    {
      "class": "rmsnorm_knorm_full",
      "shape": "[14,512]",
      "mult": 4,
      "eager_us": 142.17215538024902,
      "graphed_us": 14.827519655227661,
      "fused_us": 13.667839765548706,
      "fused_mode": "fused",
      "graphed_ok": true,
      "bytes": 29696,
      "gbytes_s": 2.1726915525342956,
      "pct_hbm_peak": 0.36211525875571593,
      "eager_block_ms": 0.5686886215209961,
      "graphed_block_ms": 0.059310078620910645,
      "fused_block_ms": 0.05467135906219482,
      "launch_overhead_us": 127.34463572502136,
      "fusion_gain_us": 1.1596798896789557,
      "note": "k_norm non-shared layers"
    },
    {
      "class": "rmsnorm_vnorm_full",
      "shape": "[14,512]",
      "mult": 4,
      "eager_us": 124.81280326843262,
      "graphed_us": 12.669440507888794,
      "fused_us": 11.773439645767212,
      "fused_mode": "fused",
      "graphed_ok": true,
      "bytes": 29696,
      "gbytes_s": 2.5222875296835032,
      "pct_hbm_peak": 0.42038125494725054,
      "eager_block_ms": 0.4992512130737305,
      "graphed_block_ms": 0.050677762031555176,
      "fused_block_ms": 0.04709375858306885,
      "launch_overhead_us": 112.14336276054384,
      "fusion_gain_us": 0.8960008621215817,
      "note": "v_norm non-shared layers"
    },
    {
      "class": "rope_sliding",
      "shape": "q[7,2048]",
      "mult": 35,
      "eager_us": 286.89151763916016,
      "graphed_us": 33.3516788482666,
      "fused_us": 5.166079998016357,
      "fused_mode": "fused",
      "graphed_ok": true,
      "bytes": 71680,
      "gbytes_s": 13.87512389036238,
      "pct_hbm_peak": 2.31252064839373,
      "eager_block_ms": 10.041203117370605,
      "graphed_block_ms": 1.167308759689331,
      "fused_block_ms": 0.1808127999305725,
      "launch_overhead_us": 253.53983879089353,
      "fusion_gain_us": 28.18559885025024,
      "note": "rotary_embedding apply per layer"
    },
    {
      "class": "rope_full",
      "shape": "q[7,4096]",
      "mult": 7,
      "eager_us": 286.88127517700195,
      "graphed_us": 33.49760055541992,
      "fused_us": 5.227519869804382,
      "fused_mode": "fused",
      "graphed_ok": true,
      "bytes": 143360,
      "gbytes_s": 27.424094708484514,
      "pct_hbm_peak": 4.570682451414085,
      "eager_block_ms": 2.008168926239014,
      "graphed_block_ms": 0.23448320388793945,
      "fused_block_ms": 0.036592639088630675,
      "launch_overhead_us": 253.38367462158206,
      "fusion_gain_us": 28.27008068561554,