{"pid": 1768099, "mode": "TAU(real-gap)", "rate": 0.0, "tau": 0.3, "use_cudagraph": true, "emitted_total": 65495, "positions_total": 102500, "flagged_total": 7372, "fired_total": 7372, "realized_fire_rate": 0.1125582105504237, "realized_flag_rate": 0.0719219512195122}