{
  "schema": "bi0_k_sweep_arm/v1",
  "complete": true,
  "K": 8,
  "submission": "int4_mtp_bi0_surgattn",
  "n": 3,
  "workload": {
    "num_prompts": 128,
    "output_len": 512,
    "seed": 1,
    "warmup": "8x128"
  },
  "measurement_env": {
    "VLLM_USE_FLASHINFER_SAMPLER": "0",
    "DISABLE_LOG_STATS": "0",
    "STEPTIME": "1",
    "STEPTIME_WARMUP_SKIP": "64",
    "STEPTIME_RAW_START": "64",
    "STEPTIME_RAW_COUNT": "4000",
    "STEPTIME_REPORT_EVERY": "100000",
    "NUM_SPECULATIVE_TOKENS": "8"
  },
  "manifest_env": {
    "VLLM_BATCH_INVARIANT": "0",
    "DRAFTER_MODEL": "google/gemma-4-E4B-it-qat-q4_0-unquantized-assistant",
    "NUM_SPECULATIVE_TOKENS": "6",
    "MAX_MODEL_LEN": "4096",
    "GPU_MEMORY_UTILIZATION": "0.90",
    "MAX_NUM_BATCHED_TOKENS": "512",
    "MAX_NUM_SEQS": "1",
    "PYTORCH_CUDA_ALLOC_CONF": "expandable_segments:True"
  },
  "server_ready_s": 170.0260033607483,
  "elapsed_s": 1162.0158879756927,
  "peak_gpu_mem_mib": 19669,
  "wall_tps": {
    "n": 3,
    "mean": 215.4154592437017,
    "std": 1.2170240022422325,
    "cv_pct": 0.5649659530077649,
    "min": 214.01016882416636,
    "max": 216.12217257408417,
    "range_pct": 0.9804327680718992,
    "median": 216.11403633285457,
    "p25": 214.01016882416636,
    "p75": 216.11403633285457,
    "values": [
      214.01016882416636,
      216.11403633285457,
      216.12217257408417
    ]
  },
  "e_accept_exact": {
    "n": 3,
    "mean": 3.530791581700889,
    "std": 0.015626890929696616,
    "cv_pct": 0.44258888037137184,
    "min": 3.5128941351624396,
    "max": 3.541730474732006,
    "range_pct": 0.8167103297463678,
    "median": 3.5377501352082206,
    "p25": 3.5128941351624396,
    "p75": 3.5377501352082206,
    "values": [
      3.5128941351624396,
      3.541730474732006,
      3.5377501352082206
    ]
  },
  "draft_acceptance_rate": {
    "n": 3,
    "mean": 0.3163489477126111,
    "std": 0.001953361366212077,
    "cv_pct": 0.6174704800935892,
    "min": 0.31411176689530496,
    "max": 0.31771630934150075,
    "range_pct": 1.1394197680310785,
    "median": 0.31721876690102757,
    "p25": 0.31411176689530496,
    "p75": 0.31721876690102757,
    "values": [
      0.31411176689530496,
      0.31771630934150075,
      0.31721876690102757
    ]
  },
  "prometheus_spec_decode": {
    "populated": true,
    "num_drafts": 56022.0,
    "num_accepted_tokens": 142145.0,
    "num_draft_tokens": 448176.0,
    "mean_tokens_per_step_E_T": 3.5373067723394382,
    "accepted_per_pos": [
      38714.0,
      27657.0,
      21109.0,
      16408.0,
      13274.0,
      10340.0,
      8237.0,
      6406.0
    ],
    "cumulative_acceptance_C": [
      0.691049944664596,
      0.49368105387169325,
      0.3767984006283246,
      0.29288493806004784,
      0.23694262968119667,
      0.18457034736353575,
      0.14703152333012032,
      0.1143479347399236
    ],
    "conditional_acceptance_p": [
      0.691049944664596,
      0.7143927261455805,
      0.7632425787323281,
      0.7772987825098299,
      0.8089956118966358,
      0.7789664004821456,
      0.796615087040619,
      0.7777103314313464
    ]
  },
  "ppl": 2.0056557074968437,
  "ppl_summary": {
    "base_url": "http://127.0.0.1:8000",
    "dataset_path": "/workspace/senpai/target/official/main_bucket/shared_resources/speed_benchmark/data/ppl_ground_truth_tokens.jsonl",
    "mean_record_ppl": 2.159233499456369,
    "model": "gemma-4-e4b-it",
    "neg_log_likelihood": 43008.92257219653,
    "num_records": 128,
    "num_tokens": 61797,
    "output_file": "/workspace/senpai/target/research/bi0_k_sweep/k8/ppl.jsonl",
    "ppl": 2.0056557074968437,
    "prompt_logprobs": 1
  },
  "ppl_bar": 2.42,
  "ppl_within_bar": true,
  "fingerprint": "ee6974e282361a49dca92d392f340ad75f45cd9ba15494ea6d05a605ca2a1a68",
  "fingerprint_per_record": {
    "0": "6c62dab9ee7f1294b28516759122c137f6bd04b158c13c20993bcb8133af8002",
    "1": "f7f87b15123cce78789c08e541d52e1ff05fcefb2b432c61421ca77ed232c1b3",
    "2": "b1871aad7f901fea7db3e604d0c0a64cca3059cef355e4a437000b31738203e0",
    "3": "d3d8067a2d19eff6832fc6f63db3a08ed0ef342e800286eefe647822d2cb2971",
    "4": "00447d485caa26716d33b19207e6b630fd0e448838313ce45d296169c1751668",
    "5": "7fef6270c9104125f352582274f507982eb5df4c8986d5b8d2f7d96713cb30f1",
    "6": "a2ee6526aa38587d200b9ee96fae09e5a650a8a96ef84cf30a6b55d2bc24a862",
    "7": "aa6a6f9381ea8397a54a82a1943a336f587661fe74c79ee787df667d51e6479f",
    "8": "fa920b1af305b5265e67d3ad9b0d526d6f7383136ebb81c1ab4963c8a1398a10",
    "9": "3b8399642cb01ee946be1c3b71d42a203b95940460bc83e299a9f13df2b11e74",
    "10": "e9f89105f2167520d220afe7fa8ed3aae165d4f77bc4acea8f77c2edb5c4f52b",
    "11": "214f2973cff15c74492ab6e5c6198eb0609ce95568251560bd5863399d30f21e",
    "12": "001754ae8306ea11252f04450bb563c4e65e13c915f682890605712750a09bab",
    "13": "0193611961f3d7b2750f9ce729a698d92d6ab995f20564c56a55edfd75a470da",
    "14": "2ba33dbc509c90b081c9dd4cf92bd9822003ac9fbe5a9e5e5662497843ca6ab8",
    "15": "bcba23c92259b63b06da8a17c934090716823852a7e96447c81c7ea61f30a917",
    "16": "0ffb21376ac9eb4a4cfa267b92282efc944debf9275ade4d01f6635fb6226944",
    "17": "66359d73da2befbc0ac9b0ca22f90387e3a1b4f1330e6d70f4a68ea69f57b9a1",
    "18": "d3692b24d4a641e04f44d9199e96d3c1e0dd0f39b24cf663d2f0d19f93e1a2d7",
    "19": "8e3154682b586cb4ca712eebc8349c7e7f57ae7268619f1be75d0991d22a7f08",
    "20": "af9c7529a4d9d1c4df9dc3196c892e37e06a39704779bcaf711a8c695c5f3e55",
    "21": "1300516d19048b380b40e9761ac6b82eeb1747c39444c764733670fefac2e6a2",
    "22": "bbc32f57a0823db1107a936167b614fd1726ab973f8ca4f7d9b318f4ffac79ce",
    "23": "f652067b29fca0d309e6653794820704824016fd47087e7b5d2f39b7f15cb811",
    "24": "a8a592e435d9fc5237a5ea53f65619e44156d858579aa38fef6ac6daab4c558c",
    "25": "a686c0ab19c99baf35668f3fbd638ac97ba383bb56d49df29b983ddf6dd61518",
    "26": "0d4669d4f87f307702e42252bba9388d5fd0564f24293bc23a1e6d393353e51f",
    "27": "ee5211e6429de01e256b7bd3a5d7719600e0c0daf21de8e15cd678b14bc4dcb7",
    "28": "984f5883c331e216caa5519e9b1d2d41f1e9b411d757a49cdbc61a5c17f31eea",
    "29": "9a3eedf9845d39f09e21319542dfc20ea98b3721a283a17bb60858a7aa554d1c",
    "30": "52f4b076a3838fe2e61557d4aecdcc8b45ead72eb8b3e850572551a629d628dd",
    "31": "b6e15a58321751d84315e46575cfa99d21ba06a8f9a13e157d1ffb995bf9fec6",
    "32": "d6c7bef3f92dc26dba091558edbb17df294370332cc5b0d08c7811a9a1c23a5e",
    "33": "9b93840cc4a63ec546b55fa648595351fed9b1aea2f3bd97c241f806c0247b1c",
    "34": "2e2ca6483b8188b215ba364f3a61a027a53de63fb79d00bebc5e8157f8a755ad",
    "35": "c1ed0be03fc0da66429b327097d0de273e2145f48e34e71c710d0b08565ec377",
    "36": "386f94d24fe249c3790dcd230ce747fee3156b85f1effe30afe6ba38600ddfdf",
    "37": "06071394865574586cf0941c44292e74df5a1f0f5086ff17957848b5ebf63e82",
    "38": "126b7761880f2ea52284b77bf5bf56e656ac7bb616c4b2a1e06cfd5271c85f31",
    "39": "740e69f7e98d8f2b7e4aa08fd24d4fffabacdc08fc3b9cf2d3ef5773c172a177",
    "40": "34f405004db704eb408d7d1cb8abf306b925434ba181d8766b59d011e96e32f5",
    "41": "14cb1d56adb8d8539d77a28e0e15a117ceacf09b00c2825fdc800ccaedfa3237",
    "42": "410f1d728de4eb12d69a0da323ecec7304aa3ff1cfc5e015ca8e35bc2b345769",
    "43": "2a8db2010d99b130743c66d67f568ae73dbbad4c41bfa66ed5335ad7da0d2cf2",
    "44": "aacef202df49568332de62456daa09937c1de391974d313e00d1fc6fefd46184",
    "45": "9d8a9ed2f6d5f96cef2923b168a41a452cd98db9ae293b9480fcf3896e9e9687",
    "46": "f16d830718240e8c134b67b280b254adf0dd92d7808b37f82e5ab812ee936e87",
    "47": "9e4e08505ec5bb111f63e76fa8fd0d668f4d764801d201cde55f43ecd1bb3b8a",
    "48": "e50025b8d46d5c11f003d12b79d746184b7c609bbd37b1eafde3aaba602d4eea",
    "49": "ad6751b5f2d9387a88439da3e0ec3909431a1563bd172fab049bdd91f2fe298f",
    "50": "bd71b51764e79372c684492a7444a627095bd0ccbe05851bd5094c69bec1d4b1",
    "51": "e8459e6bf5d5a64a76db931efb41dc4f7fc39890f7a538af51e1ddf07caed760",
    "52": "2dafcbc55b81a52d99a667da1f2cab2f4d6bd2228f5886c0c378072f3fe73412",