{
  "gpu": null,
  "grounding": {
    "cb3_locus": "fused RHT+dim-2-VQ sub-int4 body decode kernel; #437 ij0gvd1i idealized counterfactual penalty 1.1593 -> 521.82 re-priced with a realistic gather-derate (gamma) + FWHT-tax (phi).",
    "fused_counterfactual_frontier_tps": 521.8172222028752,
    "fused_byte_ratio": 0.7846932941272564,
    "idealized_fused_penalty": 1.1593338868174194,
    "fused_kernel_achievable_sm86": true,
    "realistic_fused_overhead_penalty": 1.0194131318201798,
    "realistic_fused_frontier_tps": 474.0222833931233,
    "kernel_build_prize_tps": 6.882283393123316,
    "prize_clears_deployed_481": false,
    "recommend_build": false,
    "ppl": 2.3772,
    "ppl_is_anchored": true,
    "self_test_passes": true
  },
  "probe": null,
  "brackets": {
    "idealized": {
      "gamma": 1.0,
      "phi": 0.0,
      "agg_marlin_us": 38.82304106439863,
      "agg_cb3_transfer_us": 19.44605708470573,
      "agg_marlin_overhead_us": 14.041311399773644,
      "agg_cb3_fused_us": 33.487368484479376,
      "penalty": 1.1593338868174194,
      "frontier_tps": 521.8172222028752,
      "prize_tps_over_base": 54.677222202875214,
      "clears_deployed_481": true,
      "clears_verify_bw_wall_520": true
    },
    "optimistic": {
      "gamma": 0.92,
      "phi": 0.015,
      "agg_marlin_us": 38.82304106439863,
      "agg_cb3_transfer_us": 19.44605708470573,
      "agg_marlin_overhead_us": 14.041311399773644,
      "agg_cb3_fused_us": 35.76067558607193,
      "penalty": 1.0856350006854856,
      "frontier_tps": 497.0309205557425,
      "prize_tps_over_base": 29.890920555742525,
      "clears_deployed_481": true,
      "clears_verify_bw_wall_520": false
    },
    "central": {
      "gamma": 0.85,
      "phi": 0.03,
      "agg_marlin_us": 38.82304106439863,
      "agg_cb3_transfer_us": 19.44605708470573,
      "agg_marlin_overhead_us": 14.041311399773644,
      "agg_cb3_fused_us": 38.083716849006464,
      "penalty": 1.0194131318201798,
      "frontier_tps": 474.0222833931233,
      "prize_tps_over_base": 6.882283393123316,
      "clears_deployed_481": false,
      "clears_verify_bw_wall_520": false
    },
    "conservative": {
      "gamma": 0.75,
      "phi": 0.05,
      "agg_marlin_us": 38.82304106439863,
      "agg_cb3_transfer_us": 19.44605708470573,
      "agg_marlin_overhead_us": 14.041311399773644,
      "agg_cb3_fused_us": 41.91053956593455,
      "penalty": 0.9263312156437737,
      "frontier_tps": 440.43529801838275,
      "prize_tps_over_base": -26.704701981617234,
      "clears_deployed_481": false,
      "clears_verify_bw_wall_520": false
    },
    "materiality_bar_tps": 486.34529999999995,
    "sigma_hw_frac": 0.01,
    "central_clears_materiality": false,
    "central_prize_over_deployed": -7.50771660687667,
    "deployed_above_central": true
  },
  "required": {
    "fused_counterfactual_frontier_tps": 521.8172222028752,
    "fused_byte_ratio": 0.7846932941272564,
    "idealized_fused_penalty": 1.1593338868174194,
    "fused_kernel_achievable_sm86": true,
    "realistic_fused_overhead_penalty": 1.0194131318201798,
    "realistic_fused_frontier_tps": 474.0222833931233,
    "kernel_build_prize_tps": 6.882283393123316,
    "prize_clears_deployed_481": false,
    "recommend_build": false,
    "ppl": 2.3772,
    "ppl_is_anchored": true,
    "self_test_passes": true
  },
  "verdict": "#437's IDEALIZED fused counterfactual (penalty 1.1593 -> frontier 521.82) grants cb3 its compressed byte stream at peak-copy BW + Marlin overhead, with the in-GEMM codebook GATHER and the online FWHT assumed FREE. Charging them HONESTLY (gamma=0.85 gather-derate, phi=0.03 FWHT-tax, literature-anchored to Ampere fused-VQ kernels FLUTE/AQLM/QuIP#) collapses the penalty to 1.0194 and the frontier to 474.02 -- a marginal lift vs int4-Marlin. Prize over the 467.14 base = +6.88; vs the deployed 481.53 = -7.51 (BELOW). The gather tax (random LDS lookup per dequant element, int4's branchless unpack is ~free) eats most/all of the 0.785x byte saving -- the exact bandwidth-surrogate optimism #433 (pinned-K) and #437 (materialize) already exposed. Bracket: conservative 440.4 / central 474.0 / optimistic 497.0; the deployed 481.53 sits ABOVE the central estimate. recommend_build=False: a multi-week custom sm_86 VQ-GEMM build is NOT justified for a sub-sigma prize. ppl anchored 2.3772 (ubel #422).",
  "go_no_go_line": "a fused RHT+VQ sub-int4 sm_86 decode kernel is achievable on Ampere primitives, would realize ~474.0 TPS (prize +6.9 over the 467.14 realized base, below the deployed 481.53 by -7.5), at an estimated build effort of HIGH (~6-12 expert-CUDA person-weeks: a correct + autotuned + vLLM-0.22-integrable fused RHT+VQ mma.sync m16n8k16 decode kernel with a shared-mem codebook gather, then the greedy-identity + PPL + 128/128 re-validation it triggers) -- NOT worth greenlighting (materiality bar = clear 481.53 by > sigma_hw 1.0% = 486.3).",
  "build_effort_estimate": "HIGH (~6-12 expert-CUDA person-weeks: a correct + autotuned + vLLM-0.22-integrable fused RHT+VQ mma.sync m16n8k16 decode kernel with a shared-mem codebook gather, then the greedy-identity + PPL + 128/128 re-validation it triggers)",
  "self_test": {
    "self_test_passes": true,
    "checks": {
      "idealized_penalty_matches_437": true,
      "idealized_frontier_matches_437": true,
      "idealized_fused_us_is_transfer_plus_overhead": true,
      "amdahl_penalty1_is_base": true,
      "amdahl_ideal_penalty_gives_437_frontier": true,
      "amdahl_below1_is_below_base": true,
      "amdahl_above1_is_above_base": true,
      "harsher_tax_lowers_penalty": true,
      "harsher_tax_lowers_frontier": true,
      "central_below_idealized": true,
      "central_penalty_below_idealized": true,
      "central_below_521_counterfactual": true,
      "byte_ratio_rounds_0p785": true,
      "base_below_deployed": true,
      "deployed_below_verify_wall": true,
      "ppl_anchored_2p3772": true,
      "eight_body_shapes": true,
      "hadamard_pow2": true,
      "gamma_in_unit_interval": true,
      "analysis_only_guard": true,
      "no_hf_job_guard": true,
      "no_served_file_change_guard": true
    }
  },
  "self_test_passes": true,
  "config": {
    "agent": "stark",
    "pr": 440,
    "kind": "fused-vq-gemm-kernel-prize",
    "cb3_base_tps": 467.14,
    "deployed_tps": 481.53,
    "verify_bw_wall_tps": 520.95,
    "byte_ratio": 0.7846932941272564,
    "f_body_strict": 0.76240970145034,
    "hadamard_group": 128,
    "vq_dim": 2,
    "vq_codebook_k": 256,
    "gamma_central": 0.85,
    "phi_central": 0.03,
    "gamma_opt": 0.92,
    "phi_opt": 0.015,
    "gamma_cons": 0.75,
    "phi_cons": 0.05,
    "sigma_hw_frac": 0.01,
    "src437": "sibling:cb3_realized_kernel_validation_results.json",
    "build_effort_estimate": "HIGH (~6-12 expert-CUDA person-weeks: a correct + autotuned + vLLM-0.22-integrable fused RHT+VQ mma.sync m16n8k16 decode kernel with a shared-mem codebook gather, then the greedy-identity + PPL + 128/128 re-validation it triggers)"
  },
  "wandb_metrics": {
    "fused_counterfactual_frontier_tps": 521.8172222028752,
    "fused_byte_ratio": 0.7846932941272564,
    "idealized_fused_penalty": 1.1593338868174194,
    "fused_kernel_achievable_sm86": true,
    "realistic_fused_overhead_penalty": 1.0194131318201798,
    "realistic_fused_frontier_tps": 474.0222833931233,
    "kernel_build_prize_tps": 6.882283393123316,
    "prize_clears_deployed_481": false,
    "recommend_build": false,
    "ppl": 2.3772,
    "ppl_is_anchored": true,
    "self_test_passes": true,
    "idealized_penalty": 1.1593338868174194,
    "idealized_frontier_tps": 521.8172222028752,
    "optimistic_penalty": 1.0856350006854856,
    "optimistic_frontier_tps": 497.0309205557425,
    "central_penalty": 1.0194131318201798,
    "central_frontier_tps": 474.0222833931233,
    "conservative_penalty": 0.9263312156437737,
    "conservative_frontier_tps": 440.43529801838275,
    "materiality_bar_tps": 486.34529999999995,