{
  "gpu": {
    "name": "NVIDIA A10G",
    "sm_count": 80,
    "compute_capability": "8.6",
    "total_mem_gib": 22.06,
    "is_sm86": true
  },
  "grounding": {
    "cb3_locus": "fused RHT+dim-2-VQ sub-int4 body decode kernel; #437 ij0gvd1i idealized counterfactual penalty 1.1593 -> 521.82 re-priced with a realistic gather-derate (gamma) + FWHT-tax (phi).",
    "fused_counterfactual_frontier_tps": 521.8172222028752,
    "fused_byte_ratio": 0.7846932941272564,
    "idealized_fused_penalty": 1.1593338868174194,
    "fused_kernel_achievable_sm86": true,
    "realistic_fused_overhead_penalty": 1.0246357676043223,
    "realistic_fused_frontier_tps": 475.86302181710505,
    "kernel_build_prize_tps": 8.723021817105064,
    "prize_clears_deployed_481": false,
    "recommend_build": false,
    "ppl": 2.3772,
    "ppl_is_anchored": true,
    "self_test_passes": true
  },
  "probe": {
    "out_elems_pairs": 16777216,
    "t_gather_us": 425.1443099975586,
    "t_copy_us": 280.59648513793945,
    "gather_gbs": 157.84961111295453,
    "copy_gbs": 239.16502007147278,
    "gamma_probe_floor": 0.6600029179257999,
    "note": "torch global-mem gather UPPER-bounds the fused tax (no in-register reuse); this is a conservative FLOOR on gamma, not the literature-anchored headline."
  },
  "brackets": {
    "idealized": {
      "gamma": 1.0,
      "phi": 0.0,
      "agg_marlin_us": 38.82304106439863,
      "agg_cb3_transfer_us": 19.44605708470573,
      "agg_marlin_overhead_us": 14.041311399773644,
      "agg_cb3_fused_us": 33.487368484479376,
      "penalty": 1.1593338868174194,
      "frontier_tps": 521.8172222028752,
      "prize_tps_over_base": 54.677222202875214,
      "clears_deployed_481": true,
      "clears_verify_bw_wall_520": true
    },
    "optimistic": {
      "gamma": 0.93,
      "phi": 0.01,
      "agg_marlin_us": 38.82304106439863,
      "agg_cb3_transfer_us": 19.44605708470573,
      "agg_marlin_overhead_us": 14.041311399773644,
      "agg_cb3_fused_us": 35.33928061117648,
      "penalty": 1.0985804009864415,
      "frontier_tps": 501.4461047662218,
      "prize_tps_over_base": 34.306104766221836,
      "clears_deployed_481": true,
      "clears_verify_bw_wall_520": false
    },
    "central": {
      "gamma": 0.85,
      "phi": 0.025,
      "agg_marlin_us": 38.82304106439863,
      "agg_cb3_transfer_us": 19.44605708470573,
      "agg_marlin_overhead_us": 14.041311399773644,
      "agg_cb3_fused_us": 37.88960164368447,
      "penalty": 1.0246357676043223,
      "frontier_tps": 475.86302181710505,
      "prize_tps_over_base": 8.723021817105064,
      "clears_deployed_481": false,
      "clears_verify_bw_wall_520": false
    },
    "conservative": {
      "gamma": 0.78,
      "phi": 0.05,
      "agg_marlin_us": 38.82304106439863,
      "agg_cb3_transfer_us": 19.44605708470573,
      "agg_marlin_overhead_us": 14.041311399773644,
      "agg_cb3_fused_us": 40.91330586928297,
      "penalty": 0.9489099020362058,
      "frontier_tps": 448.72057151228483,
      "prize_tps_over_base": -18.41942848771515,
      "clears_deployed_481": false,
      "clears_verify_bw_wall_520": false
    },
    "literature_xcheck": {
      "gamma": 0.85,
      "phi": 0.025,
      "e_bw_marlin_eff": 0.6417907155742067,
      "penalty": 1.0249153762717826,
      "frontier_tps": 475.96144291316506,
      "prize_tps_over_base": 8.821442913165072,
      "clears_deployed_481": false
    },
    "materiality_bar_tps": 486.34529999999995,
    "sigma_hw_frac": 0.01,
    "central_clears_materiality": false,
    "central_prize_over_deployed": -5.666978182894923,
    "deployed_above_central": true,
    "realistic_zone_low_tps": 475.96144291316506,
    "realistic_zone_high_tps": 475.86302181710505
  },
  "required": {
    "fused_counterfactual_frontier_tps": 521.8172222028752,
    "fused_byte_ratio": 0.7846932941272564,
    "idealized_fused_penalty": 1.1593338868174194,
    "fused_kernel_achievable_sm86": true,
    "realistic_fused_overhead_penalty": 1.0246357676043223,
    "realistic_fused_frontier_tps": 475.86302181710505,
    "kernel_build_prize_tps": 8.723021817105064,
    "prize_clears_deployed_481": false,
    "recommend_build": false,
    "ppl": 2.3772,
    "ppl_is_anchored": true,
    "self_test_passes": true
  },
  "verdict": "#437's IDEALIZED fused counterfactual (penalty 1.1593 -> frontier 521.82) grants cb3 its compressed byte stream at peak-copy BW + Marlin overhead, with the in-GEMM codebook GATHER and the online FWHT assumed FREE. Charging them HONESTLY (gamma=0.85 gather-derate, phi=0.025 FWHT-tax, literature-anchored to Ampere fused-VQ kernels FLUTE/AQLM/QuIP#) collapses the penalty to 1.0246 and the frontier to 475.86 -- a marginal lift vs int4-Marlin. Prize over the 467.14 base = +8.72; vs the deployed 481.53 = -5.67 (BELOW). The gather tax (random LDS lookup per dequant element, int4's branchless unpack is ~free) eats most/all of the 0.785x byte saving -- the exact bandwidth-surrogate optimism #433 (pinned-K) and #437 (materialize) already exposed. Bracket: conservative 448.7 / central 475.9 / optimistic 501.4; the deployed 481.53 sits ABOVE the central estimate. An independent floor-model cross-check (multiplicative composition, cb3 at Marlin's REALIZED eff not peak-copy) CONVERGES on 476.0 (penalty 1.0249), corroborating the per-shape headline 475.9 from a second decomposition; both BELOW 481.53. The on-pod L1-gather micro-probe floor is even harsher (gamma~0.66, a global-mem upper-bound on the tax), so 481.53 clears the central comfortably. recommend_build=False: a multi-week custom sm_86 VQ-GEMM build is NOT justified for a sub-sigma prize. ppl anchored 2.3772 (ubel #422).",
  "go_no_go_line": "a fused RHT+VQ sub-int4 sm_86 decode kernel is achievable on Ampere primitives, would realize ~475.9 TPS (prize +8.7 over the 467.14 realized base, below the deployed 481.53 by -5.7), at an estimated build effort of HIGH (~12-20 expert-CUDA person-weeks: a correct + autotuned + vLLM-0.22-integrable fused RHT+VQ mma.sync m16n8k16 decode kernel with a shared-mem codebook gather; 12wk floor from a working Marlin/FLUTE base, 20wk incl. autotune sweep + vLLM custom-op integration + the greedy-identity + PPL + 128/128 re-validation it triggers) -- NOT worth greenlighting (materiality bar = clear 481.53 by > sigma_hw 1.0% = 486.3).",
  "build_effort_estimate": "HIGH (~12-20 expert-CUDA person-weeks: a correct + autotuned + vLLM-0.22-integrable fused RHT+VQ mma.sync m16n8k16 decode kernel with a shared-mem codebook gather; 12wk floor from a working Marlin/FLUTE base, 20wk incl. autotune sweep + vLLM custom-op integration + the greedy-identity + PPL + 128/128 re-validation it triggers)",
  "self_test": {
    "self_test_passes": true,
    "checks": {
      "idealized_penalty_matches_437": true,
      "idealized_frontier_matches_437": true,
      "idealized_fused_us_is_transfer_plus_overhead": true,
      "amdahl_penalty1_is_base": true,
      "amdahl_ideal_penalty_gives_437_frontier": true,
      "amdahl_below1_is_below_base": true,
      "amdahl_above1_is_above_base": true,
      "harsher_tax_lowers_penalty": true,
      "harsher_tax_lowers_frontier": true,
      "central_below_idealized": true,
      "central_penalty_below_idealized": true,
      "central_below_521_counterfactual": true,
      "byte_ratio_rounds_0p785": true,
      "base_below_deployed": true,
      "deployed_below_verify_wall": true,
      "ppl_anchored_2p3772": true,
      "eight_body_shapes": true,
      "hadamard_pow2": true,
      "gamma_in_unit_interval": true,
      "analysis_only_guard": true,
      "no_hf_job_guard": true,
      "no_served_file_change_guard": true
    }
  },
  "self_test_passes": true,
  "config": {
    "agent": "stark",
    "pr": 440,
    "kind": "fused-vq-gemm-kernel-prize",
    "cb3_base_tps": 467.14,
    "deployed_tps": 481.53,
    "verify_bw_wall_tps": 520.95,
    "byte_ratio": 0.7846932941272564,
    "f_body_strict": 0.76240970145034,
    "hadamard_group": 128,
    "vq_dim": 2,