{
  "gpu": {
    "name": "NVIDIA A10G",
    "sm_count": 80,
    "compute_capability": "8.6",
    "is_sm86": true,
    "total_mem_gib": 22.06
  },
  "byte_model_per_comp": {
    "qkv_proj": {
      "K": 2560,
      "N": 3072,
      "weight_bytes": 145489920.0,
      "scale_bytes_g128": 4546560.0,
      "scale_bytes_g32": 18186240.0,
      "act_bytes": 416768.0,
      "ws_bytes_g128": 150036480.0,
      "ws_bytes_g32": 163676160.0,
      "total_bytes_g128": 150453248.0,
      "total_bytes_g32": 164092928.0
    },
    "o_proj": {
      "K": 2048,
      "N": 2560,
      "weight_bytes": 96993280.0,
      "scale_bytes_g128": 3031040.0,
      "scale_bytes_g32": 12124160.0,
      "act_bytes": 340992.0,
      "ws_bytes_g128": 100024320.0,
      "ws_bytes_g32": 109117440.0,
      "total_bytes_g128": 100365312.0,
      "total_bytes_g32": 109458432.0
    },
    "gate_up_proj": {
      "K": 2560,
      "N": 20480,
      "weight_bytes": 969932800.0,
      "scale_bytes_g128": 30310400.0,
      "scale_bytes_g32": 121241600.0,
      "act_bytes": 1704960.0,
      "ws_bytes_g128": 1000243200.0,
      "ws_bytes_g32": 1091174400.0,
      "total_bytes_g128": 1001948160.0,
      "total_bytes_g32": 1092879360.0
    },
    "down_proj": {
      "K": 10240,
      "N": 2560,
      "weight_bytes": 484966400.0,
      "scale_bytes_g128": 15155200.0,
      "scale_bytes_g32": 60620800.0,
      "act_bytes": 947200.0,
      "ws_bytes_g128": 500121600.0,
      "ws_bytes_g32": 545587200.0,
      "total_bytes_g128": 501068800.0,
      "total_bytes_g32": 546534400.0
    }
  },
  "byte_model_total": {
    "weight_bytes": 1697382400.0,
    "scale_bytes_g128": 53043200.0,
    "scale_bytes_g32": 212172800.0,
    "ws_bytes_g128": 1750425600.0,
    "ws_bytes_g32": 1909555200.0,
    "total_bytes_g128": 1753835520.0,
    "total_bytes_g32": 1912965120.0,
    "byte_tax_frac_ws": 0.09090909090909083,
    "byte_tax_frac_total_m1": 0.09073233959818539
  },
  "paired": {
    "M": 1,
    "n_distinct": 8,
    "iters": 50,
    "rounds_each_order": 15,
    "body_us_g128": 4069.642181396484,
    "body_us_g128_ci": 0.1714779197234212,
    "body_us_g128_sd": 0.47919553442131546,
    "body_us_g32": 4387.778625488281,
    "body_us_g32_ci": 0.168106083112365,
    "body_us_g32_sd": 0.4697729274208193,
    "paired_delta_us": 318.2284545898435,
    "paired_delta_us_ci": 0.19393622620186923,
    "paired_delta_us_sd": 0.5419553357560624
  },
  "paired_series": {
    "series_g128": [
      4068.9663696289067,
      4070.5844116210938,
      4069.744567871094,
      4069.8880004882812,
      4069.2941284179688,
      4070.3179931640625,
      4069.130249023438,
      4069.1915893554683,
      4069.4580078125,
      4069.2327880859375,
      4069.72412109375,
      4068.6798095703125,
      4069.2941284179688,
      4068.9254760742183,
      4069.396362304688,
      4069.744567871094,
      4069.8880004882812,
      4069.8266601562495,
      4070.4818725585933,
      4069.703674316406,
      4070.8505249023438,
      4069.969787597656,
      4069.72412109375,
      4069.539794921875,
      4069.539794921875,
      4069.5602416992188,
      4069.867553710938,
      4069.580688476562,
      4069.396362304688,
      4069.9084472656255
    ],
    "series_g32": [
      4387.6556396484375,
      4387.778625488281,
      4387.307434082031,
      4387.532653808594,
      4388.5772705078125,
      4387.696533203125,
      4387.737731933594,
      4387.1435546875,
      4387.307434082031,
      4387.307434082031,
      4387.6556396484375,
      4387.2052001953125,
      4387.696533203125,
      4387.51220703125,
      4387.491760253906,
      4388.372497558594,
      4388.905029296875,
      4387.922058105469,
      4388.413391113281,
      4388.700256347656,
      4387.880859375,
      4388.044738769531,
      4388.720703125,
      4387.778625488281,
      4387.61474609375,
      4387.799072265625,
      4388.085632324219,
      4388.1268310546875,
      4388.331604003906,
      4388.290710449219
    ],
    "series_delta": [
      318.6892700195308,
      317.1942138671875,
      317.56286621093705,
      317.6446533203125,
      319.28314208984375,
      317.3785400390625,
      318.6074829101558,
      317.9519653320317,
      317.84942626953125,
      318.07464599609375,
      317.9315185546875,
      318.525390625,
      318.40240478515625,
      318.5867309570317,
      318.0953979492183,
      318.62792968749955,
      319.01702880859375,
      318.0953979492192,
      317.93151855468795,
      318.99658203125045,
      317.03033447265625,
      318.07495117187545,
      318.99658203125,
      318.23883056640625,
      318.074951171875,
      318.23883056640625,
      318.2180786132808,
      318.54614257812545,
      318.9352416992183,
      318.3822631835933
    ]
  },
  "per_component": {
    "qkv_proj": {
      "K": 2560,
      "N": 3072,
      "us_g128": 501.2070465087891,
      "us_g128_ci": 0.07595298518372401,
      "us_g32": 526.5203094482422,
      "us_g32_ci": 0.16376293777557804,
      "delta_us": 25.333786010742244,
      "delta_us_ci": 0.1548815347955777,
      "tax_frac": 0.050545550361287654
    },
    "o_proj": {
      "K": 2048,
      "N": 2560,
      "us_g128": 348.590087890625,
      "us_g128_ci": 0.02393720336102133,
      "us_g32": 367.59552001953125,
      "us_g32_ci": 0.03139073010020421,
      "delta_us": 19.046401977539062,
      "delta_us_ci": 0.036853241332384296,
      "tax_frac": 0.054638392309981965
    },
    "gate_up_proj": {
      "K": 2560,
      "N": 20480,
      "us_g128": 2086.7686462402344,
      "us_g128_ci": 0.10883979635097625,
      "us_g32": 2258.0018615722656,
      "us_g32_ci": 0.1377827487903548,
      "delta_us": 171.23336791992188,
      "delta_us_ci": 0.18557776626265743,
      "tax_frac": 0.08205670917494177
    },
    "down_proj": {
      "K": 10240,
      "N": 2560,
      "us_g128": 1117.5526428222656,
      "us_g128_ci": 0.45791099575605115,
      "us_g32": 1209.2211151123047,
      "us_g32_ci": 0.05644849496239652,
      "delta_us": 91.66847229003906,
      "delta_us_ci": 0.4810758749619725,
      "tax_frac": 0.08202608877425197
    }
  },
  "headline": {
    "g32_full_tax_frac": 0.03877158695555683,
    "selective_g32_tax_proj": 0.0005234164239000173,
    "tps_g128": 126.75,
    "tps_g32_full": 121.83570135338317,
    "g32_per_module_tax": 0.03877158695555683,
    "g32_body_tax_frac": 0.07819568414259076,
    "body_us_g128": 4069.642181396484,
    "body_us_g128_ci": 0.1714779197234212,
    "body_us_g32": 4387.778625488281,
    "body_us_g32_ci": 0.168106083112365,
    "paired_delta_us": 318.2284545898435,
    "paired_delta_us_ci": 0.19393622620186923,
    "delta_ms_per_token": 0.3182284545898435,
    "selective_tps_cost_on_rung": 0.06614832081963638,
    "full_tps_cost_on_rung": 4.8998756162693615,
    "body_frac_of_anchor": 0.5158271464920042,
    "bw_bound_body_tax_frac": 0.09090909090909083,
    "byte_tax_frac_ws_g32_vs_g128": 0.09090909090909083,
    "protocol_M": 1,
    "protocol_n_distinct": 8,
    "protocol_iters_per_round": 50,
    "protocol_rounds_each_order": 15,
    "protocol_seed": 707,
    "protocol_prompts": "synthetic-marlin-random (value-independent DRAM timing)",
    "protocol_output_len": "n/a (kernel op-bench; per-token body forward)",
    "n_layers": 37,
    "ref_official_tps_locked": 126.378,
    "plus10_target_tps": 136.378,
    "ar_rung_opbench_tps": 126.75,
    "selective_subset_frac": 0.0135,
    "analysis_only": true,
    "official_tps": 0,
    "no_hf_job": 1,
    "fires": 0,
    "no_served_file_change": true,
    "verdict": "G32_TAX_NEGLIGIBLE"
  },