{
  "agent": "denken",
  "constraints": {
    "analysis_only": true,
    "fires": 0,
    "no_hf_job": 1,
    "official_tps": 0
  },
  "created_at": "20260619T035521Z",
  "kind": "recovery-gate-robustness",
  "nan_clean": true,
  "peak_mem_mib": 10.566,
  "pr": 709,
  "synthesis": {
    "power": {
      "min_n_80_detail": {
        "min_n": 5966.0,
        "normal_approx": 5919.761808716331,
        "power_target": 0.8,
        "reachable": true
      },
      "min_n_95_detail": {
        "min_n": 9851.0,
        "normal_approx": 9816.806777609758,
        "power_target": 0.95,
        "reachable": true
      },
      "min_n_95_selective": {
        "min_n": 1000000000.0,
        "normal_approx": 1000000000.0,
        "reachable": false,
        "reason": "selective48<=gate (unresolvable)"
      },
      "min_n_for_robust_gate_clear": 9851.0,
      "min_n_for_robust_gate_clear_80": 5966.0,
      "min_n_point_estimate_best_case": 2889.0,
      "note": "At the BEST case (true rate = the measured ceiling 0.438) the gate margin is 0.018. Even observing exactly 0.438, the Wilson-lo clears 0.420 only at n>=2889; for a random 0.438 draw to clear at 95% power needs n>=9851 (33x ubel #702's planned 300). ubel #679's OWN measured g32 CI [0.3977,0.4773] already straddles 0.420 at 4 sessions \u2014 empirical confirmation of the knife-edge.",
      "p_points": {
        "full_g32_0438": 0.438,
        "selective48_reanchored": 0.4196990976
      },
      "power_table": [
        {
          "full_g32_0438": {
            "cp_hi": 0.6257265493907798,
            "cp_lo": 0.25460754990326284,
            "k_at_point": 13,
            "phat": 0.43333333333333335,
            "point_clears_gate": false,
            "power_clear_gate": 0.054860511972286696,
            "straddles_gate": true,
            "wilson_halfwidth": 0.16712603711359936,
            "wilson_hi": 0.6080269299918639,
            "wilson_lo": 0.2737748557646652
          },
          "n": 30,
          "selective48_reanchored": {
            "cp_hi": 0.6257265493907798,
            "cp_lo": 0.25460754990326284,
            "k_at_point": 13,
            "phat": 0.43333333333333335,
            "point_clears_gate": false,
            "power_clear_gate": 0.03553040958984636,
            "straddles_gate": true,
            "wilson_halfwidth": 0.16712603711359936,
            "wilson_hi": 0.6080269299918639,
            "wilson_lo": 0.2737748557646652
          }
        },
        {
          "full_g32_0438": {
            "cp_hi": 0.5675903464453853,
            "cp_lo": 0.305881426842172,
            "k_at_point": 26,
            "phat": 0.43333333333333335,
            "point_clears_gate": false,
            "power_clear_gate": 0.05332018408189619,
            "straddles_gate": true,
            "wilson_halfwidth": 0.12162082209593836,
            "wilson_hi": 0.5589656122387444,
            "wilson_lo": 0.3157239680468677
          },
          "n": 60,
          "selective48_reanchored": {
            "cp_hi": 0.5511622022459888,
            "cp_lo": 0.2906806664704218,
            "k_at_point": 25,
            "phat": 0.4166666666666667,
            "point_clears_gate": false,
            "power_clear_gate": 0.028518993643557523,
            "straddles_gate": true,
            "wilson_halfwidth": 0.12103820209509136,
            "wilson_hi": 0.5427191897735989,
            "wilson_lo": 0.30064278558341617
          }
        },
        {
          "full_g32_0438": {
            "cp_hi": 0.5351730036835913,
            "cp_lo": 0.3511081106041729,
            "k_at_point": 53,
            "phat": 0.44166666666666665,
            "point_clears_gate": false,
            "power_clear_gate": 0.07244811758090723,
            "straddles_gate": true,
            "wilson_halfwidth": 0.08747865104571245,
            "wilson_hi": 0.5309547690868035,
            "wilson_lo": 0.3559974669953786
          },
          "n": 120,
          "selective48_reanchored": {
            "cp_hi": 0.5101784457977059,
            "cp_lo": 0.32736767000328004,
            "k_at_point": 50,
            "phat": 0.4166666666666667,
            "point_clears_gate": false,
            "power_clear_gate": 0.031026080953811663,
            "straddles_gate": true,
            "wilson_halfwidth": 0.08686807579679903,
            "wilson_hi": 0.5061196729983577,
            "wilson_lo": 0.33238352140475963
          }
        },
        {
          "full_g32_0438": {
            "cp_hi": 0.5027884940583336,
            "cp_lo": 0.37377455137172233,
            "k_at_point": 105,
            "phat": 0.4375,
            "point_clears_gate": false,
            "power_clear_gate": 0.08872138318578156,
            "straddles_gate": true,
            "wilson_halfwidth": 0.06227287300386258,
            "wilson_hi": 0.50075749300021,
            "wilson_lo": 0.37621174699248483
          },
          "n": 240,
          "selective48_reanchored": {
            "cp_hi": 0.4860317725616875,
            "cp_lo": 0.35761513701792425,
            "k_at_point": 101,
            "phat": 0.42083333333333334,
            "point_clears_gate": false,
            "power_clear_gate": 0.027142880963594487,
            "straddles_gate": true,
            "wilson_halfwidth": 0.061978221589882365,
            "wilson_hi": 0.4840587402519224,
            "wilson_lo": 0.3601022970721577
          }
        },
        {
          "full_g32_0438": {
            "cp_hi": 0.4831909286882936,
            "cp_lo": 0.3925836179209682,
            "k_at_point": 210,
            "phat": 0.4375,
            "point_clears_gate": false,
            "power_clear_gate": 0.1297806512750946,
            "straddles_gate": true,
            "wilson_halfwidth": 0.04420528629588366,
            "wilson_hi": 0.4822015049888385,
            "wilson_lo": 0.3937909323970712
          },
          "n": 480,
          "selective48_reanchored": {
            "cp_hi": 0.46431477124315357,
            "cp_lo": 0.374192302240973,
            "k_at_point": 201,
            "phat": 0.41875,
            "point_clears_gate": false,
            "power_clear_gate": 0.02616184120934695,
            "straddles_gate": true,
            "wilson_halfwidth": 0.043964506208205245,
            "wilson_hi": 0.46335959050904657,
            "wilson_lo": 0.3754305780926361
          }
        }
      ],
      "selective48_clears_gate": false,
      "selective48_point": 0.4196990976,
      "ubel679_g32_empirical_straddle": true,
      "ubel702_planned": {
        "clears_gate_pointest": false,
        "n": 300,
        "phat": 0.438,
        "power_at_0438": 0.0984668351348629,
        "shortfall_vs_min_n95": 32.836666666666666,
        "wilson_halfwidth": 0.055773395079717625,
        "wilson_hi": 0.49324078325727216,
        "wilson_lo": 0.3816939930978369
      },
      "vif_sensitivity": [
        {
          "clears_gate": false,
          "implied_seed_rho": 0.0,
          "n_eff": 300.0,
          "vif": 1.0,
          "wilson_halfwidth": 0.055773395079717625,
          "wilson_lo_at_0438": 0.3816939930978369
        },
        {
          "clears_gate": false,
          "implied_seed_rho": 0.2,
          "n_eff": 200.0,
          "vif": 1.5,
          "wilson_halfwidth": 0.06815252707077737,
          "wilson_lo_at_0438": 0.37297819251185865
        },
        {
          "clears_gate": false,
          "implied_seed_rho": 0.3333333333333333,
          "n_eff": 150.0,
          "vif": 2.0,
          "wilson_halfwidth": 0.07845325270164238,
          "wilson_lo_at_0438": 0.3630449619604422
        }
      ]
    },
    "preregister": {
      "arms": {
        "full_g128": {
          "anchor": true,
          "basis": "lawine #693 0.347 fixed",
          "n": 300,
          "point": 0.3467,
          "wilson_halfwidth": 0.05354671448283849,
          "wilson_hi": 0.40215197007060216,
          "wilson_lo": 0.2950585411049252
        },
        "full_g32": {
          "anchor": true,