{
  "pr": 262,
  "agent": "fern",
  "kind": "fidelity-safe-shallow-tree",
  "metric_primary": "fidelity_safe_shallow_tree_self_test_passes",
  "metric_test": "shallow_tree_implied_tps",
  "fidelity_safe_shallow_tree_self_test_passes": true,
  "shallow_tree_implied_tps": 406.58601188274326,
  "shallow_tree_clears_500": false,
  "shallow_tree_implied_tps_retired_anchor": 506.2739528937989,
  "shallow_tree": {
    "definition": "topo74 M16 parent array with the #259 scratch-suspect interior nodes [6,9,10] PRUNED; remaining = spine(9) + first-level rho2 branch-hit(4) = 13 nodes.",
    "pruned_nodes": [
      6,
      9,
      10
    ],
    "kept_nodes": [
      0,
      1,
      2,
      3,
      4,
      5,
      7,
      8,
      11,
      12,
      13,
      14,
      15
    ],
    "n_nodes": 13,
    "max_depth": 8,
    "max_branch_width": 3,
    "n_spine": 9,
    "n_branchhit": 4,
    "spine_nodes": [
      0,
      1,
      4,
      7,
      11,
      12,
      13,
      14,
      15
    ],
    "branchhit_nodes": [
      2,
      3,
      5,
      8
    ],
    "shallow_et": 4.300329694624343,
    "shallow_et_eq_confirmed_et": true,
    "depth_width_unchanged_vs_full": true,
    "partition_reconfirmed": true
  },
  "et_roundtrip": {
    "shallow_et": 4.300329694624343,
    "confirmed_et_imported": 4.300329694624343,
    "confirmed_et_259_banked": 4.300329694624343,
    "resid_vs_imported": 0.0,
    "resid_vs_259_banked": 0.0,
    "E_spine": 4.0243768358447065,
    "E_branchhit_rho2": 0.2759528587796363,
    "E_branch_interior_dropped": 0.21167030537565695
  },
  "step_model": {
    "lawine_curve_m8basis": {
      "8": 1.0087216644611992,
      "16": 1.0645002992174906,
      "24": 1.1460256372008932,
      "32": 1.218662906853464
    },
    "marginal_per_node_curve_ms": 0.0069723293445364265,
    "n_full": 16,
    "n_shallow": 13,
    "n_drop": 3,
    "step_reduction_abs_ms": 0.02091698803360928,
    "step_shallow_abs_ms": 1.0640355529142966,
    "step_shallow_frac_ms": 1.0636336748726933,
    "step_shallow_abs_minus_frac_ms": 0.00040187804160329854,
    "step_shallow_central_ms": 1.0640355529142966,
    "step_shallow_convexaware_ms": 1.0543805392041299,
    "marginal_local_16_24_ms": 0.010190667247925334,
    "step_built_full_ms": 1.084952540947906,
    "step_shallow_band_ms": [
      1.0640355529142966,
      1.084952540947906
    ],
    "step_reduction_pct_central": 0.01927917327640381,
    "model": "verify-step marginal is PER-ROW (per-node) in the M<=32 flat regime: lawine #153 step(M) grows via per-candidate GEMM/sampler/argmax rows, and denken #85 measured (on the EXACT topo74 M16 tree) centroid_sampler ~M^0.75 / verify_argmax ~M^0.94 while attention AMORTIZES (M8->M32 1.06x). The shallow tree has the SAME max-depth (8) and max-branch (3) as the full tree, so ALL the saving is the 3 fewer verify ROWS, none from depth. step_shallow = built_step - 3 * per-node-marginal (anchored to the banked built step; lawine curve supplies only the relative per-node shape).",
    "denken85_corroboration": {
      "verify_side_us_static_M8": 24.279760718345642,
      "verify_side_us_static_M16": 41.680380925536156,
      "verify_side_marginal_us_per_node_M8_M16": 2.175077525898814,
      "attn_M32_over_M8_ratio": 1.0584490540530653,
      "note": "verify-side non-GEMM overhead is per-row (+2.18us/node M8->M16); attention amortizes (1.06x) -> cost is node-count-bound, not depth-bound."
    }
  },
  "floor_and_clears_RETIRED_ANCHOR": {
    "BASIS_NOTE": "RETIRED: this block prices the shallow tree at the 1.085 analytic step (denken #241), which denken #257 empirically retired. Kept for continuity / audit of the first-pass 506.27 read. The LIVE headline is grounded_step_257.",
    "law": "official = K_cal*(E[T]/step)*tau ; E_T_floor(step) = 500*step/(K_cal*tau)",
    "K_cal": 125.26795005202914,
    "tau": 1.0,
    "step_built_full_ms": 1.084952540947906,
    "floor_full_roundtrip": 4.330527243789328,
    "floor_full_banked_241": 4.330527243789328,
    "floor_roundtrip_resid": 0.0,
    "step_shallow_ms": 1.0640355529142966,
    "step_shallow_band_ms": [
      1.0640355529142966,
      1.084952540947906
    ],
    "E_T_floor_shallow": 4.247038258678127,
    "E_T_floor_shallow_band": [
      4.247038258678127,
      4.330527243789328
    ],
    "confirmed_et": 4.300329694624343,
    "shallow_tree_clears_500": true,
    "margin_vs_floor": 0.05329143594621577,
    "shallow_tps_central": 506.2739528937989,
    "shallow_tps_band": [
      506.2739528937989,
      496.5134096306294
    ],
    "shallow_tps_pessimistic_full_step": 496.5134096306294,
    "crossover": {
      "step_threshold_clear500_ms": 1.0773869707869197,
      "required_step_reduction_pct": 0.006973180738741186,
      "predicted_step_reduction_pct": 0.01927917327640381,
      "fixed_fraction_breakeven": 0.3616950083267217,
      "note": "the shallow tree needs only a 0.697% step reduction to clear 500; the banked per-node verify cost predicts 1.928% from dropping 3 of 16 rows -- so it clears unless > 63.8% of the verify marginal is fixed/depth-bound (denken #85 refutes: attention amortizes 1.06x, marginal is per-row)."
    }
  },
  "grounded_step_257": {
    "BASIS_NOTE": "denken #257 (eee4603) forward-pass roofline RETIRED the 1.085 analytic step. g_d_measured=0.0195 (~9x below the assumed 0.168). Re-prices the SAME shallow tree (E[T]=4.3003, same -0.0209 ms per-node saving) at the GROUNDED built steps.",
    "g_d_measured_257": 0.019498025961743392,
    "g_d_assumed_fleet": 0.168,
    "shallow_saving_ms": 0.02091698803360928,
    "step_threshold_clear500_shallow_ms": 1.0773869707869197,
    "step_threshold_clear500_full_ms": 1.098303958820529,
    "bracket": [
      {
        "label": "retired_analytic_1p085",
        "basis": "denken #241 analytic anchor -- RETIRED by #257",
        "retired_anchor": true,
        "step_full_ms": 1.084952540947906,
        "step_shallow_ms": 1.0640355529142966,
        "E_T_floor_at_step_shallow": 4.247038258678127,
        "margin_vs_floor": 0.05329143594621577,
        "implied_tps": 506.2739528937989,
        "clears_500": true
      },
      {
        "label": "grounded_optimistic_1p12",
        "basis": "denken #257 assumed-g_d=0.168 b5 (band-low, most optimistic grounded)",
        "retired_anchor": false,
        "step_full_ms": 1.1185888768817671,
        "step_shallow_ms": 1.0976718888481578,
        "E_T_floor_at_step_shallow": 4.3812958078752295,
        "margin_vs_floor": -0.08096611325088698,
        "implied_tps": 490.76002662210647,
        "clears_500": false
      },
      {
        "label": "grounded_central_1p346",
        "basis": "denken #257 MEASURED g_d=0.0195 b5 (CENTRAL -- the new headline basis)",
        "retired_anchor": false,
        "step_full_ms": 1.3458358727216921,
        "step_shallow_ms": 1.3249188846880828,
        "E_T_floor_at_step_shallow": 5.288339452101625,
        "margin_vs_floor": -0.9880097574772826,
        "implied_tps": 406.58601188274326,
        "clears_500": false
      },
      {
        "label": "grounded_pessimistic_1p43",
        "basis": "denken #257 measured-g_d depth9 (band-high, pessimistic)",
        "retired_anchor": false,
        "step_full_ms": 1.4294356405266744,
        "step_shallow_ms": 1.408518652493065,
        "E_T_floor_at_step_shallow": 5.622023238617887,
        "margin_vs_floor": -1.3216935439935442,
        "implied_tps": 382.4539238014188,
        "clears_500": false
      }
    ],
    "grounded_band_full_step_ms": [
      1.1185888768817671,
      1.4294356405266744
    ],
    "grounded_central_full_step_ms": 1.3458358727216921,
    "shallow_tps_grounded_central": 406.58601188274326,
    "shallow_tps_grounded_band": [
      490.76002662210647,
      382.4539238014188
    ],
    "shallow_clears_grounded_central": false,
    "grounded_any_clears": false,
    "inversion": {
      "step_shallow_grounded_central_ms": 1.3249188846880828,