{
  "pr": 449,
  "title": "Is the MTP K=7 drafter (D=1.433ms) tile-optimal on sm_86?",
  "device": "NVIDIA A10G",
  "drafter_specific_triton_kernels": [
    "_sparse_argmax_blocks_kernel",
    "_sparse_argmax_reduce_kernel"
  ],
  "dims": {
    "num_tokens": 1,
    "hidden_size": 256,
    "vocab_size": 262144,
    "num_centroids": 2048,
    "vocab_per_centroid": 128,
    "centroid_top_k": 64,
    "num_selected": 8192
  },
  "tile_sweep": {
    "grid": "BLOCK_SELECTED in {8,16,32,64,128} x num_warps in {2,4,8} x num_stages in {2,3,4}",
    "n_configs_benched": 45,
    "served_default_us_per_call_dobench": 21.503999829292297,
    "served_default_us_per_call_precise": 40.68864059448242,
    "best_config": {
      "name": "served_default",
      "block_arg": 16,
      "num_warps": 8,
      "num_stages": null,
      "full_us": 40.68864059448242,
      "full_min_us": 40.07014465332031,
      "blocks_us": 22.939135551452637,
      "reduce_us": 16.33792018890381,
      "x_vs_default": 1.0,
      "correct": true
    },
    "best_speedup_vs_default": 1.0,
    "gain_kernel_us_per_call": 0.0,
    "all_configs_byte_correct": true,
    "blocks_reduce_split_us": {
      "blocks": 22.939135551452637,
      "reduce": 16.33792018890381
    }
  },
  "breakdown": {
    "D_us": 1433.0,
    "V_us": 6445.0,
    "drafter_gpu_ms_measured": 1.434,
    "sparse_argmax_us_per_decode_step": 93.48756666666677,
    "sparse_argmax_us_per_call": 13.355366666666681,
    "sparse_argmax_pct_of_D": 6.519356113435619,
    "category_pct": {
      "elementwise_copy": 2.362315707396233,
      "other": 2.9508538833915345,
      "sampling": 2.922617935345904,
      "matmul_gemm": 79.21010093282422,
      "norm": 4.384885103836642,
      "attention": 7.596597842764005,
      "activation": 0.5726285944538129
    },
    "kernel_category_pct_serve_profile": {
      "elementwise_copy": 2.362315707396233,
      "other": 2.9508538833915345,
      "sampling": 2.922617935345904,
      "matmul_gemm": 79.21010093282422,
      "norm": 4.384885103836642,
      "attention": 7.596597842764005,
      "activation": 0.5726285944538129
    },
    "sparse_argmax_in_trace": [
      "_sparse_argmax_blocks_kernel",
      "_sparse_argmax_reduce_kernel"
    ]
  },
  "honest_mapping": {
    "delta_kernel_us_per_call": 0.0,
    "delta_D_us": 0.0,
    "frac_of_cycle": 0.0,
    "delta_local_tps": 0.0,
    "delta_official_tps": 0.0,
    "ceiling_if_argmax_free_tps": 5.714,
    "ceiling_source": "in_graph_served_profile",
    "note": "pinned-K #433 (+13.998 microbench -> -5.82) / cb3 #437 (+15.60 -> 0.0) trap AVOIDED: here the microbench delta itself is 0/negative, so there is nothing to mis-map."
  },
  "self_test": {
    "tile_sweep_best_is_served_default": true,
    "no_config_beats_default": true,
    "all_swept_configs_byte_correct": true,
    "default_config_byte_correct": true,
    "greedy_identity_free_by_construction": true,
    "ppl_ok": true,
    "no_served_change": true
  },
  "self_test_passes": true,
  "primary_metric": {
    "name": "max_honest_endtoend_tps_delta",
    "value": 0.0
  },
  "test_metric": {
    "name": "ppl",
    "value": 2.3772
  },
  "ppl_gate": 2.42,
  "verdict": ">+2 TPS HONEST end-to-end headroom: NO. The drafter's only tunable Triton kernel (fused sparse argmax) is already tile-optimal on sm_86 \u2014 the served default (BLOCK_SELECTED=16, num_warps=8) is the fastest of the swept grid; every alternative is equal or slower. Best honest end-to-end delta = +0.000 TPS. The int4 Marlin GEMMs that dominate D are stark's domain (CUDA, already autotuned), not Triton-tunable here. Applying a tile change would be a one-time re-capture (NOT the wirbel #424 structural replay rewrite) \u2014 but it is MOOT: no winning config exists. NO-GO to build. The only larger drafter-leg lever (SlimSpec low-rank lm_head, ~4-5x lm_head, ~+3.8% TPS) requires drafter RETRAINING (cluster training request) and is out of scope for this profiling PR.",
  "inputs": {
    "microbench": "/workspace/senpai/target/research/systems/drafter_kernel_tile/microbench-20260616T040228Z.json",
    "precise": "/workspace/senpai/target/research/systems/drafter_kernel_tile/precise-20260616T040556Z.json",
    "breakdown": "/workspace/senpai/target/research/systems/drafter_kernel_tile/breakdown-og1-20260616T041112Z/breakdown.json"
  }
}