{
  "schema": "base_fullhead_microbench_head_v2",
  "analysis_only": true,
  "snapshot": "/senpai-run/home/student-lawine/.cache/huggingface/hub/models--google--gemma-4-E4B-it-qat-w4a16-ct/snapshots/ef0a4c43726bde42a3ca04fd300397c0b8b3c3f0",
  "vocab_full": 262144,
  "vocab_osoi5_baked": 16384,
  "vocab_osoi5_served": 12288,
  "hidden": 2560,
  "rows_set": [
    1,
    8
  ],
  "vocabs": [
    262144,
    16384,
    12288
  ],
  "int4_byte_per_elt": 0.5,
  "device": "NVIDIA A10G",
  "matmul_bf16_ms": {
    "262144/1": 2.6501119136810303,
    "262144/8": 2.6818559169769287,
    "16384/1": 0.18636800348758698,
    "16384/8": 0.22323200106620789,
    "12288/1": 0.131071999669075,
    "12288/8": 0.13209599256515503
  },
  "head_bf16_ms": {
    "262144/1": 2.6613759994506836,
    "262144/8": 2.698240041732788,
    "16384/1": 0.1955839991569519,
    "16384/8": 0.2314240038394928,
    "12288/1": 0.1382399946451187,
    "12288/8": 0.13926400244235992
  },
  "argmax_ms": {
    "262144/1": 0.03174399957060814,
    "262144/8": 0.03174399957060814,
    "16384/1": 0.025599999353289604,
    "16384/8": 0.026623999699950218,
    "12288/1": 0.025599999353289604,
    "12288/8": 0.025599999353289604
  },
  "head_int4_ms": {
    "262144/1": 0.7022079788148403,
    "262144/8": 0.7022079788148403,
    "16384/1": 0.06750399805605412,
    "16384/8": 0.06852799840271473,
    "12288/1": 0.05702799838036298,
    "12288/8": 0.05702799838036298
  },
  "eff_hbm_gbps": 500.4658421444743
}