{
  "variant": "base",
  "model": "google/gemma-4-E4B-it-qat-w4a16-ct",
  "load_s": 63.41424775123596,
  "backend_summary": {
    "256|TRITON_ATTN": 35,
    "512|TRITON_ATTN": 7
  },
  "tps": {
    "tps_mean": 96.85779724664278,
    "tps_std": 0.04369725523404292,
    "tps_samples": [
      96.88432298208382,
      96.80456616303266,
      96.887557602855,
      96.80567457322235,
      96.90686491202008
    ],
    "tps_tokens": 256
  },
  "ppl": {
    "ppl": 2.0054042687830984,
    "mean_record_ppl": 2.1588044300405334,
    "num_records": 128,
    "num_tokens": 61797,
    "neg_log_likelihood": 43001.174915315016
  },
  "peak_mem_gb": 21.031254528,
  "n_identity": 128,
  "gen_tokens": 128
}