{
  "runner": "paired_tps_ab",
  "pr": 82,
  "metric": "wall_tps",
  "baseline": {
    "submission": "fa2sw_precache_kenyan",
    "label": "bm16_s3",
    "override_env": {},
    "describe": "fa2sw_precache_kenyan"
  },
  "candidate": {
    "submission": "fa2sw_precache_kenyan",
    "label": "bm16_s2",
    "override_env": {
      "WIRBEL_BM4_AB": "1",
      "WIRBEL_BM4_BLOCK_M": "16",
      "WIRBEL_BM4_NUM_STAGES": "2"
    },
    "describe": "fa2sw_precache_kenyan[WIRBEL_BM4_AB=1,WIRBEL_BM4_BLOCK_M=16,WIRBEL_BM4_NUM_STAGES=2]"
  },
  "n": 1,
  "workload": {
    "num_prompts": 128,
    "output_len": 512,
    "seed": 5
  },
  "reused_baseline_from": null,
  "elapsed_s": 472.75401544570923,
  "git": {
    "git_commit": "626fb4f931a0b87e46d9d6c51e8626f94832d28d",
    "git_branch": "wirbel/numstages-realize",
    "git_dirty": true
  },
  "arms": {
    "baseline": {
      "n": 1,
      "wall_tps": {
        "n": 1,
        "mean": 454.6066877793675,
        "std": 0.0,
        "cv_pct": 0.0,
        "min": 454.6066877793675,
        "max": 454.6066877793675,
        "range_pct": 0.0,
        "median": 454.6066877793675,
        "p25": 454.6066877793675,
        "p75": 454.6066877793675,
        "values": [
          454.6066877793675
        ]
      },
      "steady_gen_tps_mean": {
        "n": 1,
        "mean": 455.65714285714284,
        "std": 0.0,
        "cv_pct": 0.0,
        "min": 455.65714285714284,
        "max": 455.65714285714284,
        "range_pct": 0.0,
        "median": 455.65714285714284,
        "p25": 455.65714285714284,
        "p75": 455.65714285714284,
        "values": [
          455.65714285714284
        ]
      },
      "e_accept_exact": {
        "n": 1,
        "mean": 3.860201435377842,
        "std": 0.0,
        "cv_pct": 0.0,
        "min": 3.860201435377842,
        "max": 3.860201435377842,
        "range_pct": 0.0,
        "median": 3.860201435377842,
        "p25": 3.860201435377842,
        "p75": 3.860201435377842,
        "values": [
          3.860201435377842
        ]
      },
      "server_ready_s": {
        "n": 1,
        "mean": 80.01680302619934,
        "std": 0.0,
        "cv_pct": 0.0,
        "min": 80.01680302619934,
        "max": 80.01680302619934,
        "range_pct": 0.0,
        "median": 80.01680302619934,
        "p25": 80.01680302619934,
        "p75": 80.01680302619934,
        "values": [
          80.01680302619934
        ]
      },
      "records": [
        {
          "run_idx": 0,
          "t_start_utc": "2026-06-16T08:41:47.959685+00:00",
          "seed": 5,
          "num_prompts": 128,
          "output_len": 512,
          "num_completion_tokens": 65536,
          "decode_duration_s": 144.1597797870636,
          "wall_around_decode_s": 152.70726609230042,
          "wall_tps": 454.6066877793675,
          "steady_gen_tps_mean": 455.65714285714284,
          "steady_gen_tps_mean_nonzero": 455.65714285714284,
          "steady_gen_tps_n": 14,
          "gen_tps_series": [
            448.9,
            484.4,
            459.5,
            423.0,
            442.4,
            469.5,
            492.9,
            438.2,
            443.7,
            447.1,
            458.3,
            452.2,
            459.3,
            459.8
          ],
          "e_accept_exact": 3.860201435377842,
          "e_accept_interval_mean": 3.862142857142857,
          "num_speculative_tokens": 7,
          "total_accepted_tokens": 47425,
          "total_drafted_tokens": 116067,
          "intervals": 14,
          "clock": {
            "n_samples": 621,
            "n_load_samples": 576,
            "sm_clock_mhz": {
              "mean": 1710.0,
              "min": 1710.0,
              "max": 1710.0
            },
            "sm_clock_mhz_load": {
              "mean": 1710.0,
              "min": 1710.0,
              "max": 1710.0
            },
            "mem_clock_mhz_load": {
              "mean": 6251.0,
              "min": 6251.0,
              "max": 6251.0
            },
            "temp_c": {
              "mean": 42.40096618357488,
              "min": 30.0,
              "max": 47.0
            },
            "power_w_load": {
              "mean": 163.53694444444443,
              "min": 58.41,
              "max": 180.63
            },
            "util_pct": {
              "mean": 92.22866344605475,
              "min": 0.0,
              "max": 100.0
            }
          },
          "log_offset_start": 0,
          "server_ready_s": 80.01680302619934,
          "arm": "bm16_s3",
          "submission": "fa2sw_precache_kenyan",
          "override_env": {}
        }
      ]
    },
    "candidate": {
      "n": 1,
      "wall_tps": {
        "n": 1,
        "mean": 456.34439366358794,
        "std": 0.0,
        "cv_pct": 0.0,
        "min": 456.34439366358794,
        "max": 456.34439366358794,
        "range_pct": 0.0,
        "median": 456.34439366358794,
        "p25": 456.34439366358794,
        "p75": 456.34439366358794,
        "values": [
          456.34439366358794
        ]
      },
      "steady_gen_tps_mean": {
        "n": 1,
        "mean": 456.04285714285714,
        "std": 0.0,
        "cv_pct": 0.0,
        "min": 456.04285714285714,
        "max": 456.04285714285714,
        "range_pct": 0.0,
        "median": 456.04285714285714,
        "p25": 456.04285714285714,
        "p75": 456.04285714285714,
        "values": [
          456.04285714285714
        ]
      },
      "e_accept_exact": {
        "n": 1,
        "mean": 3.8606641354788165,
        "std": 0.0,
        "cv_pct": 0.0,
        "min": 3.8606641354788165,
        "max": 3.8606641354788165,
        "range_pct": 0.0,
        "median": 3.8606641354788165,
        "p25": 3.8606641354788165,
        "p75": 3.8606641354788165,
        "values": [
          3.8606641354788165
        ]
      },
      "server_ready_s": {
        "n": 1,
        "mean": 80.01563572883606,
        "std": 0.0,
        "cv_pct": 0.0,
        "min": 80.01563572883606,
        "max": 80.01563572883606,
        "range_pct": 0.0,
        "median": 80.01563572883606,
        "p25": 80.01563572883606,
        "p75": 80.01563572883606,
        "values": [
          80.01563572883606
        ]
      },
      "records": [
        {
          "run_idx": 0,
          "t_start_utc": "2026-06-16T08:45:44.518226+00:00",
          "seed": 5,
          "num_prompts": 128,
          "output_len": 512,
          "num_completion_tokens": 65536,
          "decode_duration_s": 143.6108362674713,
          "wall_around_decode_s": 152.1440327167511,
          "wall_tps": 456.34439366358794,
          "steady_gen_tps_mean": 456.04285714285714,
          "steady_gen_tps_mean_nonzero": 456.04285714285714,
          "steady_gen_tps_n": 14,
          "gen_tps_series": [
            432.2,
            484.0,
            465.3,
            423.3,
            445.5,
            471.5,
            491.0,
            442.1,
            446.3,
            445.6,
            461.4,
            452.8,
            460.7,
            462.9
          ],
          "e_accept_exact": 3.8606641354788165,
          "e_accept_interval_mean": 3.8628571428571425,
          "num_speculative_tokens": 7,
          "total_accepted_tokens": 47467,
          "total_drafted_tokens": 116151,
          "intervals": 14,
          "clock": {
            "n_samples": 619,
            "n_load_samples": 574,
            "sm_clock_mhz": {
              "mean": 1710.0,
              "min": 1710.0,
              "max": 1710.0
            },
            "sm_clock_mhz_load": {
              "mean": 1710.0,
              "min": 1710.0,
              "max": 1710.0
            },
            "mem_clock_mhz_load": {
              "mean": 6251.0,
              "min": 6251.0,
              "max": 6251.0
            },
            "temp_c": {
              "mean": 42.4313408723748,
              "min": 30.0,
              "max": 47.0
            },