{
  "pooled_accuracy": 0.41414141414141414,
  "n_correct": 246,
  "n_scored": 594,
  "stderr": 0.020210520947274182,
  "bar": 0.471,
  "pass": false,
  "seeds": [
    {
      "seed": "12345",
      "accuracy": 0.4494949494949495,
      "n_correct": 89,
      "n_scored": 198
    },
    {
      "seed": "23456",
      "accuracy": 0.4090909090909091,
      "n_correct": 81,
      "n_scored": 198
    },
    {
      "seed": "34567",
      "accuracy": 0.3838383838383838,
      "n_correct": 76,
      "n_scored": 198
    }
  ]
}