{
  "tag_dev307": "dev307gb6144",
  "tag_0p22": "0p22gb6144",
  "seeds": [
    "12345",
    "23456",
    "34567",
    "45678",
    "56789",
    "67890",
    "78901",
    "89012",
    "90123",
    "13579"
  ],
  "bar": 0.471,
  "gpqa_dev307_10seed_acc": 0.448989898989899,
  "dev307_n_correct": 889,
  "dev307_n_scored": 1980,
  "dev307_stderr": 0.011178035135585929,
  "dev307_ci95_wilson": [
    0.4272007285015209,
    0.47097662598081286
  ],
  "gpqa_dev307_ci_lo_clears_bar": false,
  "dev307_point_clears_bar": false,
  "de_confounded_acc": 0.4512690355329949,
  "de_confounded_n": 1970,
  "de_confounded_ci95_wilson": [
    0.42941049430298656,
    0.47331726257476886
  ],
  "de_confounded_n_request_error": 10,
  "de_confounded_pass": false,
  "gpqa_0p22_10seed_acc": 0.46515151515151515,
  "p0p22_n_correct": 921,
  "p0p22_n_scored": 1980,
  "p0p22_ci95_wilson": [
    0.4432698712843504,
    0.48716812336199644
  ],
  "paired_mean_delta_dev307_minus_0p22": -0.016161616161616172,
  "paired_delta_sd": 0.03432031967898183,
  "paired_delta_se": 0.010853038021068144,
  "paired_delta_t": -1.4891329165384757,
  "paired_delta_df": 9,
  "paired_delta_p_two_sided": 0.17063427180945523,
  "paired_delta_ci95": [
    -0.040712892092241625,
    0.00838965976900928
  ],
  "paired_delta_ci_significant": false,
  "paired_delta_sig_positive": false,
  "mcnemar_paired_items": 1980,
  "mcnemar_b_dev_correct_0p22_wrong": 240,
  "mcnemar_c_0p22_correct_dev_wrong": 272,
  "mcnemar_both_correct": 649,
  "mcnemar_both_wrong": 819,
  "mcnemar_item_delta_dev_minus_0p22": -0.01616161616161616,
  "mcnemar_p_two_sided": 0.1706198992928416,
  "mcnemar_significant": false,
  "prompt_sha_mismatch": 0,
  "implied_base_for_0p22_clear": 0.5168350168350169,
  "implied_base_for_dev307_clear": 0.4988776655443322,
  "VERDICT": "GPQA_MODEL_LIMITED",
  "per_seed": [
    {
      "seed": "12345",
      "acc_dev307": 0.43434343434343436,
      "n_correct_dev307": 86,
      "n_scored_dev307": 198,
      "n_error_dev307": 1,
      "acc_0p22": 0.494949494949495,
      "n_correct_0p22": 98,
      "n_scored_0p22": 198,
      "delta_dev_minus_0p22": -0.06060606060606061,
      "len_stop_rate_dev307": 0.0,
      "ctok_mean_dev307": 1931.9593908629442
    },
    {
      "seed": "23456",
      "acc_dev307": 0.5050505050505051,
      "n_correct_dev307": 100,
      "n_scored_dev307": 198,
      "n_error_dev307": 1,
      "acc_0p22": 0.4696969696969697,
      "n_correct_0p22": 93,
      "n_scored_0p22": 198,
      "delta_dev_minus_0p22": 0.03535353535353536,
      "len_stop_rate_dev307": 0.0,
      "ctok_mean_dev307": 1960.1065989847716
    },
    {
      "seed": "34567",
      "acc_dev307": 0.4292929292929293,
      "n_correct_dev307": 85,
      "n_scored_dev307": 198,
      "n_error_dev307": 1,
      "acc_0p22": 0.4494949494949495,
      "n_correct_0p22": 89,
      "n_scored_0p22": 198,
      "delta_dev_minus_0p22": -0.02020202020202022,
      "len_stop_rate_dev307": 0.0,
      "ctok_mean_dev307": 1958.527918781726
    },
    {
      "seed": "45678",
      "acc_dev307": 0.43434343434343436,
      "n_correct_dev307": 86,
      "n_scored_dev307": 198,
      "n_error_dev307": 1,
      "acc_0p22": 0.4494949494949495,
      "n_correct_0p22": 89,
      "n_scored_0p22": 198,
      "delta_dev_minus_0p22": -0.015151515151515138,
      "len_stop_rate_dev307": 0.005050505050505051,
      "ctok_mean_dev307": 1915.8832487309644
    },
    {
      "seed": "56789",
      "acc_dev307": 0.46464646464646464,
      "n_correct_dev307": 92,
      "n_scored_dev307": 198,
      "n_error_dev307": 1,
      "acc_0p22": 0.5050505050505051,
      "n_correct_0p22": 100,
      "n_scored_0p22": 198,
      "delta_dev_minus_0p22": -0.04040404040404044,
      "len_stop_rate_dev307": 0.0,
      "ctok_mean_dev307": 1929.451776649746
    },
    {
      "seed": "67890",
      "acc_dev307": 0.4090909090909091,
      "n_correct_dev307": 81,
      "n_scored_dev307": 198,
      "n_error_dev307": 1,
      "acc_0p22": 0.47474747474747475,
      "n_correct_0p22": 94,
      "n_scored_0p22": 198,
      "delta_dev_minus_0p22": -0.06565656565656564,
      "len_stop_rate_dev307": 0.0,
      "ctok_mean_dev307": 1917.020304568528
    },
    {
      "seed": "78901",
      "acc_dev307": 0.4444444444444444,
      "n_correct_dev307": 88,
      "n_scored_dev307": 198,
      "n_error_dev307": 1,
      "acc_0p22": 0.46464646464646464,
      "n_correct_0p22": 92,
      "n_scored_0p22": 198,
      "delta_dev_minus_0p22": -0.02020202020202022,
      "len_stop_rate_dev307": 0.0,
      "ctok_mean_dev307": 1986.4365482233502
    },
    {
      "seed": "89012",
      "acc_dev307": 0.45454545454545453,
      "n_correct_dev307": 90,
      "n_scored_dev307": 198,
      "n_error_dev307": 1,
      "acc_0p22": 0.4595959595959596,
      "n_correct_0p22": 91,
      "n_scored_0p22": 198,
      "delta_dev_minus_0p22": -0.005050505050505083,
      "len_stop_rate_dev307": 0.0,
      "ctok_mean_dev307": 1953.5989847715737
    },
    {
      "seed": "90123",
      "acc_dev307": 0.48484848484848486,
      "n_correct_dev307": 96,
      "n_scored_dev307": 198,
      "n_error_dev307": 1,
      "acc_0p22": 0.4494949494949495,
      "n_correct_0p22": 89,
      "n_scored_0p22": 198,
      "delta_dev_minus_0p22": 0.03535353535353536,
      "len_stop_rate_dev307": 0.0,
      "ctok_mean_dev307": 1935.9847715736041
    },
    {
      "seed": "13579",
      "acc_dev307": 0.4292929292929293,
      "n_correct_dev307": 85,
      "n_scored_dev307": 198,
      "n_error_dev307": 1,
      "acc_0p22": 0.43434343434343436,
      "n_correct_0p22": 86,
      "n_scored_0p22": 198,
      "delta_dev_minus_0p22": -0.005050505050505083,
      "len_stop_rate_dev307": 0.0,
      "ctok_mean_dev307": 1948.451776649746
    }
  ]
}