{
  "gsm8k": {
    "accuracy": 0.884,
    "n": 500,
    "n_correct": 442,
    "regime": "sampled",
    "seed": 1234
  },
  "mmlu_pro": {
    "accuracy": 0.622,
    "n": 500,
    "n_correct": 311,
    "empty_rate": 0.0,
    "seed": 12345
  },
  "gpqa_diamond": {
    "accuracy": 0.41414141414141414,
    "n": 594,
    "n_correct": 246,
    "stderr": 0.020210520947274182,
    "pooled_seeds": 3,
    "note": "pooled 3 seeds (12345/23456/34567)"
  },
  "aime": {
    "accuracy": 0.3333333333333333,
    "n": 60,
    "n_correct": 20,
    "k": 8
  }
}