{
  "pr": 624,
  "analysis_only": true,
  "official_tps": 0,
  "decode_fresh_legs": "greedy (temp=0, top_p=1, top_k off), min_tokens=8",
  "budget": "gb6144 (max_tokens=6144, max_model_len=8192 ctx)",
  "serve_config": "dev307, int4_g128_lmhead + MTP-K7 (BI=1), max_num_seqs=16",
  "legs": [
    {
      "leg": "mmlu_pro",
      "decode": "greedy",
      "accuracy": 0.664,
      "n_correct": 332,
      "n": 500,
      "bar": 0.605,
      "pass": true,
      "margin_over_bar": 0.05900000000000005,
      "sigma_vs_bar": 2.793079745293459,
      "ci95_wilson": [
        0.6214864254224679,
        0.704012699699396
      ],
      "ci95_wilson_lo_clears_bar": true,
      "truncation_rate": 0.002,
      "base_sampled": 0.6727,
      "base_greedy": 0.678,
      "pct_of_base_greedy": 0.9793510324483775,
      "order": 1,
      "empty_rate": 0.0,
      "n_samples": 500,
      "completion_tokens_mean": 1038.81,
      "completion_tokens_p95": 2843,
      "n_stop_model_length": 0,
      "n_stop_max_tokens": 1,
      "n_error": 0,
      "max_tokens": 6144,
      "seed": 12345
    },
    {
      "leg": "gpqa_diamond",
      "decode": "SAMPLED (T=1.0, 6-seed pool) [from #612]",
      "accuracy": 0.4764309764309764,
      "n_correct": 566,
      "n": 1188,
      "bar": 0.471,
      "pass": true,
      "margin_over_bar": 0.005430976430976453,
      "sigma_vs_bar": 0.3747996452036001,
      "ci95_wilson": [
        0.44815157464871014,
        0.5048623157877369
      ],
      "ci95_wilson_lo_clears_bar": false,
      "truncation_rate": 0.0,
      "base_sampled": 0.5236,
      "base_greedy": 0.5253,
      "pct_of_base_greedy": 0.9069693059793955,
      "order": 2,
      "seeds": [
        "12345",
        "23456",
        "34567",
        "45678",
        "56789",
        "67890"
      ],
      "source_pr": 612,
      "note": "decode-mode caveat: GPQA reused from #612 (sampled); the 3 fresh legs are greedy. base bar derived from sampled base mean."
    },
    {
      "leg": "gsm8k",
      "decode": "greedy",
      "accuracy": 0.928,
      "n_correct": 464,
      "n": 500,
      "bar": 0.807,
      "pass": true,
      "margin_over_bar": 0.121,
      "sigma_vs_bar": 10.467190689898478,
      "ci95_wilson": [
        0.9019310525910869,
        0.94754227394646
      ],
      "ci95_wilson_lo_clears_bar": true,
      "truncation_rate": 0.0,
      "base_sampled": 0.8967,
      "base_greedy": 0.904,
      "pct_of_base_greedy": 1.0265486725663717,
      "order": 3,
      "strict_rate": 1.0,
      "extract_fail_rate": 0.0,
      "n_shot": 8,
      "seed": 1234,
      "max_tokens": 6144
    },
    {
      "leg": "aime",
      "decode": "greedy (maj@1, no-thinking)",
      "accuracy": 0.4,
      "n_correct": 24,
      "n": 60,
      "bar": 0.09,
      "pass": true,
      "margin_over_bar": 0.31000000000000005,
      "sigma_vs_bar": 4.901530373260989,
      "ci95_wilson": [
        0.28569303003765506,
        0.5263417560579315
      ],
      "ci95_wilson_lo_clears_bar": true,
      "truncation_rate": 0.15,
      "base_sampled": 0.1,
      "base_greedy": 0.1,
      "pct_of_base_greedy": 4.0,
      "order": 4,
      "mean_pass_rate": 0.4,
      "extract_fail_rate": 0.0,
      "maj_k": 1,
      "years": [
        "2024",
        "2025-I",
        "2025-II"
      ],
      "seed": 1234,
      "base_int4_fullhead": 0.1167,
      "max_tokens": 6144
    }
  ],
  "optionb_all_four_legs_pass": true,
  "legs_present": [
    "aime",
    "gpqa_diamond",
    "gsm8k",
    "mmlu_pro"
  ],
  "denominator_caveat": "measured on dev307; accuracy-validity vs 0.22.0 under audit (lawine #615 / ubel #614 / kanna #610). Pass/fail provisional on the dev307-fair-denominator resolution."
}