{
  "kind": "deployed-gd-measurement",
  "pr": 271,
  "agent": "denken",
  "model_dir": "/senpai-run/home/student-denken/.cache/huggingface/hub/models--google--gemma-4-E4B-it-qat-w4a16-ct/snapshots/ef0a4c43726bde42a3ca04fd300397c0b8b3c3f0",
  "loaded_num_layers": 42,
  "deployed_num_layers": 37,
  "deployed_layer_src": "osoi5-v0-baked config.json",
  "load_errors": {
    "/tmp/osoi5-v0-baked": "AssertionError()"
  },
  "drafter_dir": "/tmp/qat-assistant",
  "n_draft_gemms": 19,
  "lm_head_vocab": 12288,
  "ctx": 528,
  "K_spec": 7,
  "config": {
    "iters": 100,
    "warmup": 40,
    "repeats": 7,
    "region_samples": 80,
    "graphed": {
      "draft": true,
      "draft_k": true,
      "verify8": true,
      "verify32": true,
      "coupled": true
    }
  },
  "draft_pass_us_graphed": 101.95675304957798,
  "draft_pass_us_graphed_stats": {
    "n": 7,
    "mean": 101.95675304957798,
    "median": 101.95967674255371,
    "std": 0.058368841639988685,
    "se": 0.02206134847061736,
    "ci95_abs": 0.04324024300241002,
    "lo": 101.91351280657557,
    "hi": 101.9999932925804,
    "cv_pct": 0.05724862737792951,
    "min": 101.87775611877441,
    "max": 102.05183982849121
  },
  "draft_pass_us_eager": 400.1006825764974,
  "draft_k7_chain_us_graphed": 706.9037628173828,
  "draft_k7_chain_us_stats": {
    "n": 7,
    "mean": 706.9037628173828,
    "median": 706.9286346435547,
    "std": 0.12297486584535136,
    "se": 0.046480130362618645,
    "ci95_abs": 0.09110105551073254,
    "lo": 706.812661761872,
    "hi": 706.9948638728936,
    "cv_pct": 0.017396266976318235,
    "min": 706.7238616943359,
    "max": 707.0822143554688
  },
  "verify8_us": 5357.805088588169,
  "verify8_us_stats": {
    "n": 7,
    "mean": 5357.805088588169,
    "median": 5357.650146484375,
    "std": 0.29389397500484166,
    "se": 0.11108148138329198,
    "ci95_abs": 0.21771970351125228,
    "lo": 5357.587368884658,
    "hi": 5358.022808291681,
    "cv_pct": 0.005485342787680344,
    "min": 5357.4859619140625,
    "max": 5358.284912109375
  },
  "verify32_us": 6032.161690848215,
  "verify32_us_stats": {
    "n": 7,
    "mean": 6032.161690848215,
    "median": 6032.117919921875,
    "std": 0.33865448934685793,
    "se": 0.1279993655981941,
    "ci95_abs": 0.25087875657246045,
    "lo": 6031.910812091643,
    "hi": 6032.412569604787,
    "cv_pct": 0.005614148073329214,
    "min": 6031.728515625,
    "max": 6032.73193359375
  },
  "verify32_over_verify8": 1.1258643401747457,
  "g_d_isolated": 0.01902957486578604,
  "g_d_isolated_eager": 0.07467622953076249,
  "physical_floor": {
    "body_int4_gb": 1.6973824,
    "lmhead_bf16_gb": 0.06291456,
    "a10g_bw_gbps": 600.0,
    "verify_hbm_floor_ms": 2.933828266666667,
    "verify8_wall_ms": 5.35780508858817,
    "verify8_over_floor": 1.8262163295180043
  },
  "coupled": {
    "draft_region_us": {
      "n": 80,
      "mean": 714.5216137170792,
      "median": 714.7520184516907,
      "std": 1.6188871834949823,
      "se": 0.1809970895098978,
      "ci95_abs": 0.3547542954393997,
      "lo": 714.1668594216397,
      "hi": 714.8763680125186,
      "cv_pct": 0.22656937906653643,
      "min": 711.679995059967,
      "max": 723.9680290222168
    },
    "verify_region_us": {
      "n": 80,
      "mean": 5355.5071413517,
      "median": 5355.519771575928,
      "std": 1.7171939889074361,
      "se": 0.19198812448755234,
      "ci95_abs": 0.3762967239956026,
      "lo": 5355.130844627704,
      "hi": 5355.883438075695,
      "cv_pct": 0.03206407803377564,
      "min": 5350.399971008301,
      "max": 5359.615802764893
    },
    "total_us": {
      "n": 80,
      "mean": 6070.028865337372,
      "median": 6070.271968841553,
      "std": 2.18572990055102,
      "se": 0.24437203190429677,
      "ci95_abs": 0.47896918253242166,
      "lo": 6069.549896154839,
      "hi": 6070.5078345199045,
      "cv_pct": 0.036008558592406904,
      "min": 6065.152168273926,
      "max": 6078.464031219482
    },
    "coupled_total_us": 6070.028865337372,
    "isolated_sum_us": 6071.502359935215,
    "coupling_overhead_us": -1.4734945978434553,
    "coupling_ratio": 0.9997573097216322,
    "draft_region_per_pass_us": 102.07451624529702,
    "deployed_gd": 0.01905973320856729,
    "deployed_gd_stats": {
      "n": 80,
      "mean": 0.01905973320856729,
      "median": 0.01905854209663901,
      "std": 4.4475872953804664e-05,
      "se": 4.9725537641675796e-06,
      "ci95_abs": 9.746205377768457e-06,
      "lo": 0.019049987003189522,
      "hi": 0.01906947941394506,
      "cv_pct": 0.23334992398431317,
      "min": 0.018980254877988594,
      "max": 0.019315357431136375
    },
    "deployed_gd_lo": 0.019049987003189522,
    "deployed_gd_hi": 0.01906947941394506
  },
  "deployed_gd": 0.01905973320856729,
  "deployed_gd_lo": 0.019049987003189522,
  "deployed_gd_hi": 0.01906947941394506,
  "deployed_gd_basis": "coupled_record_time_region_split",
  "peak_gpu_gb": 13.236678144,
  "nan_clean": true
}