{
  "pr": 382,
  "issue": 319,
  "author": "ubel",
  "leg": "coverage->gap slope private-OOD robustness (#263-anchored)",
  "analysis_only": true,
  "no_hf_job": true,
  "no_launch": true,
  "no_submission": true,
  "no_served_file_change": true,
  "gpu_used": false,
  "tps_added_by_this_card": 0,
  "orthogonal_to": "denken #380 (kappa = int4-ct quantization-noise, same-distribution); fern #357 (composite integrator). This leg = public->private distribution-shift transfer of the coverage lever.",
  "optional_gpu_accept_leg": "SKIPPED -- the private per-position profile is DIRECTLY MEASURED in #263 (conditional_rank1_acceptance_q), not under-determined; and flattening_breakeven sits far below every plausible model. A fresh GPU E[l] measurement cannot move the verdict. CPU-analytic stands.",
  "measured_private_leverage": null,
  "imported": {
    "official_public": 481.53,
    "private_valid": 460.85,
    "knife_edge_pct": 3.2,
    "K_cal": 125.268,
    "slope_public": 489.76448056537095,
    "coverage_target_public_379": 0.9010623974566615,
    "a1_only_T2_289": 3.909733376164471,
    "coverage_baseline_336": 0.8903,
    "coverage_bar_336": 0.9213,
    "coverage_budget_336": 0.031,
    "pub_ak_289": [
      0.7292532942898975,
      0.759556697719242,
      0.7929794882639035,
      0.8228,
      0.8348727920920435,
      0.8357919254658385,
      0.8464932652113331
    ],
    "pub_ak_263": [
      0.728739760479042,
      0.7589764102641635,
      0.7924989076194682,
      0.821702519412012,
      0.8342716929825772,
      0.8352594665096346,
      0.8472621220149911
    ],
    "priv_ak_263": [
      0.5975381962737679,
      0.6914075024046169,
      0.7470438210062601,
      0.7687771570453135,
      0.8445700444085588,
      0.8582695984703633,
      0.8916736285157337
    ],
    "rho_collapse_pct_263": [
      -33.2,
      -34.5,
      -35.8
    ],
    "rho_collapse_mean_pct_263": -34.5,
    "priv_top1_263": 0.5975381962737679,
    "pub_top1_263": 0.728739760479042,
    "et_priv_benchmark": 3.6789138786783795,
    "k_spec": 7,
    "conservative_delta": 0.345
  },
  "t2_public_289": 3.9097333761644717,
  "t2_public_263": 3.903250332745711,
  "t2_private_measured_263": 3.484850913754409,
  "tps_shrink_to_3p2": 5.271039999999914,
  "et_pub_263_profile": 3.8444537125748504,
  "et_priv_263_profile": 3.0823315292878015,
  "slope_public": 489.76448056537095,
  "slope_private_oob": 437.26536914737983,
  "slope_flattening_ratio": 0.892807433978496,
  "coverage_target_for_3p2_private": 0.902354556276153,
  "target_inflation": 0.001292158819491518,
  "budget_margin_private": 0.01894544372384698,
  "flattening_breakeven": 0.3471741115052113,
  "flattening_margin": 0.5456333224732848,
  "flattening_margin_conservative": 0.17406611337855865,
  "delta_breakeven_multiplicative": 0.6596016642514482,
  "central_delta_equiv_multiplicative": 0.05265704592164078,
  "breakeven_multiple_of_263_collapse": 1.9118888818882558,
  "slope_is_private_robust": true,
  "demand_route_survives_private_oob": true,
  "recommended_action": "ROUTE CONFIRMED private-safe. fern #357 may BANK the coverage->gap slope. Recommend banking the conservative private-anchored target coverage~0.9109 (measured-central 0.9024) rather than the bare public 0.9011; even the conservative target sits 0.0104 inside #336's +0.031 budget. The slope only breaks at flattening<0.347 (downstream collapse delta~0.660, ~1.9x the #263-measured rank-2+ collapse) -- far below every plausible model.",
  "verdict_band": "GREEN_slope_private_robust",
  "models": {
    "central_measured": {
      "name": "central_measured_263",
      "note": "DIRECTLY-MEASURED #263 private per-position profile (adversarial slice).",
      "t2_priv": 3.484850913754409,
      "t2_pub": 3.903250332745711,
      "slope_flattening_ratio": 0.892807433978496,
      "slope_private_oob": 437.26536914737983,
      "slope_private_direct_t2xkcal": 436.5403042641873,
      "coverage_delta_for_3p2_private": 0.012054556276153018,
      "coverage_target_for_3p2_private": 0.902354556276153,
      "target_inflation": 0.001292158819491518,
      "budget_margin_private": 0.01894544372384698,
      "budget_fraction_used": 0.3888566540694522,
      "within_336_budget": true,
      "coverage_target_below_bar": true
    },
    "conservative_stress": {
      "name": "conservative_mult_345",
      "note": "STRESS: downstream a_k * (1-0.345) [#263 mean rank-2+ collapse]; over-reads per-position degradation.",
      "t2_priv": 2.034531081218024,
      "t2_pub": 3.903250332745711,
      "slope_flattening_ratio": 0.52124022488377,
      "slope_private_oob": 255.28494798997673,
      "slope_private_direct_t2xkcal": 254.86163948201946,
      "coverage_delta_for_3p2_private": 0.020647672498916275,
      "coverage_target_for_3p2_private": 0.9109476724989163,
      "target_inflation": 0.009885275042254782,
      "budget_margin_private": 0.010352327501083725,
      "budget_fraction_used": 0.6660539515779443,
      "within_336_budget": true,
      "coverage_target_below_bar": true
    },
    "mild_survival": {
      "name": "mild_survival_sum_345",
      "note": "survival-SUM collapse by 0.345 (Model A).",
      "t2_priv": 2.9016289679484406,
      "t2_pub": 3.903250332745711,
      "slope_flattening_ratio": 0.7433878743583716,
      "slope_private_oob": 364.0849761437231,
      "slope_private_direct_t2xkcal": 363.48125755696526,
      "coverage_delta_for_3p2_private": 0.014477499334988111,
      "coverage_target_for_3p2_private": 0.9047774993349881,
      "target_inflation": 0.0037151018783265766,
      "budget_margin_private": 0.01652250066501189,
      "budget_fraction_used": 0.4670161075802617,
      "within_336_budget": true,
      "coverage_target_below_bar": true
    },
    "adversarial_floor": {
      "name": "adversarial_lowtail_const",
      "note": "downstream pinned at #289 low-tail alpha=0.6941.",
      "t2_priv": 3.0150021367309803,
      "t2_pub": 3.903250332745711,
      "slope_flattening_ratio": 0.772433710294492,
      "slope_private_oob": 378.31059489356414,
      "slope_private_direct_t2xkcal": 377.68328766401646,
      "coverage_delta_for_3p2_private": 0.013933101718927263,
      "coverage_target_for_3p2_private": 0.9042331017189272,
      "target_inflation": 0.0031707042622657333,
      "budget_margin_private": 0.01706689828107274,
      "budget_fraction_used": 0.44945489415894396,
      "within_336_budget": true,
      "coverage_target_below_bar": true
    },
    "benchmark_realistic": {
      "name": "benchmark_realistic",
      "note": "REALISTIC: benchmark private E[T]=rho*E_T_pub, whole net E[T] loss charged to the tail.",
      "t2_priv": 3.676091279714692,
      "t2_pub": 3.903250332745711,
      "slope_flattening_ratio": 0.9418025917719641,
      "slope_private_oob": 461.26145715431613,
      "slope_private_direct_t2xkcal": 460.49660242730005,
      "coverage_delta_for_3p2_private": 0.011427445146877891,
      "coverage_target_for_3p2_private": 0.9017274451468779,
      "target_inflation": 0.0006650476902163582,
      "budget_margin_private": 0.019572554853122107,
      "budget_fraction_used": 0.3686272628025126,
      "within_336_budget": true,
      "coverage_target_below_bar": true
    }
  },
  "delta_sweep": [
    {
      "downstream_collapse_delta": 0.0,
      "slope_flattening_ratio": 1.0,
      "slope_private_tps_per_cov": 489.76448056537095,
      "coverage_delta_for_3p2_private": 0.01076239745666155,
      "coverage_target_for_3p2_private": 0.9010623974566615,
      "budget_margin_private": 0.02023760254333845,
      "within_336_budget": true
    },
    {
      "downstream_collapse_delta": 0.1,
      "slope_flattening_ratio": 0.8094700080096414,
      "slope_private_tps_per_cov": 396.44965800608867,
      "coverage_delta_for_3p2_private": 0.013295609905454784,
      "coverage_target_for_3p2_private": 0.9035956099054547,
      "budget_margin_private": 0.017704390094545216,