{
  "mmlu_pro": {
    "axis": "mmlu_pro",
    "n_broken_truncated": 183,
    "n_still_truncated_under_ple_fold": 43,
    "n_converged": 140,
    "n_converged_and_correct": 97,
    "convergence_rate": 0.7650273224043715,
    "converged_correct_rate": 0.5300546448087432,
    "broken_truncation_rate": 0.366,
    "recovered_truncation_rate": 0.096,
    "n_prompt_mismatch": 0,
    "still_truncated_ids": [
      "10195",
      "10200",
      "10223",
      "10608",
      "10702",
      "1088",
      "11362",
      "11386",
      "11400",
      "11444",
      "11462",
      "11513",
      "11559",
      "11584",
      "11591",
      "11669",
      "11724",
      "11833",
      "11885",
      "11895",
      "12109",
      "12138",
      "12162",
      "12229",
      "12253",
      "224",
      "3500",
      "4207",
      "4230",
      "4243",
      "4385",
      "4460",
      "459",
      "8221",
      "8832",
      "9022",
      "9373",
      "9398",
      "9462",
      "9554",
      "9594",
      "9661",
      "9666"
    ]
  },
  "gpqa_diamond": {
    "axis": "gpqa_diamond",
    "n_broken_truncated": 67,
    "n_still_truncated_under_ple_fold": 18,
    "n_converged": 49,
    "n_converged_and_correct": 30,
    "convergence_rate": 0.7313432835820896,
    "converged_correct_rate": 0.44776119402985076,
    "broken_truncation_rate": 0.3383838383838384,
    "recovered_truncation_rate": 0.16161616161616163,
    "n_prompt_mismatch": 0,
    "still_truncated_ids": [
      "rec260hNUCEj109Dj",
      "rec7qmSnbud4FHSqL",
      "recA1i5ZAh0Uzclxp",
      "recAAJoHMW45Lv5je",
      "recGFNRVl1qBZGwyU",
      "recJJcOHhFeSaRpl4",
      "recKv4hFyNpViUXnL",
      "recLB0EkQ54bYVhnd",
      "recOYsaYs6RmtlTDy",
      "recOkA2zsy4GSMD9R",
      "recRgabRzMaEoBRcM",
      "recVvpD8miVjmmyfe",
      "recZSGUkn56v9kEp1",
      "recZbxrocrxh9YENH",
      "recgM7o1tcc7tP778",
      "reckEnrOPFT9Ru7tW",
      "recrHBEJJoDTV05JR",
      "recuyeuT5rQ6qDt8F"
    ]
  }
}