{
  "analysis_only": true,
  "official_tps": 0,
  "stark_tax": 0.87,
  "ship_bar": 126.378,
  "plus10_bar": 136.378,
  "ar_local_median": 106.27574367111654,
  "ar_local_anchor_expected": 126.94,
  "cells": {
    "ar": {
      "n_runs": 1,
      "wall_tps_values": [
        106.27574367111654
      ],
      "wall_tps_median": 106.27574367111654,
      "wall_tps_mean": 106.27574367111654,
      "wall_tps_min": 106.27574367111654,
      "wall_tps_max": 106.27574367111654,
      "official_equiv_tax": 92.4598969938714,
      "mean_acceptance_length_metrics": null,
      "draft_acceptance_rate_metrics": null,
      "mean_acceptance_length_serverlog": null,
      "speedup_vs_ar": 1.0,
      "official_equiv_ratio": 126.378
    },
    "ngram:5": {
      "n_runs": 1,
      "wall_tps_values": [
        108.05541459563219
      ],
      "wall_tps_median": 108.05541459563219,
      "wall_tps_mean": 108.05541459563219,
      "wall_tps_min": 108.05541459563219,
      "wall_tps_max": 108.05541459563219,
      "official_equiv_tax": 94.0082106982,
      "mean_acceptance_length_metrics": 2.2531306550850525,
      "draft_acceptance_rate_metrics": 0.25135755147080174,
      "mean_acceptance_length_serverlog": 2.2580807037222894,
      "speedup_vs_ar": 1.0167457866022849,
      "official_equiv_ratio": 128.49429901922355,
      "byte_identity": {
        "n_compared": 128,
        "n_mismatch": 49,
        "break_rate": 0.3828125,
        "byte_exact": false,
        "mismatch_ids": [
          "aime2026-0e674f51e8",
          "aime2026-1eaadd490a",
          "aime2026-5e99c1f8e3",
          "aime2026-7443669f7e",
          "aime2026-8742f9e684",
          "gpqa_diamond-019eb0f05f",
          "gpqa_diamond-025e20e6e9",
          "gpqa_diamond-045347c35e",
          "gpqa_diamond-051eba2501",
          "gpqa_diamond-0c1cc6cb8c"
        ]
      }
    },
    "suffix:6": {
      "n_runs": 1,
      "wall_tps_values": [
        122.37811836688813
      ],
      "wall_tps_median": 122.37811836688813,
      "wall_tps_mean": 122.37811836688813,
      "wall_tps_min": 122.37811836688813,
      "wall_tps_max": 122.37811836688813,
      "official_equiv_tax": 106.46896297919267,
      "mean_acceptance_length_metrics": 1.6289323292207445,
      "draft_acceptance_rate_metrics": 0.2958594005175749,
      "mean_acceptance_length_serverlog": 2.7770257424236666,
      "speedup_vs_ar": 1.1515150507495142,
      "official_equiv_ratio": 145.5261690836221,
      "byte_identity": {
        "n_compared": 128,
        "n_mismatch": 42,
        "break_rate": 0.328125,
        "byte_exact": false,
        "mismatch_ids": [
          "aime2026-1eaadd490a",
          "aime2026-7443669f7e",
          "aime2026-8742f9e684",
          "gpqa_diamond-025e20e6e9",
          "gpqa_diamond-083aa35723",
          "gpqa_diamond-0c38e0dd0d",
          "gpqa_diamond-0caf81b8c8",
          "gpqa_diamond-0dbcc69ff3",
          "gpqa_diamond-123161632f",
          "gpqa_diamond-14a2ed1ddc"
        ]
      }
    }
  },
  "drafterfree_best_cell": "suffix:6",
  "drafterfree_best_walltps_official_equiv": 106.46896297919267,
  "verdict": "DRAFTERFREE_DEAD",
  "failed_cells": {},
  "elapsed_s": 2134.8744637966156,
  "workload": {
    "num_prompts": 128,
    "output_len": 512,
    "conc": 1,
    "temp": 0.0,
    "ignore_eos": true,
    "batch_invariant": 1,
    "max_model_len": 4096,
    "max_num_seqs": 16,
    "prompt_lookup_min": 2,
    "prompt_lookup_max": 6
  }
}