{
  "pr": 402,
  "agent": "denken",
  "kind": "tree-verify-net-tps-go-nogo",
  "analysis_only": true,
  "no_launch": true,
  "no_hf_job": true,
  "no_submission": true,
  "no_served_file_change": true,
  "gpu_used": false,
  "official_tps": 0,
  "baseline_unchanged_tps": 481.53,
  "baseline_unchanged_ppl": 2.3772,
  "corrected_strict_base_tps": 467.475218449957,
  "gap_to_500_tps": 32.524781550042974,
  "inputs": {
    "base_467_393": 467.475218449957,
    "gap_32_393": 32.524781550042974,
    "ceiling_505_393": 505.29039303418637,
    "base_471_390": 471.41634950257713,
    "gap_28_390": 28.583650497422866,
    "n_rebuilds_arm_a_390": 1,
    "ladder_289": [
      0.7292532942898975,
      0.759556697719242,
      0.7929794882639035,
      0.8228,
      0.8348727920920435,
      0.8357919254658385,
      0.8464932652113331
    ],
    "e_accepted_289": 2.851185944363104,
    "e_t_289": 3.851185944363104,
    "top4_coverage_387": 0.8902659519153152,
    "top1_coverage_387": 0.7617,
    "coverage_ceiling_gap": 0.10973404808468479,
    "locked_prize_top1_top4": 0.12856595191531517,
    "cov_budget_336": 0.031035214630377506,
    "identity_bar_336": 0.9213011665456927,
    "cstar_central_340": 0.9089,
    "s_central": 7.912609135742992,
    "mu_p": 481.53,
    "k_cal": 125.26795005202914,
    "e_t_realized": 3.844,
    "target": 500.0,
    "req_dcov_396_oldbase": 0.02945619989109333,
    "published_gross_per_cov_399": 968.57,
    "a10g_sms": 80,
    "m_deployed": 8,
    "block_q": 4,
    "num_kv_heads": 2,
    "num_seqs": 1,
    "num_par_softmax_segments": 16,
    "sdpa_bw_util_332": 0.34883864849061247,
    "f_attn_step_378": 0.09506718019009251,
    "sdpa_penalty_free_393": 0.9956,
    "capture_over_eager_x_371": 2.0,
    "ppl_deployed": 2.3772,
    "ppl_gate": 2.42,
    "source_393_run": "0q7ynumg",
    "source_399_run": "ec7i3z5t",
    "source_396_run": "yc5ji486",
    "source_387_run": "z8osvif8",
    "source_289_run": "fi34s269",
    "source_332_run": "y5cl0ena",
    "source_390_run": "5y64zbjz",
    "source_336_ref": "cov_budget=0.031035",
    "source_340_anchor": "cstar_central=0.9089",
    "source_207_ref": "kanna cb3 supply lift (sibling)",
    "source_401_ref": "ubel top-8/16 realized coverage point (sibling, pending)"
  },
  "expected_tokens_per_step": 3.851185944363104,
  "expected_accepted_draft": 2.851185944363104,
  "tree_shape": "depth-<=7 per-position top-K token tree, single-forward verify. HEADLINE 'full_fanout': top-K candidates at each of the 7 MTP draft slots + 1 bonus row, all verified before acceptance -> M(K)=1+7K (K=4->29, K=8->57). FLOOR 'depth1_branch': branch top-K at ONE position only -> M(K)=8+(K-1) (K=8->15). The deployed split-KV attention (LOCKED 16-way split, NO kernel change) re-reads KV per query-block, so attention time scales with N_nonreduction(M)=(ceil(M/4)+1)*2.",
  "gross_tps_gain_per_unit_cov": 962.2655265974456,
  "gross_tps_gain_per_unit_cov_oldbase_399": 968.5674407054837,
  "tstep_tax_frac_k4": 0.19013436038018502,
  "tstep_tax_frac_k8": 0.4119577808237342,
  "tstep_tax_frac_k4_depth1": 0.031689060063364166,
  "tstep_tax_frac_k8_depth1": 0.06337812012672835,
  "tps_loss_k4": 74.68324973423707,
  "tps_loss_k8": 136.39221809478164,
  "net_tps_at_full_gap": -61.607197607642426,
  "net_tps_at_full_gap_optimistic_depth1_k8": 71.43798577088975,
  "g_star_threshold_to_close_500": 0.2478564028010594,
  "g_star_optimistic_depth1_k8": 0.06673193608053919,
  "g_max_ceiling_band": 0.10973404808468479,
  "tree_verify_net_positive": true,
  "tree_closes_500_alone": false,
  "tree_plus_cb3_required": true,
  "reconciles_396_corrected_base": true,
  "required_dcov_tax_free_corrected": 0.033800214858626394,
  "n_distinct_graph_rebuilds_for_tree": 1,
  "dynamic_shape_eager_hazard_x": 2.0,
  "go_nogo": {
    "ledger": {
      "full_fanout_k4": {
        "shape": "full_fanout",
        "k": 4,
        "verify_rows_M": 29,
        "n_nonreduction": 18,
        "n_full_3d": 288,
        "attn_scale_vs_m8": 3.0,
        "tstep_tax_frac": 0.19013436038018502,
        "tps_loss": 74.68324973423707,
        "gross_gain_at_full_gap": 105.59329156587862,
        "net_tps_at_full_gap_exact": 14.040591103487465,
        "net_tps_at_full_gap_linear": 30.91004183164155,
        "g_breakeven_net0": 0.09236858143288057,
        "g_star_close_500": 0.13259537852436476,
        "g_star_exceeds_ceiling_band": true,
        "g_star_exceeds_top1_top4_prize": true,
        "net_positive_at_max_achievable_g": true
      },
      "full_fanout_k8": {
        "shape": "full_fanout",
        "k": 8,
        "verify_rows_M": 57,
        "n_nonreduction": 32,
        "n_full_3d": 512,
        "attn_scale_vs_m8": 5.333333333333333,
        "tstep_tax_frac": 0.4119577808237342,
        "tps_loss": 136.39221809478164,
        "gross_gain_at_full_gap": 105.59329156587862,
        "net_tps_at_full_gap_exact": -61.607197607642426,
        "net_tps_at_full_gap_linear": -30.798926528903024,
        "g_breakeven_net0": 0.20013192643790786,
        "g_star_close_500": 0.2478564028010594,
        "g_star_exceeds_ceiling_band": true,
        "g_star_exceeds_top1_top4_prize": true,
        "net_positive_at_max_achievable_g": false
      },
      "full_fanout_k16": {
        "shape": "full_fanout",
        "k": 16,
        "verify_rows_M": 113,
        "n_nonreduction": 60,
        "n_full_3d": 960,
        "attn_scale_vs_m8": 10.0,
        "tstep_tax_frac": 0.8556046217108326,
        "tps_loss": 215.54912763274746,
        "gross_gain_at_full_gap": 105.59329156587862,
        "net_tps_at_full_gap_exact": -158.64406804708878,
        "net_tps_at_full_gap_linear": -109.95583606686884,
        "g_breakeven_net0": 0.41565861644796254,
        "g_star_close_500": 0.47837845135444884,
        "g_star_exceeds_ceiling_band": true,
        "g_star_exceeds_top1_top4_prize": true,
        "net_positive_at_max_achievable_g": false
      },
      "depth1_branch_k4": {
        "shape": "depth1_branch",
        "k": 4,
        "verify_rows_M": 11.0,
        "n_nonreduction": 8,
        "n_full_3d": 128,
        "attn_scale_vs_m8": 1.3333333333333333,
        "tstep_tax_frac": 0.031689060063364166,
        "tps_loss": 14.358832374053804,
        "gross_gain_at_full_gap": 105.59329156587862,
        "net_tps_at_full_gap_exact": 87.99108646621505,
        "net_tps_at_full_gap_linear": 91.23445919182481,
        "g_breakeven_net0": 0.015394763572146758,
        "g_star_close_500": 0.05026607546958274,
        "g_star_exceeds_ceiling_band": false,
        "g_star_exceeds_top1_top4_prize": false,
        "net_positive_at_max_achievable_g": true
      },
      "depth1_branch_k8": {
        "shape": "depth1_branch",
        "k": 8,
        "verify_rows_M": 15.0,
        "n_nonreduction": 10,
        "n_full_3d": 160,
        "attn_scale_vs_m8": 1.6666666666666667,
        "tstep_tax_frac": 0.06337812012672835,
        "tps_loss": 27.861867749976902,
        "gross_gain_at_full_gap": 105.59329156587862,
        "net_tps_at_full_gap_exact": 71.43798577088975,
        "net_tps_at_full_gap_linear": 77.7314238159017,
        "g_breakeven_net0": 0.030789527144293522,
        "g_star_close_500": 0.06673193608053919,
        "g_star_exceeds_ceiling_band": false,
        "g_star_exceeds_top1_top4_prize": false,
        "net_positive_at_max_achievable_g": true
      },
      "depth1_branch_k16": {
        "shape": "depth1_branch",
        "k": 16,
        "verify_rows_M": 23.0,
        "n_nonreduction": 14,
        "n_full_3d": 224,
        "attn_scale_vs_m8": 2.3333333333333335,
        "tstep_tax_frac": 0.1267562402534567,
        "tps_loss": 52.58937025194622,
        "gross_gain_at_full_gap": 105.59329156587862,
        "net_tps_at_full_gap_exact": 41.125035573865766,
        "net_tps_at_full_gap_linear": 53.003921313932395,
        "g_breakeven_net0": 0.061579054288587044,
        "g_star_close_500": 0.09966365730245198,
        "g_star_exceeds_ceiling_band": false,