{
  "utc": "2026-06-13T18:40:01Z",
  "gpu": "NVIDIA A10G",
  "sm_count": 80,
  "l2_bytes": 6291456,
  "m_values": [
    1,
    7,
    17,
    25,
    45
  ],
  "frontier_anchors": {
    "attn_frac_of_gpu_busy": 0.19629872265302628,
    "attn_ms_per_cycle": 1.8357856542511017,
    "kernel_unified_attention_ms_total": 88.57348199999979,
    "attention_category_ms_total": 90.26759699999967,
    "reduce_segments_ms_total": 3.9473849999999784,
    "gpu_busy_ms_per_cycle": 9.352,
    "cycle_wall_ms": 9.416,
    "e_accept": 3.817303602892035,
    "measured_steady_tps": 391.3125,
    "public_a10g_small_tps": 424.5
  },
  "trace_attribution": {
    "kernel_unified_attention_ms": 88.57348199999979,
    "reduce_segments_ms": 3.9473849999999784,
    "reshape_and_cache_ms": 1.6941149999998828,
    "attention_category_ms": 90.26759699999967,
    "fraction_unified_attention": 0.9812323019964752,
    "trace_scanned": true,
    "fa2_fmha_sdpa_kernels_found": [
      "reshape_and_cache_kernel_flash"
    ],
    "served_attention_kernel": "kernel_unified_attention (vLLM Triton)",
    "note": "fa2sw FA2 router is inert: vLLM forces TRITON_ATTN for the heterogeneous head_dims (sliding=256, full=512); FA2 caps at 256. Zero FlashAttention/FMHA kernels in the served decode trace."
  },
  "swa_floor": {
    "plens_source": "decode_jsonl:decode_frontier.jsonl",
    "n_prompts": 128,
    "mean_prompt_len": 272.15625,
    "mean_ctx": 527.65625,
    "mean_min_ctx_window": 434.6872100830078,
    "full_layers": 7,
    "sliding_layers": 30,
    "kv_bytes_per_cycle_full": 15128960.0,
    "kv_bytes_per_cycle_sliding": 26707182.1875,
    "kv_bytes_per_cycle_total": 41836142.1875,
    "kv_MB_per_cycle_total": 41.8361421875,
    "floor_time_us_at_peak": 69.72690364583333,
    "floor_time_ms_at_peak": 0.06972690364583334,
    "peak_gbps_assumed": 600.0,
    "shared_kv_unique_fraction": 0.5675675675675675,
    "kv_MB_per_cycle_if_shared_coalesced": 23.74483745777027
  },
  "peak_bw": {
    "measured_peak_gbps_copy": 481.6344528277211,
    "spec_peak_gbps": 600.0
  },
  "per_M": [
    {
      "layer_type": "sliding",
      "M": 1,
      "ctx": 528,
      "dispatch": "served",
      "used_3d_split_kv": true,
      "rot_buffers": 92,
      "device_us": 12.215459999999966,
      "wall_us": 106.64159774780273,
      "achieved_gbps_total": 86.51070037477122,
      "achieved_gbps_kv_floor": 85.84007479047067,
      "arithmetic_intensity_flops_per_byte": 3.9689922480620154,
      "bytes": {
        "kv_floor_bytes": 1048576,
        "kv_raw_bytes": 1048576,
        "q_bytes": 4096,
        "out_bytes": 4096,
        "total_raw_bytes": 1056768,
        "total_floor_bytes": 1056768
      },
      "validation": {
        "max_abs_err": 6.103515625e-05,
        "mean_abs_err": 4.202127456665039e-06,
        "ref_abs_mean": 0.0036773681640625
      },
      "peak_eff_total": 0.1796190033060525
    },
    {
      "layer_type": "sliding",
      "M": 7,
      "ctx": 528,
      "dispatch": "served",
      "used_3d_split_kv": false,
      "rot_buffers": 92,
      "device_us": 53.46738999999998,
      "wall_us": 73.10880184173584,
      "achieved_gbps_total": 20.684009449498102,
      "achieved_gbps_kv_floor": 19.611505255820422,
      "arithmetic_intensity_flops_per_byte": 26.548148148148147,
      "bytes": {
        "kv_floor_bytes": 1048576,
        "kv_raw_bytes": 1048576,
        "q_bytes": 28672,
        "out_bytes": 28672,
        "total_raw_bytes": 1105920,
        "total_floor_bytes": 1105920
      },
      "validation": null,
      "peak_eff_total": 0.042945452361350694
    },
    {
      "layer_type": "sliding",
      "M": 17,
      "ctx": 528,
      "dispatch": "served",
      "used_3d_split_kv": false,
      "rot_buffers": 92,
      "device_us": 53.36960000000005,
      "wall_us": 74.9724817276001,
      "achieved_gbps_total": 22.25686533157451,
      "achieved_gbps_kv_floor": 19.64743974097612,
      "arithmetic_intensity_flops_per_byte": 60.02758620689655,
      "bytes": {
        "kv_floor_bytes": 1048576,
        "kv_raw_bytes": 1048576,
        "q_bytes": 69632,
        "out_bytes": 69632,
        "total_raw_bytes": 1187840,
        "total_floor_bytes": 1187840
      },
      "validation": null,
      "peak_eff_total": 0.04621111550658879
    },
    {
      "layer_type": "sliding",
      "M": 25,
      "ctx": 528,
      "dispatch": "served",
      "used_3d_split_kv": false,
      "rot_buffers": 92,
      "device_us": 53.32526999999998,
      "wall_us": 75.48480033874512,
      "achieved_gbps_total": 23.504353564454536,
      "achieved_gbps_kv_floor": 19.663772916667845,
      "arithmetic_intensity_flops_per_byte": 83.66013071895425,
      "bytes": {
        "kv_floor_bytes": 1048576,
        "kv_raw_bytes": 1048576,
        "q_bytes": 102400,
        "out_bytes": 102400,
        "total_raw_bytes": 1253376,
        "total_floor_bytes": 1253376
      },
      "validation": null,
      "peak_eff_total": 0.04880122970119407
    },
    {
      "layer_type": "sliding",
      "M": 45,
      "ctx": 528,
      "dispatch": "served",
      "used_3d_split_kv": false,
      "rot_buffers": 92,
      "device_us": 53.39745000000007,
      "wall_us": 73.26560020446777,
      "achieved_gbps_total": 26.54089287035239,
      "achieved_gbps_kv_floor": 19.637192412746277,
      "arithmetic_intensity_flops_per_byte": 133.17919075144508,
      "bytes": {
        "kv_floor_bytes": 1048576,
        "kv_raw_bytes": 1048576,
        "q_bytes": 184320,
        "out_bytes": 184320,
        "total_raw_bytes": 1417216,
        "total_floor_bytes": 1417216
      },
      "validation": null,
      "peak_eff_total": 0.05510588520926673
    },
    {
      "layer_type": "full",
      "M": 1,
      "ctx": 528,
      "dispatch": "served",
      "used_3d_split_kv": true,
      "rot_buffers": 45,
      "device_us": 16.443200000000047,
      "wall_us": 106.68352127075195,
      "achieved_gbps_total": 132.5211637637439,
      "achieved_gbps_kv_floor": 131.52476403619696,
      "arithmetic_intensity_flops_per_byte": 3.969924812030075,
      "bytes": {
        "kv_floor_bytes": 2162688,
        "kv_raw_bytes": 2162688,
        "q_bytes": 8192,
        "out_bytes": 8192,
        "total_raw_bytes": 2179072,
        "total_floor_bytes": 2179072
      },
      "validation": {
        "max_abs_err": 6.103515625e-05,
        "mean_abs_err": 3.844499588012695e-06,
        "ref_abs_mean": 0.0034637451171875
      },
      "peak_eff_total": 0.27514884573912796
    },
    {
      "layer_type": "full",
      "M": 7,
      "ctx": 528,
      "dispatch": "served",
      "used_3d_split_kv": false,
      "rot_buffers": 45,
      "device_us": 65.02247000000003,
      "wall_us": 75.18239974975586,
      "achieved_gbps_total": 35.02444616453357,
      "achieved_gbps_kv_floor": 33.26062513466498,
      "arithmetic_intensity_flops_per_byte": 26.58992805755396,
      "bytes": {
        "kv_floor_bytes": 2162688,
        "kv_raw_bytes": 2162688,
        "q_bytes": 57344,
        "out_bytes": 57344,
        "total_raw_bytes": 2277376,
        "total_floor_bytes": 2277376
      },
      "validation": null,
      "peak_eff_total": 0.07271997665221365
    },
    {
      "layer_type": "full",
      "M": 17,
      "ctx": 528,
      "dispatch": "served",
      "used_3d_split_kv": false,
      "rot_buffers": 45,
      "device_us": 65.02388,
      "wall_us": 75.40095806121826,
      "achieved_gbps_total": 37.5433763718806,
      "achieved_gbps_kv_floor": 33.25990389992107,
      "arithmetic_intensity_flops_per_byte": 60.241610738255034,
      "bytes": {
        "kv_floor_bytes": 2162688,
        "kv_raw_bytes": 2162688,
        "q_bytes": 139264,
        "out_bytes": 139264,
        "total_raw_bytes": 2441216,
        "total_floor_bytes": 2441216
      },
      "validation": null,
      "peak_eff_total": 0.07794993931904147
    },
    {
      "layer_type": "full",
      "M": 25,
      "ctx": 528,
      "dispatch": "served",
      "used_3d_split_kv": false,