{
  "pledequant": {
    "reps": [
      265.9375,
      265.3041666666667,
      265.60833333333335
    ],
    "median": 265.60833333333335,
    "mean": 265.6166666666667,
    "cv_pct": 0.09736753015411272,
    "e_accept_median": 3.383425999470479
  },
  "int4head_control": {
    "reps": [
      252.5153846153846,
      254.024,
      252.62307692307692
    ],
    "median": 252.62307692307692,
    "mean": 253.0541538461538,
    "cv_pct": 0.27155951650882615,
    "e_accept_median": 3.37916688068211
  },
  "delta_abs_tps": 12.985256410256426,
  "delta_pct": 5.140170315560839
}