{
  "device": "NVIDIA A10G",
  "vllm_batch_invariant": false,
  "seq_threshold_3D": 64,
  "num_par_softmax_segments": 16,
  "n_sliding_layers": 30,
  "n_full_layers": 7,
  "numerics": [
    {
      "layer_type": "sliding",
      "ctx": 512,
      "head_dim": 256,
      "d_2d_vs_3dfp32_bf16": {
        "max_abs": 6.103515625e-05,
        "mean_abs": 5.120638888911344e-06,
        "max_rel": 3.9855072498321533,
        "n_elems": 2048,
        "n_differ": 834,
        "frac_differ": 0.4072265625,
        "ref_abs_mean": 0.003509082831442356
      },
      "d_2d_vs_3dbf16_bf16": {
        "max_abs": 6.103515625e-05,
        "mean_abs": 8.172741218004376e-06,
        "max_rel": 4.594202995300293,
        "n_elems": 2048,
        "n_differ": 1056,
        "frac_differ": 0.515625,
        "ref_abs_mean": 0.003509082831442356
      },
      "err_2d_vs_sdpa": {
        "max_abs": 6.103515625e-05,
        "mean_abs": 3.88342778023798e-06,
        "max_rel": 6.08695650100708,
        "n_elems": 2048,
        "n_differ": 697,
        "frac_differ": 0.34033203125,
        "ref_abs_mean": 0.00350900343619287
      },
      "err_3dfp32_vs_sdpa": {
        "max_abs": 6.103515625e-05,
        "mean_abs": 4.096069460501894e-06,
        "max_rel": 2.82608699798584,
        "n_elems": 2048,
        "n_differ": 711,
        "frac_differ": 0.34716796875,
        "ref_abs_mean": 0.00350900343619287
      },
      "d_2d_vs_3dfp32_fp32": {
        "max_abs": 2.268305979669094e-05,
        "mean_abs": 5.370576218410861e-06,
        "max_rel": 3.9772517681121826,
        "n_elems": 2048,
        "n_differ": 2048,
        "frac_differ": 1.0,
        "ref_abs_mean": 0.003509222064167261
      }
    },
    {
      "layer_type": "sliding",
      "ctx": 1024,
      "head_dim": 256,
      "d_2d_vs_3dfp32_bf16": {
        "max_abs": 6.103515625e-05,
        "mean_abs": 4.795707354787737e-06,
        "max_rel": 1.8868613243103027,
        "n_elems": 2048,
        "n_differ": 748,
        "frac_differ": 0.365234375,
        "ref_abs_mean": 0.0036561302840709686
      },
      "d_2d_vs_3dbf16_bf16": {
        "max_abs": 6.103515625e-05,
        "mean_abs": 7.956863555591553e-06,
        "max_rel": 1.416107416152954,
        "n_elems": 2048,
        "n_differ": 985,
        "frac_differ": 0.48095703125,
        "ref_abs_mean": 0.0036561302840709686
      },
      "err_2d_vs_sdpa": {
        "max_abs": 6.103515625e-05,
        "mean_abs": 4.13092493545264e-06,
        "max_rel": 1.9785714149475098,
        "n_elems": 2048,
        "n_differ": 686,
        "frac_differ": 0.3349609375,
        "ref_abs_mean": 0.0036563235335052013
      },
      "err_3dfp32_vs_sdpa": {
        "max_abs": 6.103515625e-05,
        "mean_abs": 3.666624252218753e-06,
        "max_rel": 0.8359375,
        "n_elems": 2048,
        "n_differ": 653,
        "frac_differ": 0.31884765625,
        "ref_abs_mean": 0.0036563235335052013
      },
      "d_2d_vs_3dfp32_fp32": {
        "max_abs": 2.0032981410622597e-05,
        "mean_abs": 4.80487096865545e-06,
        "max_rel": 1.8870564699172974,
        "n_elems": 2048,
        "n_differ": 2048,
        "frac_differ": 1.0,
        "ref_abs_mean": 0.003656314220279455
      }
    },
    {
      "layer_type": "sliding",
      "ctx": 2048,
      "head_dim": 256,
      "d_2d_vs_3dfp32_bf16": {
        "max_abs": 6.103515625e-05,
        "mean_abs": 4.7237663238774985e-06,
        "max_rel": 2.1031746864318848,
        "n_elems": 2048,
        "n_differ": 786,
        "frac_differ": 0.3837890625,
        "ref_abs_mean": 0.0032671960070729256
      },
      "d_2d_vs_3dbf16_bf16": {
        "max_abs": 6.103515625e-05,
        "mean_abs": 7.486451067961752e-06,
        "max_rel": 7.063492298126221,
        "n_elems": 2048,
        "n_differ": 1014,
        "frac_differ": 0.4951171875,
        "ref_abs_mean": 0.0032671960070729256
      },
      "err_2d_vs_sdpa": {
        "max_abs": 6.103515625e-05,
        "mean_abs": 4.149140295339748e-06,
        "max_rel": 5.860759258270264,
        "n_elems": 2048,
        "n_differ": 708,
        "frac_differ": 0.345703125,
        "ref_abs_mean": 0.0032669855281710625
      },
      "err_3dfp32_vs_sdpa": {
        "max_abs": 6.103515625e-05,
        "mean_abs": 3.954606654588133e-06,
        "max_rel": 1.7215189933776855,
        "n_elems": 2048,
        "n_differ": 727,
        "frac_differ": 0.35498046875,
        "ref_abs_mean": 0.0032669855281710625
      },
      "d_2d_vs_3dfp32_fp32": {
        "max_abs": 2.6345718652009964e-05,
        "mean_abs": 4.742788405565079e-06,
        "max_rel": 2.101508140563965,
        "n_elems": 2048,
        "n_differ": 2048,
        "frac_differ": 1.0,
        "ref_abs_mean": 0.0032669762149453163
      }
    },
    {
      "layer_type": "sliding",
      "ctx": 4096,
      "head_dim": 256,
      "d_2d_vs_3dfp32_bf16": {
        "max_abs": 6.103515625e-05,
        "mean_abs": 2.416956704109907e-06,
        "max_rel": 0.5654205679893494,
        "n_elems": 2048,
        "n_differ": 461,
        "frac_differ": 0.22509765625,
        "ref_abs_mean": 0.003521620761603117
      },
      "d_2d_vs_3dbf16_bf16": {
        "max_abs": 6.103515625e-05,
        "mean_abs": 6.140664936538087e-06,
        "max_rel": 1.0656249523162842,
        "n_elems": 2048,
        "n_differ": 840,
        "frac_differ": 0.41015625,
        "ref_abs_mean": 0.003521620761603117
      },
      "err_2d_vs_sdpa": {
        "max_abs": 6.103515625e-05,
        "mean_abs": 4.147455911152065e-06,
        "max_rel": 1.375,
        "n_elems": 2048,
        "n_differ": 709,
        "frac_differ": 0.34619140625,
        "ref_abs_mean": 0.00352127174846828
      },
      "err_3dfp32_vs_sdpa": {
        "max_abs": 6.103515625e-05,
        "mean_abs": 4.025103407911956e-06,
        "max_rel": 0.8860103487968445,
        "n_elems": 2048,
        "n_differ": 688,
        "frac_differ": 0.3359375,
        "ref_abs_mean": 0.00352127174846828
      },
      "d_2d_vs_3dfp32_fp32": {
        "max_abs": 2.0562438294291496e-05,
        "mean_abs": 2.5357135200465564e-06,
        "max_rel": 0.5661867260932922,
        "n_elems": 2048,
        "n_differ": 1986,
        "frac_differ": 0.9697265625,
        "ref_abs_mean": 0.003521508537232876
      }
    },
    {
      "layer_type": "full",
      "ctx": 512,
      "head_dim": 512,
      "d_2d_vs_3dfp32_bf16": {
        "max_abs": 6.103515625e-05,
        "mean_abs": 5.553116352530196e-06,
        "max_rel": 3.985074520111084,
        "n_elems": 4096,
        "n_differ": 1702,
        "frac_differ": 0.41552734375,
        "ref_abs_mean": 0.0035564645659178495
      },
      "d_2d_vs_3dbf16_bf16": {
        "max_abs": 6.103515625e-05,
        "mean_abs": 7.88625402492471e-06,
        "max_rel": 11.238805770874023,
        "n_elems": 4096,
        "n_differ": 2013,
        "frac_differ": 0.491455078125,
        "ref_abs_mean": 0.0035564645659178495
      },
      "err_2d_vs_sdpa": {
        "max_abs": 6.103515625e-05,
        "mean_abs": 4.209001417621039e-06,
        "max_rel": 2.529801368713379,
        "n_elems": 4096,
        "n_differ": 1432,
        "frac_differ": 0.349609375,
        "ref_abs_mean": 0.003556276438757777
      },
      "err_3dfp32_vs_sdpa": {
        "max_abs": 6.103515625e-05,
        "mean_abs": 4.260915375198238e-06,
        "max_rel": 2.974193572998047,
        "n_elems": 4096,
        "n_differ": 1438,
        "frac_differ": 0.35107421875,
        "ref_abs_mean": 0.003556276438757777
      },
      "d_2d_vs_3dfp32_fp32": {
        "max_abs": 2.563309681136161e-05,
        "mean_abs": 5.276202045934042e-06,
        "max_rel": 3.99173641204834,
        "n_elems": 4096,
        "n_differ": 4096,
        "frac_differ": 1.0,
        "ref_abs_mean": 0.003556353971362114
      }
    },
    {
      "layer_type": "full",
      "ctx": 1024,
      "head_dim": 512,
      "d_2d_vs_3dfp32_bf16": {
        "max_abs": 6.103515625e-05,
        "mean_abs": 3.869257852784358e-06,