{
  "analysis_only": true,
  "official_tps": 0,
  "models": {
    "bf16": "google/gemma-4-E4B-it",
    "int4": "google/gemma-4-E4B-it-qat-w4a16-ct",
    "int4_decompress": "run_compressed=False (dense bf16 dequant)"
  },
  "n_problems": 16,
  "n_scored_tokens": 5120,
  "max_new_tokens": 320,
  "n_layers": 42,
  "D_int4_kl": 0.03473839424550533,
  "D_int4_flip": 0.0408203125,
  "self_det": true,
  "top1_divergence_fraction": 0.18494441107657972,
  "top5_divergence_fraction": 0.613496276126623,
  "top10_divergence_fraction": 0.8982243922669884,
  "aime_collapse_concentrated": true,
  "conc_thresh": 0.6,
  "ranked_layers_by_s_kl": [
    [
      20,
      0.000963189266622061
    ],
    [
      38,
      0.0006397794932126999
    ],
    [
      21,
      0.0006255536340177004
    ],
    [
      37,
      0.0004973038099706159
    ],
    [
      1,
      0.00046925833448767384
    ],
    [
      6,
      0.00037696836516260684
    ],
    [
      5,
      0.00037636421620845795
    ],
    [
      7,
      0.00027549397200345854
    ],
    [
      18,
      0.00026506511494517326
    ],
    [
      31,
      0.00018897047266364098
    ],
    [
      0,
      0.00018056770786642473
    ],
    [
      8,
      0.00011175638064742088
    ],
    [
      39,
      7.917219772934914e-05
    ],
    [
      33,
      7.86706805229187e-05
    ],
    [
      28,
      4.613250494003157e-05
    ],
    [
      9,
      2.7524307370185852e-05
    ],
    [
      2,
      6.222911179062929e-06
    ],
    [
      36,
      -2.940073609352528e-05
    ],
    [
      4,
      -7.343506440520703e-05
    ],
    [
      30,
      -9.497525170445997e-05
    ],
    [
      27,
      -0.00010406421497464319
    ],
    [
      3,
      -0.00011910237371921817
    ],
    [
      32,
      -0.0001231563277542605
    ],
    [
      35,
      -0.0001800976693630274
    ],
    [
      26,
      -0.00022884709760546962
    ],
    [
      25,
      -0.0005191148258745712
    ],
    [
      29,
      -0.0006684727966785459
    ],
    [
      24,
      -0.0008048017509281677
    ],
    [
      10,
      -0.0008126458153128666
    ],
    [
      34,
      -0.0008291028439998682
    ],
    [
      19,
      -0.0009254193864762783
    ],
    [
      15,
      -0.0019259177148342188
    ],
    [
      14,
      -0.00195866627618671
    ],
    [
      40,
      -0.002382378280162814
    ],
    [
      17,
      -0.0025319987908005714
    ],
    [
      11,
      -0.003225262835621835
    ],
    [
      13,
      -0.004390048515051606
    ],
    [
      22,
      -0.005754943378269678
    ],
    [
      16,
      -0.005788362398743634
    ],
    [
      12,
      -0.005943384300917391
    ],
    [
      23,
      -0.04869952406734228
    ],
    [
      41,
      -0.0666451781988144
    ]
  ],
  "per_layer": {
    "0": {
      "s_kl": 0.00018056770786642473,
      "s_flip": 0.0,
      "D_restore_kl": 0.034557826537638905,
      "D_restore_flip": 0.0408203125
    },
    "1": {
      "s_kl": 0.00046925833448767384,
      "s_flip": 0.001953125,
      "D_restore_kl": 0.034269135911017656,
      "D_restore_flip": 0.0388671875
    },
    "2": {
      "s_kl": 6.222911179062929e-06,
      "s_flip": 0.0005859374999999944,
      "D_restore_kl": 0.03473217133432627,
      "D_restore_flip": 0.040234375
    },
    "3": {
      "s_kl": -0.00011910237371921817,
      "s_flip": 0.001953125,
      "D_restore_kl": 0.03485749661922455,
      "D_restore_flip": 0.0388671875
    },
    "4": {
      "s_kl": -7.343506440520703e-05,
      "s_flip": 0.0007812499999999972,
      "D_restore_kl": 0.03481182930991054,
      "D_restore_flip": 0.0400390625
    },
    "5": {
      "s_kl": 0.00037636421620845795,
      "s_flip": 0.0007812499999999972,
      "D_restore_kl": 0.03436203002929687,
      "D_restore_flip": 0.0400390625
    },
    "6": {
      "s_kl": 0.00037696836516260684,
      "s_flip": -0.0013671875000000056,
      "D_restore_kl": 0.03436142588034272,
      "D_restore_flip": 0.0421875
    },
    "7": {
      "s_kl": 0.00027549397200345854,
      "s_flip": 0.0017578124999999972,
      "D_restore_kl": 0.03446290027350187,
      "D_restore_flip": 0.0390625
    },
    "8": {
      "s_kl": 0.00011175638064742088,
      "s_flip": 0.0005859374999999944,
      "D_restore_kl": 0.03462663786485791,
      "D_restore_flip": 0.040234375
    },
    "9": {
      "s_kl": 2.7524307370185852e-05,
      "s_flip": -0.00039062500000000555,
      "D_restore_kl": 0.034710869938135144,
      "D_restore_flip": 0.0412109375
    },
    "10": {
      "s_kl": -0.0008126458153128666,
      "s_flip": 0.001953125,
      "D_restore_kl": 0.0355510400608182,
      "D_restore_flip": 0.0388671875
    },
    "11": {
      "s_kl": -0.003225262835621835,
      "s_flip": -0.0013671875000000056,
      "D_restore_kl": 0.037963657081127165,
      "D_restore_flip": 0.0421875
    },
    "12": {
      "s_kl": -0.005943384300917391,
      "s_flip": -0.0023437500000000056,
      "D_restore_kl": 0.04068177854642272,
      "D_restore_flip": 0.0431640625
    },
    "13": {
      "s_kl": -0.004390048515051606,
      "s_flip": 0.0005859374999999944,
      "D_restore_kl": 0.039128442760556936,
      "D_restore_flip": 0.040234375
    },
    "14": {
      "s_kl": -0.00195866627618671,
      "s_flip": 0.0011718749999999958,
      "D_restore_kl": 0.03669706052169204,
      "D_restore_flip": 0.0396484375
    },
    "15": {
      "s_kl": -0.0019259177148342188,
      "s_flip": 0.0005859374999999944,
      "D_restore_kl": 0.03666431196033955,
      "D_restore_flip": 0.040234375
    },
    "16": {
      "s_kl": -0.005788362398743634,
      "s_flip": -0.0013671875000000056,
      "D_restore_kl": 0.040526756644248964,
      "D_restore_flip": 0.0421875
    },
    "17": {
      "s_kl": -0.0025319987908005714,
      "s_flip": 0.001953125,
      "D_restore_kl": 0.0372703930363059,
      "D_restore_flip": 0.0388671875
    },
    "18": {
      "s_kl": 0.00026506511494517326,
      "s_flip": 0.0025390624999999944,
      "D_restore_kl": 0.03447332913056016,
      "D_restore_flip": 0.03828125
    },
    "19": {
      "s_kl": -0.0009254193864762783,
      "s_flip": -0.0005859375000000014,
      "D_restore_kl": 0.03566381363198161,
      "D_restore_flip": 0.04140625
    },
    "20": {
      "s_kl": 0.000963189266622061,
      "s_flip": 0.0027343749999999972,
      "D_restore_kl": 0.03377520497888327,
      "D_restore_flip": 0.0380859375
    },
    "21": {
      "s_kl": 0.0006255536340177004,
      "s_flip": 0.00390625,
      "D_restore_kl": 0.03411284061148763,
      "D_restore_flip": 0.0369140625
    },
    "22": {
      "s_kl": -0.005754943378269678,
      "s_flip": -0.0005859375000000014,
      "D_restore_kl": 0.04049333762377501,
      "D_restore_flip": 0.04140625
    },
    "23": {
      "s_kl": -0.04869952406734228,
      "s_flip": -0.0126953125,
      "D_restore_kl": 0.08343791831284761,
      "D_restore_flip": 0.053515625
    },
    "24": {
      "s_kl": -0.0008048017509281677,
      "s_flip": 0.0009765625,
      "D_restore_kl": 0.0355431959964335,
      "D_restore_flip": 0.03984375
    },
    "25": {
      "s_kl": -0.0005191148258745712,
      "s_flip": 0.0003906249999999986,
      "D_restore_kl": 0.0352575090713799,
      "D_restore_flip": 0.0404296875
    },
    "26": {
      "s_kl": -0.00022884709760546962,
      "s_flip": -0.0013671875000000056,
      "D_restore_kl": 0.0349672413431108,
      "D_restore_flip": 0.0421875
    },
    "27": {
      "s_kl": -0.00010406421497464319,
      "s_flip": 0.0007812499999999972,
      "D_restore_kl": 0.03484245846047997,
      "D_restore_flip": 0.0400390625
    },
    "28": {
      "s_kl": 4.613250494003157e-05,
      "s_flip": 0.00019531249999999584,
      "D_restore_kl": 0.0346922617405653,
      "D_restore_flip": 0.040625
    },
    "29": {
      "s_kl": -0.0006684727966785459,
      "s_flip": 0.00019531249999999584,
      "D_restore_kl": 0.035406867042183876,
      "D_restore_flip": 0.040625
    },