{
  "analysis_only": true,
  "official_tps": 0,
  "direction": "quantize_from_bf16",
  "n_problems": 16,
  "n_scored_tokens": 5120,
  "n_layers": 42,
  "baseline_bf16_vs_bf16_kl": 0.0,
  "sum_single_layer_d_kl": 0.22435126726632004,
  "self_det": true,
  "top1_divergence_fraction": 0.2212896739160805,
  "top5_divergence_fraction": 0.5176094501379525,
  "top10_divergence_fraction": 0.7000636664637974,
  "conc_thresh": 0.6,
  "quantize_concentrated": false,
  "ranked_layers_by_d_kl": [
    [
      41,
      0.04964661877602339
    ],
    [
      22,
      0.030661423224955797
    ],
    [
      12,
      0.013027978129684925
    ],
    [
      23,
      0.011412419914267957
    ],
    [
      11,
      0.011377896042540669
    ],
    [
      15,
      0.00953010623343289
    ],
    [
      17,
      0.00877567594870925
    ],
    [
      13,
      0.00832606612239033
    ],
    [
      16,
      0.007326296286191791
    ],
    [
      40,
      0.006975690060062334
    ],
    [
      14,
      0.005699676834046841
    ],
    [
      21,
      0.00553430876461789
    ],
    [
      18,
      0.005071835138369352
    ],
    [
      29,
      0.0043807983747683465
    ],
    [
      20,
      0.00393205916043371
    ],
    [
      24,
      0.0038467051112093032
    ],
    [
      30,
      0.0030446820834185927
    ],
    [
      19,
      0.0029480862314812837
    ],
    [
      10,
      0.0023239541973453016
    ],
    [
      25,
      0.0023174222209490837
    ],
    [
      28,
      0.0022003355610650034
    ],
    [
      26,
      0.0020898268645396455
    ],
    [
      27,
      0.0019851559482049197
    ],
    [
      31,
      0.0018495093449018896
    ],
    [
      9,
      0.0017576074111275374
    ],
    [
      32,
      0.0017188975820317865
    ],
    [
      34,
      0.001534324645763263
    ],
    [
      39,
      0.001503650762606412
    ],
    [
      35,
      0.0014808579348027707
    ],
    [
      33,
      0.0014260048599680885
    ],
    [
      7,
      0.0013868100038962438
    ],
    [
      36,
      0.0013725761178648098
    ],
    [
      8,
      0.0011851710471091792
    ],
    [
      1,
      0.001041222523781471
    ],
    [
      38,
      0.00101514539855998
    ],
    [
      37,
      0.0009164363378658891
    ],
    [
      6,
      0.0008325796225108206
    ],
    [
      5,
      0.000769883708562702
    ],
    [
      4,
      0.0006161924946354702
    ],
    [
      0,
      0.0005667111472575925
    ],
    [
      2,
      0.0005080838789581321
    ],
    [
      3,
      0.0004345852154074237
    ]
  ],
  "per_layer": {
    "0": {
      "d_kl": 0.0005667111472575925,
      "d_flip": 0.0041015625
    },
    "1": {
      "d_kl": 0.001041222523781471,
      "d_flip": 0.0052734375
    },
    "2": {
      "d_kl": 0.0005080838789581321,
      "d_flip": 0.0033203125
    },
    "3": {
      "d_kl": 0.0004345852154074237,
      "d_flip": 0.004296875
    },
    "4": {
      "d_kl": 0.0006161924946354702,
      "d_flip": 0.005859375
    },
    "5": {
      "d_kl": 0.000769883708562702,
      "d_flip": 0.0048828125
    },
    "6": {
      "d_kl": 0.0008325796225108206,
      "d_flip": 0.005859375
    },
    "7": {
      "d_kl": 0.0013868100038962438,
      "d_flip": 0.0068359375
    },
    "8": {
      "d_kl": 0.0011851710471091792,
      "d_flip": 0.006640625
    },
    "9": {
      "d_kl": 0.0017576074111275374,
      "d_flip": 0.0068359375
    },
    "10": {
      "d_kl": 0.0023239541973453016,
      "d_flip": 0.011328125
    },
    "11": {
      "d_kl": 0.011377896042540669,
      "d_flip": 0.023046875
    },
    "12": {
      "d_kl": 0.013027978129684925,
      "d_flip": 0.023046875
    },
    "13": {
      "d_kl": 0.00832606612239033,
      "d_flip": 0.0193359375
    },
    "14": {
      "d_kl": 0.005699676834046841,
      "d_flip": 0.0130859375
    },
    "15": {
      "d_kl": 0.00953010623343289,
      "d_flip": 0.02109375
    },
    "16": {
      "d_kl": 0.007326296286191791,
      "d_flip": 0.0162109375
    },
    "17": {
      "d_kl": 0.00877567594870925,
      "d_flip": 0.0177734375
    },
    "18": {
      "d_kl": 0.005071835138369352,
      "d_flip": 0.0140625
    },
    "19": {
      "d_kl": 0.0029480862314812837,
      "d_flip": 0.0099609375
    },
    "20": {
      "d_kl": 0.00393205916043371,
      "d_flip": 0.0146484375
    },
    "21": {
      "d_kl": 0.00553430876461789,
      "d_flip": 0.0150390625
    },
    "22": {
      "d_kl": 0.030661423224955797,
      "d_flip": 0.0326171875
    },
    "23": {
      "d_kl": 0.011412419914267957,
      "d_flip": 0.02109375
    },
    "24": {
      "d_kl": 0.0038467051112093032,
      "d_flip": 0.0103515625
    },
    "25": {
      "d_kl": 0.0023174222209490837,
      "d_flip": 0.009765625
    },
    "26": {
      "d_kl": 0.0020898268645396455,
      "d_flip": 0.009375
    },
    "27": {
      "d_kl": 0.0019851559482049197,
      "d_flip": 0.00703125
    },
    "28": {
      "d_kl": 0.0022003355610650034,
      "d_flip": 0.0087890625
    },
    "29": {
      "d_kl": 0.0043807983747683465,
      "d_flip": 0.0134765625
    },
    "30": {
      "d_kl": 0.0030446820834185927,
      "d_flip": 0.0111328125
    },
    "31": {
      "d_kl": 0.0018495093449018896,
      "d_flip": 0.0072265625
    },
    "32": {
      "d_kl": 0.0017188975820317865,
      "d_flip": 0.00859375
    },
    "33": {
      "d_kl": 0.0014260048599680885,
      "d_flip": 0.0056640625
    },
    "34": {
      "d_kl": 0.001534324645763263,
      "d_flip": 0.005859375
    },
    "35": {
      "d_kl": 0.0014808579348027707,
      "d_flip": 0.00703125
    },
    "36": {
      "d_kl": 0.0013725761178648098,
      "d_flip": 0.00546875
    },
    "37": {
      "d_kl": 0.0009164363378658891,
      "d_flip": 0.005078125
    },
    "38": {
      "d_kl": 0.00101514539855998,
      "d_flip": 0.007421875
    },
    "39": {
      "d_kl": 0.001503650762606412,
      "d_flip": 0.0046875
    },
    "40": {
      "d_kl": 0.006975690060062334,
      "d_flip": 0.0123046875
    },
    "41": {
      "d_kl": 0.04964661877602339,
      "d_flip": 0.0298828125
    }
  },
  "elapsed_s": 507.5354919433594,
  "nan_clean": true
}