{
  "analysis_only": true,
  "official_tps": 0,
  "metric": "kl_recovery",
  "rank_key": "ranked_layers_by_d_kl",
  "ranked_layers": [
    41,
    22,
    12,
    23,
    11,
    15,
    17,
    13,
    16,
    40,
    14,
    21,
    18,
    29,
    20,
    24,
    30,
    19,
    10,
    25,
    28,
    26,
    27,
    31,
    9,
    32,
    34,
    39,
    35,
    33,
    7,
    36,
    8,
    1,
    38,
    37,
    6,
    5,
    4,
    0,
    2,
    3
  ],
  "n_problems": 16,
  "n_scored_tokens": 5120,
  "n_layers": 42,
  "max_new_tokens": 320,
  "D_int4_kl": 0.03473839424550533,
  "D_full_bf16_kl": 0.03566078469157219,
  "full_bf16_clean": false,
  "restore_k_kl": [
    [
      0,
      0.03473839424550533
    ],
    [
      1,
      0.10138357244431973
    ],
    [
      2,
      0.09084620475769042
    ],
    [
      3,
      0.09646342638880015
    ],
    [
      5,
      0.08949372433125972
    ],
    [
      8,
      0.09080594666302204
    ],
    [
      10,
      0.06841461267322302
    ],
    [
      15,
      0.05328540597110987
    ],
    [
      20,
      0.043979662284255025
    ],
    [
      30,
      0.03439547312445938
    ],
    [
      42,
      0.03566078469157219
    ]
  ],
  "restore_k_recovery": [
    [
      0,
      0.0
    ],
    [
      1,
      -1.918487588338582
    ],
    [
      2,
      -1.6151526784933266
    ],
    [
      3,
      -1.7768533486915903
    ],
    [
      5,
      -1.5762193755642284
    ],
    [
      8,
      -1.6139937851264117
    ],
    [
      10,
      -0.9694235775470517
    ],
    [
      15,
      -0.5339052690382851
    ],
    [
      20,
      -0.2660246174143581
    ],
    [
      30,
      0.009871530578599394
    ],
    [
      42,
      -0.026552477916742045
    ]
  ],
  "recovery_monotonic": false,
  "conc_k": 5,
  "rec_bar": 0.9,
  "recovery_at_conc_k": -1.5762193755642284,
  "n_layers_for_90pct_recovery": ">all",
  "kl_collapse_concentrated": false,
  "curve": [
    {
      "k": 0,
      "kl": 0.03473839424550533,
      "flip": 0.0408203125,
      "recovery": 0.0,
      "restored": [],
      "wall_s": 2.3158395290374756
    },
    {
      "k": 1,
      "kl": 0.10138357244431973,
      "flip": 0.047265625,
      "recovery": -1.918487588338582,
      "restored": [
        41
      ],
      "wall_s": 2.3153235912323
    },
    {
      "k": 2,
      "kl": 0.09084620475769042,
      "flip": 0.04921875,
      "recovery": -1.6151526784933266,
      "restored": [
        22,
        41
      ],
      "wall_s": 2.3214054107666016
    },
    {
      "k": 3,
      "kl": 0.09646342638880015,
      "flip": 0.0521484375,
      "recovery": -1.7768533486915903,
      "restored": [
        12,
        22,
        41
      ],
      "wall_s": 2.3127760887145996
    },
    {
      "k": 5,
      "kl": 0.08949372433125972,
      "flip": 0.0505859375,
      "recovery": -1.5762193755642284,
      "restored": [
        11,
        12,
        22,
        23,
        41
      ],
      "wall_s": 2.3219006061553955
    },
    {
      "k": 8,
      "kl": 0.09080594666302204,
      "flip": 0.0501953125,
      "recovery": -1.6139937851264117,
      "restored": [
        11,
        12,
        13,
        15,
        17,
        22,
        23,
        41
      ],
      "wall_s": 2.3257944583892822
    },
    {
      "k": 10,
      "kl": 0.06841461267322302,
      "flip": 0.0455078125,
      "recovery": -0.9694235775470517,
      "restored": [
        11,
        12,
        13,
        15,
        16,
        17,
        22,
        23,
        40,
        41
      ],
      "wall_s": 2.313502073287964
    },
    {
      "k": 15,
      "kl": 0.05328540597110987,
      "flip": 0.03828125,
      "recovery": -0.5339052690382851,
      "restored": [
        11,
        12,
        13,
        14,
        15,
        16,
        17,
        18,
        20,
        21,
        22,
        23,
        29,
        40,
        41
      ],
      "wall_s": 2.311048984527588
    },
    {
      "k": 20,
      "kl": 0.043979662284255025,
      "flip": 0.032421875,
      "recovery": -0.2660246174143581,
      "restored": [
        10,
        11,
        12,
        13,
        14,
        15,
        16,
        17,
        18,
        19,
        20,
        21,
        22,
        23,
        24,
        25,
        29,
        30,
        40,
        41
      ],
      "wall_s": 2.5662429332733154
    },
    {
      "k": 30,
      "kl": 0.03439547312445938,
      "flip": 0.0361328125,
      "recovery": 0.009871530578599394,
      "restored": [
        9,
        10,
        11,
        12,
        13,
        14,
        15,
        16,
        17,
        18,
        19,
        20,
        21,
        22,
        23,
        24,
        25,
        26,
        27,
        28,
        29,
        30,
        31,
        32,
        33,
        34,
        35,
        39,
        40,
        41
      ],
      "wall_s": 2.3175954818725586
    },
    {
      "k": 42,
      "kl": 0.03566078469157219,
      "flip": 0.0361328125,
      "recovery": -0.026552477916742045,
      "restored": [
        0,
        1,
        2,
        3,
        4,
        5,
        6,
        7,
        8,
        9,
        10,
        11,
        12,
        13,
        14,
        15,
        16,
        17,
        18,
        19,
        20,
        21,
        22,
        23,
        24,
        25,
        26,
        27,
        28,
        29,
        30,
        31,
        32,
        33,
        34,
        35,
        36,
        37,
        38,
        39,
        40,
        41
      ],
      "wall_s": 2.3104264736175537
    }
  ],
  "elapsed_s": 439.7508111000061
}