{
  "analysis_only": true,
  "official_tps": 0,
  "models": {
    "bf16": "google/gemma-4-E4B-it",
    "int4": "google/gemma-4-E4B-it-qat-w4a16-ct",
    "int4_decompress": "run_compressed=False (dense bf16 dequant)"
  },
  "n_problems": 2,
  "n_scored_tokens": 48,
  "max_new_tokens": 24,
  "n_layers": 42,
  "D_int4_kl": 0.01725377297649781,
  "D_int4_flip": 0.041666666666666664,
  "self_det": true,
  "top1_divergence_fraction": 1.0,
  "top5_divergence_fraction": 1.0,
  "top10_divergence_fraction": 1.0,
  "aime_collapse_concentrated": true,
  "conc_thresh": 0.6,
  "ranked_layers_by_s_kl": [
    [
      0,
      0.0008367657040556295
    ],
    [
      21,
      -0.0017002597451210022
    ],
    [
      41,
      -0.04492191070069869
    ]
  ],
  "per_layer": {
    "0": {
      "s_kl": 0.0008367657040556295,
      "s_flip": 0.0,
      "D_restore_kl": 0.01641700727244218,
      "D_restore_flip": 0.041666666666666664
    },
    "21": {
      "s_kl": -0.0017002597451210022,
      "s_flip": 0.0,
      "D_restore_kl": 0.018954032721618812,
      "D_restore_flip": 0.041666666666666664
    },
    "41": {
      "s_kl": -0.04492191070069869,
      "s_flip": 0.020833333333333332,
      "D_restore_kl": 0.0621756836771965,
      "D_restore_flip": 0.020833333333333332
    }
  },
  "hidden_rel_l2": [
    0.18396752194116542,
    0.21529445477130724,
    0.2789068052506372,
    0.24581872047009848,
    0.23891542267606508,
    0.20949748924173314,
    0.19245945552867333,
    0.21660481756920041,
    0.2089317140118665,
    0.1555585321355114,
    0.17579148155222493,
    0.20451844577353187,
    0.21702617478520933,
    0.2011228384141044,
    0.21618152523866538,
    0.21943842729540558,
    0.21805083097993652,
    0.2372062673805815,
    0.27459915493317577,
    0.3055564851417945,
    0.34601620691768015,
    0.3527229389586916,
    0.3658430567953092,
    0.4306878151760942,
    0.3296046966884985,
    0.29829038536668107,
    0.2781515148670734,
    0.26951458890833335,
    0.2620006410071368,
    0.243470370607279,
    0.24638138829209555,
    0.24492986860420274,
    0.2408351122844797,
    0.22833412970463537,
    0.23181268513709313,
    0.24650972561410417,
    0.25311822553568036,
    0.2685288934503404,
    0.28758884262376033,
    0.31914860781883014,
    0.3603996167993386,
    0.4130648808866857,
    0.775334450907506
  ],
  "elapsed_s": 33.18256998062134,
  "smoke": true,
  "nan_clean": true
}