{
  "mode": "fresh",
  "submission": "int4_mtp_batchinv",
  "n_runs": 6,
  "workload": {
    "num_prompts": 128,
    "output_len": 512,
    "seed": 1
  },
  "steptime": false,
  "elapsed_s": 3398.7138328552246,
  "git": {
    "git_commit": "a93fd57dc051add19980d4e08ea1957b5f090d5c",
    "git_branch": "kanna/g1-sigma-measured",
    "git_dirty": true
  },
  "aggregate": {
    "steady_gen_tps_mean": {
      "n": 6,
      "mean": 153.16309523809522,
      "std": 1.4106541076174053,
      "cv_pct": 0.9210143640832762,
      "min": 152.41190476190476,
      "max": 156.03571428571428,
      "range_pct": 2.365980863847277,
      "median": 152.625,
      "p25": 152.57857142857142,
      "p75": 152.6404761904762,
      "values": [
        156.03571428571428,
        152.6095238095238,
        152.57857142857142,
        152.70238095238096,
        152.41190476190476,
        152.6404761904762
      ]
    },
    "steady_gen_tps_mean_nonzero": {
      "n": 6,
      "mean": 153.16309523809522,
      "std": 1.4106541076174053,
      "cv_pct": 0.9210143640832762,
      "min": 152.41190476190476,
      "max": 156.03571428571428,
      "range_pct": 2.365980863847277,
      "median": 152.625,
      "p25": 152.57857142857142,
      "p75": 152.6404761904762,
      "values": [
        156.03571428571428,
        152.6095238095238,
        152.57857142857142,
        152.70238095238096,
        152.41190476190476,
        152.6404761904762
      ]
    },
    "wall_tps": {
      "n": 6,
      "mean": 156.39152494720574,
      "std": 0.03147878444134751,
      "cv_pct": 0.02012819073921943,
      "min": 156.33658312574485,
      "max": 156.42674705636202,
      "range_pct": 0.057652696108438935,
      "median": 156.3935531475586,
      "p25": 156.38266005940042,
      "p75": 156.3954136092635,
      "values": [
        156.33658312574485,
        156.3954136092635,
        156.3916926858537,
        156.42674705636202,
        156.38266005940042,
        156.41605314660995
      ]
    },
    "e_accept_exact": {
      "n": 6,
      "mean": 3.3431919029021393,
      "std": 0.0035122809694158336,
      "cv_pct": 0.1050577134494407,
      "min": 3.3410251067819563,
      "max": 3.3503139196569856,
      "range_pct": 0.27784264693169036,
      "median": 3.341943837876502,
      "p25": 3.3417182059144537,
      "p75": 3.341990442551423,
      "values": [
        3.3503139196569856,
        3.3422065093064366,
        3.341897233201581,
        3.341990442551423,
        3.3410251067819563,
        3.3417182059144537
      ]
    }
  },
  "records": [
    {
      "run_idx": 0,
      "t_start_utc": "2026-06-19T20:57:25.469902+00:00",
      "seed": 1,
      "num_prompts": 128,
      "output_len": 512,
      "num_completion_tokens": 65536,
      "decode_duration_s": 419.1981089115143,
      "wall_around_decode_s": 427.44872856140137,
      "wall_tps": 156.33658312574485,
      "steady_gen_tps_mean": 156.03571428571428,
      "steady_gen_tps_mean_nonzero": 156.03571428571428,
      "steady_gen_tps_n": 42,
      "gen_tps_series": [
        143.7,
        131.9,
        149.5,
        166.5,
        179.7,
        174.7,
        141.7,
        140.3,
        168.0,
        181.5,
        134.0,
        142.0,
        108.8,
        186.4,
        154.2,
        162.3,
        167.9,
        171.1,
        135.8,
        136.0,
        151.1,
        127.7,
        184.3,
        133.8,
        157.5,
        147.2,
        135.4,
        178.4,
        142.7,
        176.8,
        167.6,
        145.2,
        166.6,
        176.0,
        152.0,
        166.6,
        166.8,
        165.1,
        139.5,
        180.7,
        151.3,
        165.2
      ],
      "e_accept_exact": 3.3503139196569856,
      "e_accept_interval_mean": 3.3519047619047617,
      "num_speculative_tokens": 6,
      "total_accepted_tokens": 46045,
      "total_drafted_tokens": 117546,
      "intervals": 42,
      "clock": {
        "n_samples": 1719,
        "n_load_samples": 1676,
        "sm_clock_mhz": {
          "mean": 1710.0,
          "min": 1710.0,
          "max": 1710.0
        },
        "sm_clock_mhz_load": {
          "mean": 1710.0,
          "min": 1710.0,
          "max": 1710.0
        },
        "mem_clock_mhz_load": {
          "mean": 6251.0,
          "min": 6251.0,
          "max": 6251.0
        },
        "temp_c": {
          "mean": 51.85514834205934,
          "min": 37.0,
          "max": 56.0
        },
        "power_w_load": {
          "mean": 148.3100059665871,
          "min": 67.59,
          "max": 184.96
        },
        "util_pct": {
          "mean": 97.33216986620128,
          "min": 0.0,
          "max": 100.0
        }
      },
      "log_offset_start": 0,
      "server_ready_s": 135.0229880809784
    },
    {
      "run_idx": 1,
      "t_start_utc": "2026-06-19T21:06:51.968868+00:00",
      "seed": 1,
      "num_prompts": 128,
      "output_len": 512,
      "num_completion_tokens": 65536,
      "decode_duration_s": 419.0404212474823,
      "wall_around_decode_s": 427.2734227180481,
      "wall_tps": 156.3954136092635,
      "steady_gen_tps_mean": 152.6095238095238,
      "steady_gen_tps_mean_nonzero": 152.6095238095238,
      "steady_gen_tps_n": 42,
      "gen_tps_series": [
        11.7,
        144.2,
        132.4,
        163.1,
        160.5,
        176.4,
        169.3,
        147.4,
        141.3,
        175.6,
        171.0,
        130.5,
        138.6,
        124.3,
        184.6,
        156.4,
        153.2,
        166.4,
        174.6,
        127.8,
        140.4,
        151.2,
        137.1,
        176.0,
        129.9,
        167.8,
        132.9,
        153.6,
        168.0,
        147.9,
        183.2,
        148.4,
        156.0,
        175.1,
        165.1,
        146.9,
        170.1,
        172.0,
        162.3,
        150.7,
        170.9,
        154.8
      ],
      "e_accept_exact": 3.3422065093064366,
      "e_accept_interval_mean": 3.3528571428571428,
      "num_speculative_tokens": 6,
      "total_accepted_tokens": 45050,
      "total_drafted_tokens": 115404,
      "intervals": 42,
      "clock": {
        "n_samples": 1719,
        "n_load_samples": 1676,
        "sm_clock_mhz": {
          "mean": 1710.0,
          "min": 1710.0,
          "max": 1710.0
        },
        "sm_clock_mhz_load": {
          "mean": 1710.0,
          "min": 1710.0,
          "max": 1710.0
        },
        "mem_clock_mhz_load": {
          "mean": 6251.0,
          "min": 6251.0,
          "max": 6251.0
        },
        "temp_c": {
          "mean": 52.36823734729494,
          "min": 38.0,
          "max": 56.0
        },
        "power_w_load": {
          "mean": 148.60118735083532,
          "min": 76.91,
          "max": 179.78
        },
        "util_pct": {
          "mean": 97.24316463059918,
          "min": 0.0,
          "max": 100.0
        }
      },
      "log_offset_start": 0,
      "server_ready_s": 135.0240089893341
    },
    {
      "run_idx": 2,
      "t_start_utc": "2026-06-19T21:16:18.442669+00:00",
      "seed": 1,
      "num_prompts": 128,
      "output_len": 512,
      "num_completion_tokens": 65536,
      "decode_duration_s": 419.0503911972046,
      "wall_around_decode_s": 427.3087990283966,
      "wall_tps": 156.3916926858537,
      "steady_gen_tps_mean": 152.57857142857142,
      "steady_gen_tps_mean_nonzero": 152.57857142857142,
      "steady_gen_tps_n": 42,