{
  "pr": 377,
  "agent": "denken",
  "kind": "coverage-retrain-private-500-noniid",
  "analysis_only": true,
  "no_launch": true,
  "no_hf_job": true,
  "no_served_file_change": true,
  "official_tps_expected": 0,
  "inputs": {
    "mu_p_public": 481.53,
    "mu_v_private": 460.85,
    "gap_measured": 0.04294644155088978,
    "k_cal": 125.26795005202914,
    "e_t_realized": 3.844,
    "p_headline": 518.9188253620001,
    "p_conservative": 509.0720037848094,
    "residual_private_tps_central": 5.438733615047738,
    "residual_private_tps_conservative": 17.96249696037296,
    "delta_et_central_373": 0.04468363487955586,
    "delta_et_conservative_373": 0.17631393110269514,
    "iid_dcov_central_373": 0.004017628663230129,
    "iid_det_dp_373": 11.121892694689883,
    "cov_prior": 0.8902659519153152,
    "identity_bar": 0.9213011665456927,
    "cov_budget_336": 0.031035214630377506,
    "cstar_central": 0.9089,
    "cstar_worst": 0.9256,
    "recipe_mean_dcov": 0.0385,
    "recipe_sigma_dcov": 0.00742,
    "et_public_500": 3.9914439391107512,
    "et_deployed": 3.844,
    "a_d_measured_289": [
      0.7292532942898975,
      0.759556697719242,
      0.7929794882639035,
      0.8228,
      0.8348727920920435,
      0.8357919254658385,
      0.8464932652113331
    ],
    "gap_hidden_state_pp_362": 0.0052,
    "source_373_run": "oqs8lddd",
    "source_289": "per_position_acceptance_decay",
    "source_339_340_336_343": "coverage achievability / c* / budget / c*=0.9089"
  },
  "accept_model": {
    "central_profile": {
      "a_d": [
        0.7292532942898975,
        0.759556697719242,
        0.7929794882639035,
        0.8228,
        0.8348727920920435,
        0.8357919254658385,
        0.8464932652113331
      ],
      "survival": [
        0.7292532942898975,
        0.553909224011713,
        0.43923865300146414,
        0.3614055636896047,
        0.3017276720351391,
        0.25218155197657394,
        0.21346998535871156
      ],
      "expected_accept_length": 2.851185944363104,
      "expected_committed_length_E_T": 3.851185944363104,
      "a1_cliff": 0.7292532942898975,
      "per_position_dEll_da": [
        3.9097333761644713,
        2.793646157613826,
        1.977382075158614,
        1.371882320199355,
        0.9191570460063838,
        0.5571381143407782,
        0.25218155197657394
      ],
      "a1_gradient_share": 0.3318643018054986,
      "uniform_additive_slope": 11.781120641460003,
      "conditional_increases_with_depth": true
    },
    "conservative_profile": {
      "a_d": [
        0.7,
        0.787995261649912,
        0.787995261649912,
        0.787995261649912,
        0.787995261649912,
        0.787995261649912,
        0.787995261649912
      ],
      "survival": [
        0.7,
        0.5515966831549384,
        0.4346555726678992,
        0.34250653171203355,
        0.26989352407322775,
        0.2126748181196999,
        0.16758674895058037
      ],
      "expected_accept_length": 2.678913878678379,
      "expected_committed_length_E_T": 3.678913878678379,
      "a1_cliff": 0.7,
      "uniform_additive_slope": 10.929722566929446,
      "anchored_on": "private-distribution E[T] = deployed * (1-gap)"
    },
    "iid_reference": {
      "p0": 0.7730262260000382,
      "dET_dp": 11.121892694689883,
      "note": "iid E[T]=sum p^d; #373 dE[T]/dp=11.12 at p0=0.773 (the OPTIMISTIC edge)."
    }
  },
  "conversion": {
    "slope_central_program_cstar": 7.912609135742992,
    "slope_worst_program_cstar": 4.172857261001455,
    "slope_uniform_additive_central_profile": 11.781120641460003,
    "slope_uniform_additive_conservative_profile": 10.929722566929446,
    "slope_iid_373": 11.121892694689883,
    "kappa_realized_transfer_implied": 0.6716346752190123,
    "coverage_delta_for_private_500_noniid_central": 0.005647142947793298,
    "coverage_delta_for_private_500_noniid_conservative": 0.042252567024154836,
    "dcov_central_residual_worst_slope": 0.010708162797026063,
    "dcov_central_residual_uniform_slope": 0.003792817019656488,
    "dcov_central_uniform_exact_crosscheck": 0.0037628996514859625,
    "dcov_conservative_residual_central_slope": 0.02228265393601289,
    "noniid_vs_iid_coverage_delta_ratio": 1.405591064071376,
    "iid_dcov_central_373": 0.004017628663230129,
    "ordering_iid_at_optimistic_edge": true
  },
  "gap_cobenefit": {
    "gap_measured": 0.04294644155088978,
    "coverage_headroom_1_minus_c0": 0.10973404808468479,
    "gap_shrink_contribution_per_coverage": 0.3913684248461045,
    "gap_shrink_per_0p01_coverage_pp": 0.3913684248461045,
    "dgap_dc_central": -0.3913684248461045,
    "gap_shrink_contribution_per_coverage_conservative": 0.047387297659765695,
    "dgap_dc_conservative": -0.047387297659765695,
    "gap_flip_threshold_headline": 0.03242163964356304,
    "gap_to_close_to_flip": 0.010524801907326742,
    "dcov_to_flip_gap_via_gap_alone_central": 0.026892312305126165,
    "dcov_to_flip_gap_via_gap_alone_conservative": 0.222101753573149,
    "double_indication_note": "coverage retrain is doubly-indicated: it raises E[T] (direct ceiling lift) AND shrinks the dominant gap. The two channels are synergistic, so the TRUE dcov to clear private-500 is <= the direct-channel figure -- the direct-channel dcov is a conservative-direction estimate."
  },
  "budget_delivery": {
    "cov_budget_336": 0.031035214630377506,
    "within_336_budget": true,
    "within_336_budget_central_robust": true,
    "within_336_budget_conservative": false,
    "fraction_of_336_budget_consumed": 0.18195920392526724,
    "fraction_of_336_budget_consumed_central_robust": 0.3450326644928317,
    "fraction_of_336_budget_consumed_conservative": 1.3614394979178812,
    "p_softkd_reasoning_retrain_delivers": 0.9999952358236266,
    "p_softkd_reasoning_retrain_delivers_central_robust": 0.9999099935560103,
    "p_softkd_reasoning_retrain_delivers_conservative": 0.3065207168474733,
    "recipe_mean_dcov": 0.0385,
    "recipe_sigma_dcov": 0.00742,
    "recommended_retrain_dcov": 0.010708162797026063,
    "recommended_retrain_target": 0.9009741147123412,
    "recommended_target_within_budget": true,
    "recommended_target_note": "retrain the EAGLE-3 fusion head to coverage c >= 0.9010 (dcov +0.0107, 35% of the #336 +0.031 budget): closes the #373 +5.44 TPS central residual and is ROBUST to the non-iid cliff-conversion (sized at the worst c*=0.9256 slope). P(recipe delivers) ~= 1.000. Hand to fern #357."
  },
  "gpu_accept_profile_leg": {
    "ran": false,
    "reason": "CPU-analytic default; --gpu not set"
  },
  "coverage_delta_for_private_500_noniid": 0.005647142947793298,
  "coverage_delta_for_private_500_noniid_central": 0.005647142947793298,
  "coverage_delta_for_private_500_noniid_conservative": 0.042252567024154836,
  "gap_shrink_contribution_per_coverage": 0.3913684248461045,
  "expected_accept_length_central": 2.851185944363104,
  "expected_accept_length_conservative": 2.678913878678379,
  "expected_committed_E_T_central": 3.851185944363104,
  "expected_committed_E_T_conservative": 3.678913878678379,
  "noniid_vs_iid_coverage_delta_ratio": 1.405591064071376,
  "within_336_budget": true,
  "fraction_of_336_budget_consumed": 0.18195920392526724,
  "p_softkd_reasoning_retrain_delivers": 0.9999952358236266,
  "recommended_retrain_target": 0.9009741147123412,
  "measured_per_position_accept_profile": [
    0.7292532942898975,
    0.759556697719242,
    0.7929794882639035,
    0.8228,
    0.8348727920920435,
    0.8357919254658385,
    0.8464932652113331
  ],
  "demand_lever_sized_and_defensible": true,
  "primary_metric_coverage_delta_central": 0.005647142947793298,
  "self_test": {
    "conditions": {
      "a_central_E_T_matches_289": true,
      "a_central_E_T_near_anchor": true,
      "b_ell_is_ET_minus_1": true,
      "c_a1_is_min_conditional": true,
      "c_a1_gradient_dominant": true,
      "c_conditional_increases_with_depth": true,
      "d_program_central_below_iid": true,