{
  "stage": 1,
  "tree_M": 16,
  "rho2_pinned": 0.4165,
  "aligned_steps": 1100,
  "full_accept": 207,
  "divergence_steps": 892,
  "div_at_branch": 526,
  "div_no_branch": 366,
  "branch_hit_correct_count": 185,
  "branch_hit_conflated_count": 23,
  "branch_hit_rate_correct": 0.3517110266159696,
  "branch_hit_rate_conflated": 0.043726235741444866,
  "per_position": {
    "0": {
      "divergences": 337,
      "hits": 113,
      "branch_hit": 0.3353115727002967
    },
    "1": {
      "divergences": 189,
      "hits": 72,
      "branch_hit": 0.38095238095238093
    }
  },
  "K": 7,
  "decided_steps": 1099,
  "top1_accept": 0.6933575978161965,
  "mean_accepted_len": 2.5923566878980893,
  "spine_ladder": {
    "1": {
      "reached": 1099,
      "accepted": 762,
      "q": 0.6933575978161965,
      "lambda_vs_top1": 0.9511078159344261
    },
    "2": {
      "reached": 762,
      "accepted": 573,
      "q": 0.7519685039370079,
      "lambda_vs_top1": 1.031506864111122
    },
    "3": {
      "reached": 573,
      "accepted": 431,
      "q": 0.7521815008726004,
      "lambda_vs_top1": 1.031799040977504
    },
    "4": {
      "reached": 431,
      "accepted": 345,
      "q": 0.8004640371229699,
      "lambda_vs_top1": 1.0980302292496158
    },
    "5": {
      "reached": 345,
      "accepted": 289,
      "q": 0.8376811594202899,
      "lambda_vs_top1": 1.1490825232102742
    },
    "6": {
      "reached": 289,
      "accepted": 242,
      "q": 0.8373702422145328,
      "lambda_vs_top1": 1.1486560249856417
    },
    "7": {
      "reached": 242,
      "accepted": 207,
      "q": 0.8553719008264463,
      "lambda_vs_top1": 1.173349658198143
    }
  },
  "skipped": {
    "no_stash": 20,
    "unaligned": 0,
    "read_err": 0
  }
}