{
  "summary": {
    "analysis_only": 1,
    "official_tps": 0,
    "no_hf_job": 1,
    "fires": 0,
    "verdict": "PIN_COSTLY_AT_LONG_CTX",
    "worstcase_pin_cost_frac": 0.5418375530877744,
    "worstcase_pin_delta_ms": 9.626624163240194,
    "worstcase_ctx": 16384,
    "worstcase_specdec_k5_official": 111.88678673855125,
    "worstcase_margin_vs_plus10": -24.491213261448735,
    "crossover_ctx": 609.1979400153746,
    "crossover_shape": "crosses",
    "crossover_beyond_deployed": false,
    "deployed_decode_ceiling_ctx": 2943,
    "deployed_decode_p90_ctx": 904,
    "pin_delta_at_deploy_ceiling_ms": 1.8540703988228415,
    "pin_delta_at_deploy_p90_ms": 0.22051198870758526,
    "specdec_k5_at_deploy_ceiling": 159.6127162660548,
    "margin_at_deploy_ceiling": 23.234716266054818,
    "deployed_breach_plus10": 0,
    "fixed2d_pin_delta_at_512_ms": -0.07270407490432262,
    "fixed2d_specdec_k5_at_512": 178.485972353676,
    "fixed2d_margin_at_512": 42.10797235367602,
    "reproduces_684_free_pin": 1,
    "freezone_min_delta_ms": -1.1438080109655857,
    "freezone_min_ctx": 256,
    "bi1_blanket_delta_ms": 1.55,
    "bi1_specdec_k5_official": 162.32142209197923,
    "bi1_margin_vs_plus10": 25.943422091979244,
    "bi1_floor_clears_plus10": 1,
    "bi1_attn_matches_fixed2d": 1,
    "fixed2d_beats_bi1_all_ctx": 0,
    "rescue_specdec_k5_official": 137.14,
    "rescue_reproduces_denken_137p14": 1,
    "ref_official_tps": 126.378,
    "plus10_bar": 136.378,
    "local_to_official": 0.87,
    "e_accept": 3.343,
    "k_opt": 5,
    "ar_step_local_ms": 8.14,
    "draft_term_ms_derived": 8.227598074959896,
    "n_layers": 42,
    "peak_mem_gib": 18.690176486968994,
    "ctx256/attn_3d_ms": 6.321152031421661,
    "ctx256/attn_2d_ms": 5.177344020456076,
    "ctx256/pin_delta_ms": -1.1438080109655857,
    "ctx256/cost_frac_deployed": -0.1634900832850714,
    "ctx256/cost_frac_arstep": -0.14051695466407685,
    "ctx256/specdec_k5_official": 191.0437537416298,
    "ctx256/margin_vs_plus10": 54.66575374162983,
    "ctx256/bi1_attn_delta_ms": -1.1560959704220295,
    "ctx384/attn_3d_ms": 6.304768018424511,
    "ctx384/attn_2d_ms": 5.6668160036206245,
    "ctx384/pin_delta_ms": -0.6379520148038864,
    "ctx384/cost_frac_deployed": -0.0850370480251213,
    "ctx384/cost_frac_arstep": -0.07837248339114083,
    "ctx384/specdec_k5_official": 184.89990104527206,
    "ctx384/margin_vs_plus10": 48.521901045272074,
    "ctx384/bi1_attn_delta_ms": -0.683008037507534,
    "ctx512/attn_3d_ms": 6.241280043497682,
    "ctx512/attn_2d_ms": 6.168575968593359,
    "ctx512/pin_delta_ms": -0.07270407490432262,
    "ctx512/cost_frac_deployed": -0.009012198830856742,
    "ctx512/cost_frac_arstep": -0.008931704533700567,
    "ctx512/specdec_k5_official": 178.485972353676,
    "ctx512/margin_vs_plus10": 42.10797235367602,
    "ctx512/bi1_attn_delta_ms": -0.1146880891174078,
    "ctx1024/attn_3d_ms": 6.25049601867795,
    "ctx1024/attn_2d_ms": 6.560768026858568,
    "ctx1024/pin_delta_ms": 0.3102720081806183,
    "ctx1024/cost_frac_deployed": 0.03671739890505859,
    "ctx1024/cost_frac_arstep": 0.03811695432194328,
    "ctx1024/specdec_k5_official": 174.38737593597645,
    "ctx1024/margin_vs_plus10": 38.009375935976465,
    "ctx1024/bi1_attn_delta_ms": 0.2631680369377136,
    "ctx2048/attn_3d_ms": 6.223872093483806,
    "ctx2048/attn_2d_ms": 7.43936001136899,
    "ctx2048/pin_delta_ms": 1.2154879178851843,
    "ctx2048/cost_frac_deployed": 0.12992245071061417,
    "ctx2048/cost_frac_arstep": 0.1493228400350349,
    "ctx2048/specdec_k5_official": 165.40953056724467,
    "ctx2048/margin_vs_plus10": 29.031530567244687,
    "ctx2048/bi1_attn_delta_ms": 1.073151869699359,
    "ctx4096/attn_3d_ms": 6.237184055149555,
    "ctx4096/attn_2d_ms": 8.913919929414988,
    "ctx4096/pin_delta_ms": 2.6767358742654324,
    "ctx4096/cost_frac_deployed": 0.2474624420324223,
    "ctx4096/cost_frac_arstep": 0.32883733099083934,
    "ctx4096/specdec_k5_official": 152.71786389349185,
    "ctx4096/margin_vs_plus10": 16.339863893491867,
    "ctx4096/bi1_attn_delta_ms": 2.681856047362089,
    "ctx8192/attn_3d_ms": 6.498304024338722,
    "ctx8192/attn_2d_ms": 11.579392086714506,
    "ctx8192/pin_delta_ms": 5.081088062375784,
    "ctx8192/cost_frac_deployed": 0.38431693657917665,
    "ctx8192/cost_frac_arstep": 0.6242122926751577,
    "ctx8192/specdec_k5_official": 135.5985155164044,
    "ctx8192/margin_vs_plus10": -0.7794844835955814,
    "ctx8192/bi1_attn_delta_ms": 5.270528048276901,
    "ctx16384/attn_3d_ms": 7.575551897287369,
    "ctx16384/attn_2d_ms": 17.202176060527563,
    "ctx16384/pin_delta_ms": 9.626624163240194,
    "ctx16384/cost_frac_deployed": 0.5418375530877744,
    "ctx16384/cost_frac_arstep": 1.182631961086019,
    "ctx16384/specdec_k5_official": 111.88678673855125,
    "ctx16384/margin_vs_plus10": -24.491213261448735,
    "ctx16384/bi1_attn_delta_ms": 9.868288289755583
  },
  "curve": [
    {
      "ctx": 256,
      "attn_3d_ms": 6.321152031421661,
      "attn_2d_ms": 5.177344020456076,
      "pin_delta_ms": -1.1438080109655857,
      "cost_frac_deployed": -0.1634900832850714,
      "cost_frac_arstep": -0.14051695466407685,
      "specdec_k5_official": 191.0437537416298,
      "margin_vs_plus10": 54.66575374162983,
      "clears_plus10": true,
      "bi1_attn_delta_ms": -1.1560959704220295
    },
    {
      "ctx": 384,
      "attn_3d_ms": 6.304768018424511,
      "attn_2d_ms": 5.6668160036206245,
      "pin_delta_ms": -0.6379520148038864,
      "cost_frac_deployed": -0.0850370480251213,
      "cost_frac_arstep": -0.07837248339114083,
      "specdec_k5_official": 184.89990104527206,
      "margin_vs_plus10": 48.521901045272074,
      "clears_plus10": true,
      "bi1_attn_delta_ms": -0.683008037507534
    },
    {
      "ctx": 512,
      "attn_3d_ms": 6.241280043497682,
      "attn_2d_ms": 6.168575968593359,
      "pin_delta_ms": -0.07270407490432262,
      "cost_frac_deployed": -0.009012198830856742,
      "cost_frac_arstep": -0.008931704533700567,
      "specdec_k5_official": 178.485972353676,
      "margin_vs_plus10": 42.10797235367602,
      "clears_plus10": true,
      "bi1_attn_delta_ms": -0.1146880891174078
    },
    {
      "ctx": 1024,
      "attn_3d_ms": 6.25049601867795,
      "attn_2d_ms": 6.560768026858568,
      "pin_delta_ms": 0.3102720081806183,
      "cost_frac_deployed": 0.03671739890505859,
      "cost_frac_arstep": 0.03811695432194328,
      "specdec_k5_official": 174.38737593597645,
      "margin_vs_plus10": 38.009375935976465,
      "clears_plus10": true,
      "bi1_attn_delta_ms": 0.2631680369377136
    },
    {
      "ctx": 2048,
      "attn_3d_ms": 6.223872093483806,
      "attn_2d_ms": 7.43936001136899,
      "pin_delta_ms": 1.2154879178851843,
      "cost_frac_deployed": 0.12992245071061417,
      "cost_frac_arstep": 0.1493228400350349,
      "specdec_k5_official": 165.40953056724467,
      "margin_vs_plus10": 29.031530567244687,
      "clears_plus10": true,
      "bi1_attn_delta_ms": 1.073151869699359
    },
    {
      "ctx": 4096,
      "attn_3d_ms": 6.237184055149555,
      "attn_2d_ms": 8.913919929414988,
      "pin_delta_ms": 2.6767358742654324,
      "cost_frac_deployed": 0.2474624420324223,
      "cost_frac_arstep": 0.32883733099083934,
      "specdec_k5_official": 152.71786389349185,
      "margin_vs_plus10": 16.339863893491867,
      "clears_plus10": true,
      "bi1_attn_delta_ms": 2.681856047362089
    },
    {
      "ctx": 8192,
      "attn_3d_ms": 6.498304024338722,
      "attn_2d_ms": 11.579392086714506,
      "pin_delta_ms": 5.081088062375784,
      "cost_frac_deployed": 0.38431693657917665,
      "cost_frac_arstep": 0.6242122926751577,
      "specdec_k5_official": 135.5985155164044,
      "margin_vs_plus10": -0.7794844835955814,
      "clears_plus10": false,
      "bi1_attn_delta_ms": 5.270528048276901
    },
    {
      "ctx": 16384,
      "attn_3d_ms": 7.575551897287369,
      "attn_2d_ms": 17.202176060527563,
      "pin_delta_ms": 9.626624163240194,