{
  "gemm_only_us": 38.27370643615723,
  "scatter_only_us": 8.154453436533611,
  "cand_perrow_argmax_us": 80.66730499267578,
  "compute_logits_full_us_prev": 135.82
}