{
  "variant": "base",
  "model": "google/gemma-4-E4B-it-qat-w4a16-ct",
  "load_s": 49.31806039810181,
  "backend_summary": {
    "256|TRITON_ATTN": 35,
    "512|TRITON_ATTN": 7
  },
  "tps": {
    "tps_mean": 22.434600152174813,
    "tps_std": 0.01639716775403524,
    "tps_samples": [
      22.41143500128208,
      22.445270311258643,
      22.447095143983717
    ],
    "tps_tokens": 256
  },
  "ppl": null,
  "peak_mem_gb": 19.901502976,
  "n_identity": 128,
  "gen_tokens": 256,
  "prefix_cache": false,
  "sequential": true,
  "enforce_eager": true,
  "determinism": {
    "prompts": 8,
    "divergent_prompts": 0,
    "divergent_tokens": 0,
    "deterministic": true
  }
}