{
  "pr": 201,
  "metric_primary": "launch_sigma_closure_self_test_passes",
  "metric_test": "combined_sigma_launch_central",
  "launch_sigma_closure_self_test_passes": true,
  "combined_sigma_launch_central": 12.215326172514054,
  "combined_sigma_launch_worstcase": 13.795647948283404,
  "mu_clears_500_central": 520.0924235592549,
  "mu_clears_500_worstcase": 522.6918215638796,
  "law": "sigma^2_launch = acc_realistic^2 + sigma_hw^2 + sigma_private^2 + 2*sum_{i<j} rho_ij*sigma_i*sigma_j; acc_realistic = acc_dedup_iid * sqrt(design_effect); LCB(mu) = mu - z_p95*sigma_launch.",
  "legs": {
    "acceptance_sigma_dedup_iid": 5.318696881534334,
    "sigma_hw": 4.864468814937121,
    "sigma_private": 0.8839182724133238,
    "sigma_within": 0.056157935896891956,
    "sigma_between": 4.864144646053565,
    "combined_dedup_195": 7.261742551305779,
    "combined_worstcase_195": 17.037470082142843,
    "combined_quadrature_195": 12.536224060733394,
    "rho_in_out_195": 0.9449429462424024,
    "overlap_fraction": 0.8929171716532718,
    "forward_map_slope_tps_per_lambda": 216.48237731470778,
    "icc_hat": 0.1446247464062406,
    "m_bar": 24.582508774446666,
    "design_effect": 4.410614351127293,
    "n_eff": 713.406539913188,
    "halfwidth_iid_190": 10.906182006867379,
    "halfwidth_realistic_190": 22.90457745058264,
    "design_effect_ci": [
      3.4594111975425594,
      5.379447950245826
    ],
    "icc_ci": [
      0.10428963351886918,
      0.18570746616200864
    ],
    "mu_break_even_194": 512.15707117161,
    "mu_lambda1_194": 520.9527323111674,
    "mu_bar_194": 500.0001445053368,
    "sigma_draw_iid_194": 7.390974474817942,
    "K_cal_183": 125.26795005202914,
    "step_183": 1.2182
  },
  "dedup_x_icc": {
    "design_effect_algebra_1_plus_mbarm1_icc": 4.410614351127293,
    "design_effect_imported_190": 4.410614351127293,
    "design_effect_algebra_matches_190": true,
    "sqrt_design_effect_inflation": 2.1001462689839707,
    "acceptance_sigma_dedup_iid": 5.318696881534334,
    "acceptance_sigma_dedup_realistic_icc": 11.170041411611011,
    "algebra": "D = 1 + (m_bar-1)*ICC = 1 + (24.58251-1)*0.144625 = 4.410614 (== #190 design_effect 4.410614); sqrt(D) = 2.100146; acceptance_sigma_dedup_realistic_icc = 5.318697 (iid) * 2.100146 = 11.170041 TPS.",
    "icc_inflation_sanity": {
      "raw_iid_175_halfwidth": 10.906182006867379,
      "raw_realistic_computed": 22.90457745058264,
      "raw_realistic_190": 22.90457745058264,
      "abs_err_tps": 0.0,
      "ok": true,
      "note": "10.906182 * sqrt(D) reproduces #190 halfwidth_realistic 22.905 -> inflation law verified."
    },
    "orthogonality_note": "DE-DUP (removes the rho=0.945 A1xA2 double-count -> ONE acceptance axis, iid magnitude 5.32) and ICC-INFLATION (rescales that axis 5.32 -> 11.170 via sqrt(D)) are ORTHOGONAL corrections to the SAME acceptance axis: de-dup sets the axis IDENTITY, ICC sets its MAGNITUDE."
  },
  "combined": {
    "axes": [
      "acceptance",
      "hardware",
      "private"
    ],
    "sigma_vector_tps": {
      "acceptance": 11.170041411611011,
      "hardware": 4.864468814937121,
      "private": 0.8839182724133238
    },
    "combined_sigma_launch_central": 12.215326172514054,
    "combined_sigma_launch_worstcase": 13.795647948283404,
    "combined_sigma_launch_worstcase_rho_hw_only": 13.579243722997766,
    "worstcase_psd_scale": 1.0,
    "rho_worstcase_matrix": [
      [
        1.0,
        0.3,
        0.3
      ],
      [
        0.3,
        1.0,
        0.3
      ],
      [
        0.3,
        0.3,
        1.0
      ]
    ],
    "covariance_central": [
      [
        124.76982513710492,
        0.0,
        0.0
      ],
      [
        0.0,
        23.663056851495757,
        0.0
      ],
      [
        0.0,
        0.0,
        0.7813115123061548
      ]
    ],
    "covariance_central_min_eig": 0.7813115123061548,
    "covariance_worstcase_min_eig": 0.6716898142458742,
    "cross_covariance_sum_worstcase": 20.552854406034626
  },
  "lcb": {
    "z_one_sided_p95": 1.6448536269514722,
    "launch_lcb_at_mu500_central": 479.907576440745,
    "launch_lcb_at_mu500_worstcase": 477.3081784361204,
    "lcb_curve": {
      "mu500": {
        "mu": 500.0,
        "lcb_central": 479.907576440745,
        "lcb_worstcase": 477.3081784361204
      },
      "mu_break_even_512": {
        "mu": 512.15707117161,
        "lcb_central": 492.06464761235503,
        "lcb_worstcase": 489.4652496077304
      },
      "mu_lambda1_521": {
        "mu": 520.9527323111674,
        "lcb_central": 500.86030875191244,
        "lcb_worstcase": 498.2609107472878
      }
    },
    "mu_clears_500_central": 520.0924235592549,
    "mu_clears_500_worstcase": 522.6918215638796,
    "lambda1_ceiling_mu": 520.9527323111674,
    "lambda1_clears_500_central": true,
    "lambda1_clears_500_worstcase": false,
    "central_margin_at_lambda1_tps": 0.8603087519124415,
    "worstcase_margin_at_lambda1_tps": -1.7390892527121764,
    "go_trigger_gap_above_lambda1_central_tps": -0.8603087519124983,
    "go_trigger_gap_above_lambda1_worstcase_tps": 1.7390892527121196,
    "revises_194_break_even": {
      "iid_break_even_194": 512.15707117161,
      "realistic_icc_trigger_central": 520.0924235592549,
      "shift_tps": 7.935352387644912,
      "note": "#194's break-even used IID sampling; the de-duped REALISTIC-ICC law lifts the P95 trigger from 512.16 (iid) to the central value -> ICC erodes the launch headroom."
    }
  },
  "icc_band_envelope": {
    "icc_lo": {
      "design_effect": 3.4594111975425594,
      "acceptance_sigma_tps": 9.892506254292991,
      "combined_sigma_central": 11.059206497530818,
      "combined_sigma_worstcase": 12.609738189428013,
      "mu_clears_500_central": 518.1907759186688,
      "mu_clears_500_worstcase": 520.7411735957892
    },
    "icc_hat": {
      "design_effect": 4.410614351127293,
      "acceptance_sigma_tps": 11.170041411611011,
      "combined_sigma_central": 12.215326172514054,
      "combined_sigma_worstcase": 13.795647948283404,
      "mu_clears_500_central": 520.0924235592549,
      "mu_clears_500_worstcase": 522.6918215638796
    },
    "icc_hi": {
      "design_effect": 5.379447950245826,
      "acceptance_sigma_tps": 12.335992452384568,
      "combined_sigma_central": 13.289886310615714,
      "combined_sigma_worstcase": 14.891211827971542,
      "mu_clears_500_central": 521.859917699789,
      "mu_clears_500_worstcase": 524.4938637849416
    },
    "icc0_iid": {
      "design_effect": 1.0,
      "acceptance_sigma_tps": 5.318696881534334,
      "combined_sigma_central": 7.261742551305779,
      "combined_sigma_worstcase": 8.582373662881116,
      "mu_clears_500_central": 511.94450357350314,
      "mu_clears_500_worstcase": 514.1167484472428
    }
  },
  "colog_spec": {
    "what": "land #71's served draw must CO-LOG, per fresh device allocation, the accepted-length / acceptance estimate ALONGSIDE that allocation's wall-clock output TPS, so the BETWEEN-device rho(acceptance, hardware) can be measured directly and REPLACE the [-0.3,+0.3] bounded assumption.",
    "fields_per_allocation": {
      "allocation_id": "distinct fresh A10G allocation id (BETWEEN-device draw, not a within-process re-run)",
      "wall_tps": "served output TPS for the allocation (the hardware draw)",
      "accept_length_or_e_accept": "mean accepted speculative length (or e_accept_exact) measured ON THE SAME allocation/draw as wall_tps",
      "clock_mhz": "SM clock for provenance (the n=12 within-device trace was clock-locked 1710 MHz -> sigma_within 0.056; the launch-relevant signal is the cross-allocation spread sigma_between 4.864)"
    },
    "estimator": "rho_between = pearson(accept_length, wall_tps) across >= n distinct allocations.",