{
  "arm": "shipped_g128",
  "n_tokens": 600,
  "warmup_drop": 50,
  "measure_reps": 4,
  "decode_tps_median_across_reps": 112.39522442714252,
  "decode_tps_max_across_reps": 112.47397086007673,
  "inter_token_ms_median_across_reps": 8.897175983292982,
  "reps": [
    {
      "n_emitted": 600,
      "ttft_s": 0.03818004799541086,
      "decode_tps_median": 112.29940111149277,
      "decode_tps_mean": 112.60330686501975,
      "inter_token_ms_median": 8.90476698987186,
      "steady_steps": 549
    },
    {
      "n_emitted": 600,
      "ttft_s": 0.038335965014994144,
      "decode_tps_median": 112.36124275960188,
      "decode_tps_mean": 112.60097508583206,
      "inter_token_ms_median": 8.899865963030607,
      "steady_steps": 549
    },
    {
      "n_emitted": 600,
      "ttft_s": 0.04007446998730302,
      "decode_tps_median": 112.42920609468315,
      "decode_tps_mean": 112.61935468410562,
      "inter_token_ms_median": 8.894486003555357,
      "steady_steps": 549
    },
    {
      "n_emitted": 600,
      "ttft_s": 0.0381286260089837,
      "decode_tps_median": 112.47397086007673,
      "decode_tps_mean": 112.61193880567247,
      "inter_token_ms_median": 8.890945988241583,
      "steady_steps": 549
    }
  ],
  "analysis_only": true,
  "official_tps": 0,
  "created_at": "20260618T131513Z"
}