{
  "arm": "our_g128_int8head",
  "n_tokens": 600,
  "warmup_drop": 50,
  "measure_reps": 4,
  "decode_tps_median_across_reps": 104.69079664882855,
  "decode_tps_max_across_reps": 104.8660249968691,
  "inter_token_ms_median_across_reps": 9.551938012009487,
  "reps": [
    {
      "n_emitted": 600,
      "ttft_s": 0.040788312966469675,
      "decode_tps_median": 104.5368141363764,
      "decode_tps_mean": 105.12798835679368,
      "inter_token_ms_median": 9.56600799690932,
      "steady_steps": 549
    },
    {
      "n_emitted": 600,
      "ttft_s": 0.047038777032867074,
      "decode_tps_median": 104.8660249968691,
      "decode_tps_mean": 105.16923290782158,
      "inter_token_ms_median": 9.535976976621896,
      "steady_steps": 549
    },
    {
      "n_emitted": 600,
      "ttft_s": 0.04697673500049859,
      "decode_tps_median": 104.69035868555001,
      "decode_tps_mean": 105.1986323965954,
      "inter_token_ms_median": 9.551977971568704,
      "steady_steps": 549
    },
    {
      "n_emitted": 600,
      "ttft_s": 0.04572194901993498,
      "decode_tps_median": 104.6912346121071,
      "decode_tps_mean": 105.18936993719721,
      "inter_token_ms_median": 9.55189805245027,
      "steady_steps": 549
    }
  ],
  "analysis_only": true,
  "official_tps": 0,
  "created_at": "20260618T140256Z"
}