{
  "arm": "bf16head",
  "n_tokens": 600,
  "warmup_drop": 50,
  "measure_reps": 4,
  "decode_tps_median_across_reps": 84.93637449796579,
  "decode_tps_max_across_reps": 85.03088257565909,
  "inter_token_ms_median_across_reps": 11.773527483455837,
  "reps": [
    {
      "n_emitted": 600,
      "ttft_s": 0.038704701990354806,
      "decode_tps_median": 84.8554059244589,
      "decode_tps_mean": 85.16202033013387,
      "inter_token_ms_median": 11.784753005485982,
      "steady_steps": 549
    },
    {
      "n_emitted": 600,
      "ttft_s": 0.039147431030869484,
      "decode_tps_median": 84.8633343344451,
      "decode_tps_mean": 85.14683121795446,
      "inter_token_ms_median": 11.783652007579803,
      "steady_steps": 549
    },
    {
      "n_emitted": 600,
      "ttft_s": 0.03879002499161288,
      "decode_tps_median": 85.03088257565909,
      "decode_tps_mean": 85.1667014410711,
      "inter_token_ms_median": 11.760433029849082,
      "steady_steps": 549
    },
    {
      "n_emitted": 600,
      "ttft_s": 0.039169805007986724,
      "decode_tps_median": 85.00941466148647,
      "decode_tps_mean": 85.162508686435,
      "inter_token_ms_median": 11.76340295933187,
      "steady_steps": 549
    }
  ],
  "analysis_only": true,
  "official_tps": 0,
  "created_at": "20260618T113742Z"
}