{
  "agent": "denken",
  "created_at": "20260614T213558Z",
  "kind": "gate2-depth-resolved-power",
  "nan_clean": true,
  "peak_mem_mib": 30.215,
  "pr": 230,
  "synthesis": {
    "depth_occupancy": {
      "deeptail_occupancy_fraction_q8q9": 0.09078997130869798,
      "geometric_reach_crosscheck": {
        "n_available_geo_d8": 64365.16405009074,
        "note": "geometric-in-\u03bb reach with spine 0.997 keeps deep-tail occupancy \u22480.982 (n_avail(8)\u224864,365) \u2014 it OVERSTATES the deep-tail reach (the tree's M=32\u2192M=8 branching thins it faster than per-rung acceptance), so the banked reach-weight occupancy is the CONSERVATIVE, binding choice.",
        "occ_geo_d2_d9": {
          "2": 1.0,
          "3": 0.997,
          "4": 0.994009,
          "5": 0.991026973,
          "6": 0.988053892081,
          "7": 0.985089730404757,
          "8": 0.9821344612135428,
          "9": 0.9791880578299021
        }
      },
      "n_available_d2_d9": {
        "2": 65536.0,
        "3": 52871.860153844,
        "4": 46728.88952677337,
        "5": 33505.824474667876,
        "6": 20158.56368632878,
        "7": 17469.308787641632,
        "8": 13366.19380071487,
        "9": 10226.800550039801
      },
      "n_deeptail_available_conservative_reach8": 13366.19380071487,
      "n_deeptail_available_one_run": 13366.19380071487,
      "n_deeptail_available_optimistic_reads8plus9": 23592.99435075467,
      "occ_d2_d9": {
        "2": 1.0,
        "3": 0.8067605614295044,
        "4": 0.7130262684139003,
        "5": 0.511258308024107,
        "6": 0.30759527109266327,
        "7": 0.26656049785830127,
        "8": 0.20395193177360335,
        "9": 0.1560485923773163
      },
      "occ_norm_d2_d9": {
        "2": 0.252193997558284,
        "3": 0.20346017105927225,
        "4": 0.17982094499536752,
        "5": 0.12893627648548406,
        "6": 0.07757368104688282,
        "7": 0.0672249575460114,
        "8": 0.051435452983719425,
        "9": 0.03935451832497856
      },
      "occupancy_model": "banked #208/#203 \u03b2-extended reach-weights w_d (reach mass per rung), normalized occ(2)=1 at the q[2..9] ladder base",
      "w_ladder_raw_d2_d9": [
        0.33588764826371537,
        0.2709809076904709,
        0.23949671644779763,
        0.1717253507375035,
        0.10331745222435465,
        0.08953437874562994,
        0.06850493472227735,
        0.052414794708479914
      ]
    },
    "depth_resolved_asn": {
      "aggregate_form": "n_confirm(d) = n_confirm_agg \u00b7 \u03c3_d\u00b2/\u03c3\u0304\u00b2,  \u03c3_d\u00b2=\u03bb_d(1\u2212\u03bb_d),  \u03c3\u0304\u00b2=\u03a3_d occ_norm(d)\u00b7\u03c3_d\u00b2  (occupancy-weighted; common gate-margin separation)",
      "aggregate_roundtrip_n_confirm": 1124.7628546877863,
      "aggregate_roundtrip_resid": 0.0,
      "aggregate_roundtrip_target": 1124.7628546877863,
      "deeptail_over_spine_nconfirm_ratio": 55.95157182138615,
      "deeptail_over_spine_variance_ratio": 55.95157182138616,
      "lambda_ref_d2_d9": {
        "2": 0.997,
        "3": 0.997,
        "4": 0.997,
        "5": 0.997,
        "6": 0.997,
        "7": 0.997,
        "8": 0.7874871278548552,
        "9": 0.7874871278548552
      },
      "n_confirm_deeptail": 10507.882306612844,
      "n_confirm_deeptail_ar1": 6281.227716401384,
      "n_confirm_deeptail_flat": 16705.62823794652,
      "n_confirm_deeptail_iid": 3787.5966720320466,
      "n_confirm_spine_measured_acf": 187.80316556891538,
      "n_confirm_vs_depth": [
        {
          "band": "spine",
          "depth": 2,
          "lambda_ref": 0.997,
          "n_available": 65536.0,
          "n_confirm_ar1": 112.26186346387027,
          "n_confirm_flat": 298.5729925742889,
          "n_confirm_iid": 67.69419604730976,
          "n_confirm_measured_acf": 187.80316556891538,
          "occ": 1.0,
          "occ_norm": 0.252193997558284,
          "sigma2": 0.0029910000000000028
        },
        {
          "band": "spine",
          "depth": 3,
          "lambda_ref": 0.997,
          "n_available": 52871.860153844,
          "n_confirm_ar1": 112.26186346387027,
          "n_confirm_flat": 298.5729925742889,
          "n_confirm_iid": 67.69419604730976,
          "n_confirm_measured_acf": 187.80316556891538,
          "occ": 0.8067605614295044,
          "occ_norm": 0.20346017105927225,
          "sigma2": 0.0029910000000000028
        },
        {
          "band": "spine",
          "depth": 4,
          "lambda_ref": 0.997,
          "n_available": 46728.88952677337,
          "n_confirm_ar1": 112.26186346387027,
          "n_confirm_flat": 298.5729925742889,
          "n_confirm_iid": 67.69419604730976,
          "n_confirm_measured_acf": 187.80316556891538,
          "occ": 0.7130262684139003,
          "occ_norm": 0.17982094499536752,
          "sigma2": 0.0029910000000000028
        },
        {
          "band": "spine",
          "depth": 5,
          "lambda_ref": 0.997,
          "n_available": 33505.824474667876,
          "n_confirm_ar1": 112.26186346387027,
          "n_confirm_flat": 298.5729925742889,
          "n_confirm_iid": 67.69419604730976,
          "n_confirm_measured_acf": 187.80316556891538,
          "occ": 0.511258308024107,
          "occ_norm": 0.12893627648548406,
          "sigma2": 0.0029910000000000028
        },
        {
          "band": "spine",
          "depth": 6,
          "lambda_ref": 0.997,
          "n_available": 20158.56368632878,
          "n_confirm_ar1": 112.26186346387027,
          "n_confirm_flat": 298.5729925742889,
          "n_confirm_iid": 67.69419604730976,
          "n_confirm_measured_acf": 187.80316556891538,
          "occ": 0.30759527109266327,
          "occ_norm": 0.07757368104688282,
          "sigma2": 0.0029910000000000028
        },
        {
          "band": "spine",
          "depth": 7,
          "lambda_ref": 0.997,
          "n_available": 17469.308787641632,
          "n_confirm_ar1": 112.26186346387027,
          "n_confirm_flat": 298.5729925742889,
          "n_confirm_iid": 67.69419604730976,
          "n_confirm_measured_acf": 187.80316556891538,
          "occ": 0.26656049785830127,
          "occ_norm": 0.0672249575460114,
          "sigma2": 0.0029910000000000028
        },
        {
          "band": "deeptail",
          "depth": 8,
          "lambda_ref": 0.7874871278548552,
          "n_available": 13366.19380071487,
          "n_confirm_ar1": 6281.227716401384,
          "n_confirm_flat": 16705.62823794652,
          "n_confirm_iid": 3787.5966720320466,
          "n_confirm_measured_acf": 10507.882306612844,
          "occ": 0.20395193177360335,
          "occ_norm": 0.051435452983719425,
          "sigma2": 0.16735115131776615
        },
        {
          "band": "deeptail",
          "depth": 9,
          "lambda_ref": 0.7874871278548552,
          "n_available": 10226.800550039801,
          "n_confirm_ar1": 6281.227716401384,
          "n_confirm_flat": 16705.62823794652,
          "n_confirm_iid": 3787.5966720320466,
          "n_confirm_measured_acf": 10507.882306612844,
          "occ": 0.1560485923773163,
          "occ_norm": 0.03935451832497856,
          "sigma2": 0.16735115131776615
        }
      ],
      "note": "the deep-tail band needs n_confirm_deeptail=10,508 accept positions (measured-ACF) \u2014 9.3\u00d7 the aggregate 1,125 \u2014 because its Bernoulli variance at the 0.7875 budget (0.1674) is 56\u00d7 the 0.997 spine's (0.00299); the aggregate is occupancy-dominated by the cheap, low-variance spine (each spine depth needs only \u2248188), so the aggregate one-run confirmation does NOT carry the deep tail for free.",
      "sigbar2_occupancy_weighted_mean_variance": 0.017913253422433252,
      "sigma2_d2_d9": {
        "2": 0.0029910000000000028,
        "3": 0.0029910000000000028,
        "4": 0.0029910000000000028,
        "5": 0.0029910000000000028,
        "6": 0.0029910000000000028,
        "7": 0.0029910000000000028,