{
  "decode_tokens": 256,
  "decode_tps_single_stream": 131.67068206445532,
  "naive_tps": 130.94973016527902,
  "note": "exploratory A10G single-stream probe; not the official a10g-small TPS",
  "ttft_s_approx": 0.018298864364624023,
  "wall_1tok_s": 0.018298864364624023,
  "wall_ntok_s": 1.9549486637115479
}