{
  "runner": "paired_tps_ab",
  "pr": 82,
  "metric": "wall_tps",
  "baseline": {
    "submission": "fa2sw_precache_kenyan",
    "label": "baseline",
    "override_env": {},
    "describe": "fa2sw_precache_kenyan"
  },
  "candidate": {
    "submission": "fa2sw_precache_kenyan",
    "label": "selfnull",
    "override_env": {},
    "describe": "fa2sw_precache_kenyan"
  },
  "n": 3,
  "workload": {
    "num_prompts": 128,
    "output_len": 512,
    "seed": 1
  },
  "reused_baseline_from": null,
  "elapsed_s": 1479.8764407634735,
  "git": {
    "git_commit": "089312da2a3e2c4cc7efdf982c22f2228cf5c2ae",
    "git_branch": "lawine/walltps-ab-runner",
    "git_dirty": true
  },
  "arms": {
    "baseline": {
      "n": 3,
      "wall_tps": {
        "n": 3,
        "mean": 454.1001946598521,
        "std": 0.03266092346387214,
        "cv_pct": 0.007192448681581628,
        "min": 454.0775516411879,
        "max": 454.1376352465194,
        "range_pct": 0.013231354233729283,
        "median": 454.08539709184896,
        "p25": 454.0775516411879,
        "p75": 454.08539709184896,
        "values": [
          454.1376352465194,
          454.0775516411879,
          454.08539709184896
        ]
      },
      "steady_gen_tps_mean": {
        "n": 3,
        "mean": 450.27142857142854,
        "std": 2.0141843946149067,
        "cv_pct": 0.44732671602221985,
        "min": 448.0142857142857,
        "max": 451.88571428571424,
        "range_pct": 0.859798851486404,
        "median": 450.9142857142857,
        "p25": 448.0142857142857,
        "p75": 450.9142857142857,
        "values": [
          448.0142857142857,
          451.88571428571424,
          450.9142857142857
        ]
      },
      "e_accept_exact": {
        "n": 3,
        "mean": 3.8531443022649072,
        "std": 0.0037245926827361355,
        "cv_pct": 0.09666372164018855,
        "min": 3.850825042465421,
        "max": 3.8574405491542043,
        "range_pct": 0.17169112210240264,
        "median": 3.8511673151750974,
        "p25": 3.850825042465421,
        "p75": 3.8511673151750974,
        "values": [
          3.8574405491542043,
          3.850825042465421,
          3.8511673151750974
        ]
      },
      "server_ready_s": {
        "n": 3,
        "mean": 90.01902890205383,
        "std": 0.00033315419958807144,
        "cv_pct": 0.00037009308326416563,
        "min": 90.01870608329773,
        "max": 90.019371509552,
        "range_pct": 0.0007392062127180744,
        "median": 90.01900911331177,
        "p25": 90.01870608329773,
        "p75": 90.01900911331177,
        "values": [
          90.01900911331177,
          90.019371509552,
          90.01870608329773
        ]
      },
      "records": [
        {
          "run_idx": 0,
          "t_start_utc": "2026-06-14T02:31:19.843029+00:00",
          "seed": 1,
          "num_prompts": 128,
          "output_len": 512,
          "num_completion_tokens": 65536,
          "decode_duration_s": 144.30867409706116,
          "wall_around_decode_s": 152.802973985672,
          "wall_tps": 454.1376352465194,
          "steady_gen_tps_mean": 448.0142857142857,
          "steady_gen_tps_mean_nonzero": 448.0142857142857,
          "steady_gen_tps_n": 14,
          "gen_tps_series": [
            307.2,
            464.1,
            442.7,
            445.1,
            457.1,
            481.8,
            445.5,
            502.4,
            446.9,
            446.2,
            461.9,
            433.2,
            483.5,
            454.6
          ],
          "e_accept_exact": 3.8574405491542043,
          "e_accept_interval_mean": 3.8542857142857145,
          "num_speculative_tokens": 7,
          "total_accepted_tokens": 46622,
          "total_drafted_tokens": 114212,
          "intervals": 14,
          "clock": {
            "n_samples": 621,
            "n_load_samples": 576,
            "sm_clock_mhz": {
              "mean": 1710.0,
              "min": 1710.0,
              "max": 1710.0
            },
            "sm_clock_mhz_load": {
              "mean": 1710.0,
              "min": 1710.0,
              "max": 1710.0
            },
            "mem_clock_mhz_load": {
              "mean": 6251.0,
              "min": 6251.0,
              "max": 6251.0
            },
            "temp_c": {
              "mean": 51.30273752012882,
              "min": 35.0,
              "max": 56.0
            },
            "power_w_load": {
              "mean": 166.60932291666666,
              "min": 60.72,
              "max": 187.69
            },
            "util_pct": {
              "mean": 92.15136876006441,
              "min": 0.0,
              "max": 100.0
            }
          },
          "log_offset_start": 0,
          "server_ready_s": 90.01900911331177,
          "arm": "baseline",
          "submission": "fa2sw_precache_kenyan",
          "override_env": {}
        },
        {
          "run_idx": 1,
          "t_start_utc": "2026-06-14T02:35:26.501781+00:00",
          "seed": 1,
          "num_prompts": 128,
          "output_len": 512,
          "num_completion_tokens": 65536,
          "decode_duration_s": 144.3277690410614,
          "wall_around_decode_s": 152.71706366539001,
          "wall_tps": 454.0775516411879,
          "steady_gen_tps_mean": 451.88571428571424,
          "steady_gen_tps_mean_nonzero": 451.88571428571424,
          "steady_gen_tps_n": 14,
          "gen_tps_series": [
            373.7,
            452.8,
            439.6,
            435.5,
            482.4,
            478.0,
            438.6,
            503.4,
            451.3,
            454.3,
            445.6,
            456.9,
            476.7,
            437.6
          ],
          "e_accept_exact": 3.850825042465421,
          "e_accept_interval_mean": 3.8514285714285714,
          "num_speculative_tokens": 7,
          "total_accepted_tokens": 46993,
          "total_drafted_tokens": 115388,
          "intervals": 14,
          "clock": {
            "n_samples": 621,
            "n_load_samples": 577,
            "sm_clock_mhz": {
              "mean": 1710.0,
              "min": 1710.0,
              "max": 1710.0
            },
            "sm_clock_mhz_load": {
              "mean": 1710.0,
              "min": 1710.0,
              "max": 1710.0
            },
            "mem_clock_mhz_load": {
              "mean": 6251.0,
              "min": 6251.0,
              "max": 6251.0
            },
            "temp_c": {
              "mean": 52.42512077294686,
              "min": 37.0,
              "max": 58.0
            },
            "power_w_load": {
              "mean": 164.96991334488735,
              "min": 62.37,
              "max": 182.49
            },
            "util_pct": {
              "mean": 92.3220611916264,
              "min": 0.0,
              "max": 100.0
            }
          },
          "log_offset_start": 0,
          "server_ready_s": 90.019371509552,
          "arm": "baseline",
          "submission": "fa2sw_precache_kenyan",
          "override_env": {}
        },
        {
          "run_idx": 2,
          "t_start_utc": "2026-06-14T02:39:33.222480+00:00",
          "seed": 1,
          "num_prompts": 128,
          "output_len": 512,
          "num_completion_tokens": 65536,
          "decode_duration_s": 144.32527542114258,
          "wall_around_decode_s": 152.57758259773254,
          "wall_tps": 454.08539709184896,
          "steady_gen_tps_mean": 450.9142857142857,
          "steady_gen_tps_mean_nonzero": 450.9142857142857,
          "steady_gen_tps_n": 14,
          "gen_tps_series": [
            361.7,
            453.8,
            440.4,
            437.1,
            481.2,
            476.5,
            440.9,
            504.3,
            448.2,
            453.1,
            448.3,
            454.3,
            474.0,
            439.0
          ],
          "e_accept_exact": 3.8511673151750974,