{
  "tau": 0.5,
  "stark_tf_fire_frac": 0.078,
  "headline_k": 5,
  "served_fire_frac_overall": 0.0727386474609375,
  "served_fire_frac_ci95": [
    0.066619873046875,
    0.078948974609375
  ],
  "per_k_fire_frac": {
    "3": 0.0728607177734375,
    "5": 0.0727386474609375,
    "7": 0.072906494140625
  },
  "k_spread_pp": 0.0001678466796875,
  "k_independent": true,
  "post_over_pre_amplification": 1.5222469166168873,
  "crosscheck_wall_tps": 141.04730124997434,
  "stays_above_locked": true,
  "verdict": "FIRE_TAX_CHEAP",
  "per_k": {
    "k3": {
      "k": 3,
      "n_prompts": 128,
      "total_positions": 65536,
      "total_fires": 4775,
      "served_fire_frac": 0.0728607177734375,
      "ci95_boot": [
        0.066864013671875,
        0.078948974609375
      ],
      "ci95_wilson_naive": [
        0.07089573660737428,
        0.07487577224534166
      ],
      "n_sha_ok": 128,
      "byte_exact_fire_frac": 0.0728607177734375,
      "pre_div_positions": 27757,
      "pre_div_fires": 1592,
      "pre_div_fire_frac": 0.05735490146629679,
      "post_div_positions": 37779,
      "post_div_fires": 3183,
      "post_div_fire_frac": 0.0842531565155245,
      "fires_per_prompt_mean": 37.3046875,
      "fires_per_prompt_median": 37.0,
      "fires_per_prompt_min": 5,
      "fires_per_prompt_max": 86,
      "fires_per_prompt_p95": 69,
      "n_prompts_zero_fire": 0,
      "mean_inter_fire_gap": 12.850441144824618,
      "median_inter_fire_gap": 6,
      "fires_per_prompt_hist": [
        41,
        52,
        41,
        50,
        57,
        65,
        22,
        73,
        14,
        61,
        33,
        41,
        31,
        6,
        67,
        33,
        59,
        12,
        57,
        17,
        62,
        33,
        44,
        38,
        22,
        45,
        39,
        20,
        22,
        30,
        55,
        60,
        61,
        50,
        47,
        36,
        60,
        16,
        23,
        23,
        25,
        26,
        19,
        16,
        73,
        21,
        24,
        58,
        39,
        19,
        25,
        41,
        44,
        12,
        22,
        86,
        26,
        73,
        69,
        30,
        52,
        66,
        22,
        56,
        24,
        18,
        56,
        28,
        19,
        55,
        45,
        70,
        12,
        40,
        42,
        27,
        53,
        26,
        46,
        41,
        35,
        17,
        13,
        46,
        24,
        68,
        37,
        11,
        5,
        46,
        33,
        35,
        26,
        52,
        41,
        41,
        18,
        54,
        45,
        20,
        13,
        35,
        57,
        59,
        18,
        37,
        19,
        13,
        49,
        56,
        11,
        12,
        41,
        31,
        37,
        47,
        69,
        46,
        16,
        24,
        20,
        23,
        37,
        24,
        61,
        42,
        37,
        10
      ],
      "tax_crosscheck": {
        "stark_implied_overhead_ratio_r": 3.089080459770117,
        "crosscheck_wall_tps": 141.00388600817624,
        "delta_vs_stark_proj": 1.8038860081762493,
        "stays_above_locked_126p378": true,
        "fire_frac_breakeven_to_locked": 0.11875761420058756
      }
    },
    "k5": {
      "k": 5,
      "n_prompts": 128,
      "total_positions": 65536,
      "total_fires": 4767,
      "served_fire_frac": 0.0727386474609375,
      "ci95_boot": [
        0.066619873046875,
        0.078948974609375
      ],
      "ci95_wilson_naive": [
        0.07077520995383015,
        0.07475217258412215
      ],
      "n_sha_ok": 125,
      "byte_exact_fire_frac": 0.072328125,
      "pre_div_positions": 27392,
      "pre_div_fires": 1528,
      "pre_div_fire_frac": 0.055782710280373834,
      "post_div_positions": 38144,
      "post_div_fires": 3239,
      "post_div_fire_frac": 0.08491505872483221,
      "fires_per_prompt_mean": 37.2421875,
      "fires_per_prompt_median": 36.5,
      "fires_per_prompt_min": 6,
      "fires_per_prompt_max": 86,
      "fires_per_prompt_p95": 69,
      "n_prompts_zero_fire": 0,
      "mean_inter_fire_gap": 12.86333261478767,
      "median_inter_fire_gap": 6,
      "fires_per_prompt_hist": [
        37,
        57,
        44,
        50,
        57,
        65,
        23,
        69,
        14,
        62,
        33,
        40,
        31,
        6,
        67,
        33,
        59,
        12,
        57,
        16,
        62,
        33,
        44,
        42,
        21,
        46,
        39,
        19,
        22,
        33,
        53,
        61,
        61,
        51,
        32,
        36,
        60,
        16,
        22,
        21,
        25,
        26,
        19,
        16,
        73,
        21,
        24,
        61,
        38,
        19,
        31,
        41,
        44,
        12,
        24,
        86,
        31,
        71,
        64,
        30,
        52,
        73,
        21,
        56,
        24,
        18,
        55,
        16,
        20,
        55,
        46,
        70,
        11,
        40,
        42,
        25,
        50,
        26,
        46,
        42,
        34,
        17,
        13,
        46,
        24,
        68,
        37,
        11,
        6,
        46,
        33,
        37,
        30,
        52,
        41,
        37,
        18,
        55,
        45,
        19,
        15,
        34,
        54,
        69,
        18,
        38,
        20,
        12,
        48,
        56,
        11,
        11,
        41,
        31,
        37,
        52,
        68,
        47,
        16,
        31,
        19,
        24,
        38,
        24,
        54,
        34,
        36,
        10
      ],
      "tax_crosscheck": {
        "stark_implied_overhead_ratio_r": 3.089080459770117,
        "crosscheck_wall_tps": 141.04730124997434,
        "delta_vs_stark_proj": 1.8473012499743504,
        "stays_above_locked_126p378": true,
        "fire_frac_breakeven_to_locked": 0.11875761420058756
      }
    },
    "k7": {
      "k": 7,
      "n_prompts": 128,
      "total_positions": 65536,
      "total_fires": 4778,
      "served_fire_frac": 0.072906494140625,
      "ci95_boot": [
        0.066864013671875,
        0.0790557861328125
      ],
      "ci95_wilson_naive": [
        0.07094093452133458,
        0.07492212169941771
      ],
      "n_sha_ok": 128,
      "byte_exact_fire_frac": 0.072906494140625,
      "pre_div_positions": 24814,
      "pre_div_fires": 1340,
      "pre_div_fire_frac": 0.05400177319255259,
      "post_div_positions": 40722,
      "post_div_fires": 3438,
      "post_div_fire_frac": 0.08442610873729188,
      "fires_per_prompt_mean": 37.328125,
      "fires_per_prompt_median": 35.5,
      "fires_per_prompt_min": 7,
      "fires_per_prompt_max": 73,
      "fires_per_prompt_p95": 70,
      "n_prompts_zero_fire": 0,
      "mean_inter_fire_gap": 12.85483870967742,
      "median_inter_fire_gap": 6.0,