{
  "config": "default",
  "run_idx": 0,
  "extra_env": {
    "PRECACHE_BENCH": "0",
    "DISABLE_LOG_STATS": "0",
    "VLLM_USE_FLASHINFER_SAMPLER": "0"
  },
  "num_prompts": 128,
  "output_len": 512,
  "tokenizer": "/tmp/osoi5-v0-baked",
  "ts": "20260614T002025Z",
  "serve_ready_s": 90.1,
  "decode_capture_s": 152.6,
  "decode_num_records": 128,
  "decode_completion_tokens": 65536,
  "decode_duration_s": 144.17642998695374,
  "acceptance": {
    "e_accept": 3.8540616574844684,
    "accept_rate": 0.40772309392635264
  },
  "bench": {
    "tps": 489.9017633111684,
    "completed": 128,
    "duration_s": 133.77375814500556,
    "total_output_tokens": 65536,
    "mean_e2e_latency_ms": 1044.8799728042104
  },
  "ppl": 2.376976138392039,
  "ppl_num_tokens": 61797,
  "ok": true
}