{
  "pr": 383,
  "agent": "denken",
  "kind": "demand-residual-honest-base",
  "analysis_only": true,
  "no_launch": true,
  "no_hf_job": true,
  "no_submission": true,
  "no_served_file_change": true,
  "gpu_used": false,
  "official_tps_expected": 0,
  "inputs": {
    "mu_p_public": 481.53,
    "mu_v_private": 460.85,
    "gap_measured": 0.04294644155088978,
    "k_cal": 125.26795005202914,
    "e_t_realized": 3.844,
    "rho_deployed_318": 0.9570535584491102,
    "rho_priv": 0.9421,
    "rho_lb": 0.8038,
    "base_deployable_floor": 469.68,
    "base_deployable_offtheshelf": 357.32,
    "base_plus_attn_rebuild": 480.83675474528303,
    "eta_attn_378": 0.0215,
    "attn_rebuild_roi_tps": 11.156754745283001,
    "base_eta_revival_377ref": 518.9188253620001,
    "cov_prior": 0.8902659519153152,
    "identity_bar": 0.9213011665456927,
    "cov_budget_336": 0.031035214630377506,
    "cstar_central": 0.9089,
    "cstar_worst": 0.9256,
    "s_central": 7.912609135742992,
    "s_worst": 4.172857261001455,
    "a1_marginal_289": 3.9097333761644713,
    "slope_379_tps_per_cov": 489.76448056537095,
    "gap_bucket_acceptance_pct": 85.25171082960598,
    "gap_irreducible_floor_pct": 0.6333865388319535,
    "rho_max_demand": 0.9936661346116805,
    "kappa_gap_377": 0.3913684248461045,
    "kappa_realized_transfer_377": 0.6716346752190123,
    "residual_544_377": 5.438733615047738,
    "dcov_central_377": 0.005647142947793298,
    "dcov_robust_377": 0.010708162797026063,
    "rec_target_377": 0.9009741147123412,
    "p_deliver_central_380": 0.958,
    "p_deliver_robust_380": 0.811,
    "pilot_gpu_hr_352": 25.0,
    "source_378_run": "gghmgtk9",
    "source_377_run": "030uc5mk",
    "source_379_run": "5kpb73tb",
    "source_380_run": "00oijpwg",
    "source_373_run": "oqs8lddd"
  },
  "bases": {
    "deployable_floor": {
      "base_public_strict": 469.68,
      "private_strict_at_base_regression_central": 450.16556413463337,
      "private_strict_at_base_regression_conservative": 451.73403614416554,
      "private_strict_at_base_haircut_318": 449.5089153323781,
      "residual_to_private_500_regression_central": 49.83443586536663,
      "residual_to_private_500_regression_conservative": 48.26596385583446,
      "residual_to_private_500_haircut_318": 50.49108466762192,
      "required_coverage_delta_central": 0.05716864498666053,
      "required_coverage_delta_worst": 0.10840369423298618,
      "required_coverage_delta_haircut": 0.0545682538178674,
      "required_coverage_delta_379_a1slope": 0.11569923037648813,
      "required_dcov_within_336_central": false,
      "required_dcov_frac_of_336_central": 1.8420573425228843,
      "required_dcov_exceeds_336": true,
      "delta_et_needed_central": 0.4523531425994979,
      "pstar_public_for_private_500": 524.9508699313559,
      "max_private_at_full_budget_central": 483.27575470330055,
      "max_private_at_full_budget_central_haircut": 484.2945509309382,
      "max_private_at_full_budget_worst": 470.32704386788834,
      "public_strict_at_full_budget_central": 499.68496708514886,
      "demand_reaches_500_at_full_budget_central": false,
      "demand_reaches_500_at_full_budget_worst": false,
      "rho_to_1_cap_no_et_credit": 469.68,
      "rho_to_1_cap_clears_500": false
    },
    "deployable_offtheshelf": {
      "base_public_strict": 357.32,
      "private_strict_at_base_regression_central": 348.85727604749445,
      "private_strict_at_base_regression_conservative": 365.297774638548,
      "private_strict_at_base_haircut_318": 341.97437750503605,
      "residual_to_private_500_regression_central": 151.14272395250555,
      "residual_to_private_500_regression_conservative": 134.702225361452,
      "residual_to_private_500_haircut_318": 158.02562249496395,
      "required_coverage_delta_central": 0.22790840374519689,
      "required_coverage_delta_worst": 0.43216194678896264,
      "required_coverage_delta_haircut": 0.22449031428992208,
      "required_coverage_delta_379_a1slope": 0.46124631632962415,
      "required_dcov_within_336_central": false,
      "required_dcov_frac_of_336_central": 7.3435420524567085,
      "required_dcov_exceeds_336": true,
      "delta_et_needed_central": 1.8033501175868472,
      "pstar_public_for_private_500": 524.9508699313559,
      "max_private_at_full_budget_central": 374.1276372550301,
      "max_private_at_full_budget_central_haircut": 368.4383600294729,
      "max_private_at_full_budget_worst": 364.27660387973305,
      "public_strict_at_full_budget_central": 380.1469775993557,
      "demand_reaches_500_at_full_budget_central": false,
      "demand_reaches_500_at_full_budget_worst": false,
      "rho_to_1_cap_no_et_credit": 357.32,
      "rho_to_1_cap_clears_500": false
    },
    "plus_attn_rebuild": {
      "base_public_strict": 480.83675474528303,
      "private_strict_at_base_regression_central": 460.22494223940987,
      "private_strict_at_base_regression_conservative": 460.3167005328921,
      "private_strict_at_base_haircut_318": 460.1865271620952,
      "residual_to_private_500_regression_central": 39.77505776059013,
      "residual_to_private_500_regression_conservative": 39.68329946710787,
      "residual_to_private_500_haircut_318": 39.81347283790478,
      "required_coverage_delta_central": 0.04457009721350883,
      "required_coverage_delta_worst": 0.08451421564032269,
      "required_coverage_delta_haircut": 0.04203004237763059,
      "required_coverage_delta_379_a1slope": 0.09020199703196528,
      "required_dcov_within_336_central": false,
      "required_dcov_frac_of_336_central": 1.436113709678788,
      "required_dcov_exceeds_336": true,
      "delta_et_needed_central": 0.35266575839256326,
      "pstar_public_for_private_500": 524.9508699313559,
      "max_private_at_full_budget_central": 494.1135864697629,
      "max_private_at_full_budget_central_haircut": 495.79845897303807,
      "max_private_at_full_budget_worst": 480.85729261813043,
      "public_strict_at_full_budget_central": 511.55445828697526,
      "demand_reaches_500_at_full_budget_central": false,
      "demand_reaches_500_at_full_budget_worst": false,
      "rho_to_1_cap_no_et_credit": 480.83675474528303,
      "rho_to_1_cap_clears_500": false
    },
    "eta_revival": {
      "base_public_strict": 518.9188253620001,
      "private_strict_at_base_regression_central": 494.56126638495226,
      "private_strict_at_base_regression_conservative": 489.61246249891167,
      "private_strict_at_base_haircut_318": 496.6331083589346,
      "residual_to_private_500_regression_central": 5.438733615047738,
      "residual_to_private_500_regression_conservative": 10.387537501088332,
      "residual_to_private_500_haircut_318": 3.366891641065422,
      "required_coverage_delta_central": 0.005647142947793298,
      "required_coverage_delta_worst": 0.010708162797026063,
      "required_coverage_delta_haircut": 0.003293495971685324,
      "required_coverage_delta_379_a1slope": 0.011428818945037993,
      "required_dcov_within_336_central": true,
      "required_dcov_frac_of_336_central": 0.18195920392526724,
      "required_dcov_exceeds_336": false,
      "delta_et_needed_central": 0.04468363487955586,
      "pstar_public_for_private_500": 524.9508699313559,
      "max_private_at_full_budget_central": 531.107056711368,
      "max_private_at_full_budget_central_haircut": 535.0654903302244,
      "max_private_at_full_budget_worst": 516.8008699104306,
      "public_strict_at_full_budget_central": 552.0693582244829,
      "demand_reaches_500_at_full_budget_central": true,
      "demand_reaches_500_at_full_budget_worst": true,
      "rho_to_1_cap_no_et_credit": 518.9188253620001,
      "rho_to_1_cap_clears_500": true
    }
  },
  "reconciliation_377": {
    "old_base_518_92": 518.9188253620001,
    "private_at_518_92_regression_central": 494.56126638495226,
    "residual_to_private_500_at_518_92": 5.438733615047738,
    "delta_et_at_518_92": 0.04468363487955586,