{
  "all_full_length_r1": true,
  "all_full_length_r2": true,
  "port": 8012,
  "prefix_cache": "on",
  "self_determinism_r1_vs_r2": {
    "byte_exact": false,
    "first_divergence_positions": [
      419,
      329,
      107,
      0,
      252,
      143,
      260,
      79,
      80,
      118,
      35,
      146,
      400,
      93,
      181,
      25,
      236,
      366,
      10,
      111,
      79,
      325,
      42,
      426,
      178,
      51,
      213,
      168,
      127,
      101,
      232,
      120
    ],
    "min_first_divergence": 0,
    "mismatch_indices": [
      0,
      2,
      3,
      4,
      5,
      7,
      8,
      10,
      11,
      14,
      15,
      17,
      23,
      24,
      25,
      26,
      27,
      29,
      32,
      33,
      35,
      37,
      39,
      40,
      43,
      44,
      45,
      47,
      48,
      51,
      57,
      59
    ],
    "n_compared": 64,
    "n_prompt_sha_mismatch": 0,
    "n_token_mismatch": 34,
    "prompt_sha_parity": true
  },
  "served": true,
  "warm_median_tps_r1": 127.80084375301739,
  "warm_median_tps_r2": 128.47087093586148
}