{
  "config": {
    "pr": 463,
    "agent": "lawine",
    "kind": "ceiling-readpeak-reanchor",
    "seeds": [
      101,
      202,
      303,
      404,
      505,
      606,
      707
    ],
    "n_seeds_ok": 7,
    "iters": 50,
    "warmup": 40,
    "rounds": 9,
    "device": "NVIDIA A10G",
    "sm": "86",
    "torch": "2.11.0+cu130",
    "analysis_only": true,
    "no_served_file_change": true,
    "method": "ubel#450 measure_peak_bw STREAM read (1 GiB bf16, torch.sum) across N>=5 FRESH subprocesses/seeds; #457 ceiling composition round-tripped, read-peak leg re-derived. No serve change, no HF Job, no submission. Greedy/PPL pinned by construction."
  },
  "round_tripped_constants": {
    "GEMM_US": 4152.955017089844,
    "GEMM_BYTES": 1799331840.0,
    "ACHIEVED_GEMM_BW": 433.2654296989882,
    "CYCLE_WALL_US": 7903.0,
    "REALIZED_FRONTIER_TPS": 467.14,
    "DEPLOYED_TPS": 481.53,
    "LAMBDA1_CEILING_TPS": 520.953,
    "PEAK_READ_450": 517.5801601788328,
    "SPEC_BW": 600.0,
    "CEIL_READPEAK_450": 510.8724230449973,
    "SIGMA_HW": 4.8153,
    "CEIL_READPEAK_457": 510.8724230449973,
    "CEIL_SPEC_457": 520.9527323111674,
    "DEMAND_RAW_457": 551.7124657582939
  },
  "per_seed": [
    {
      "seed": 101,
      "device": "NVIDIA A10G",
      "sm": "86",
      "torch": "2.11.0+cu130",
      "read_bw_gbps": 517.1105064199345,
      "read_bw_gbps_rounds": [
        516.2753948650187,
        517.1410984639232,
        516.9065633221768,
        517.136005872571,
        517.0595150580308,
        517.0646061429724,
        517.1462291611153,
        517.1258209907592,
        517.1105064199345
      ],
      "copy_bw_gbps": 482.7342369755231,
      "bf16gemm_m8_gbps": 382.59117279502397,
      "peak_vram_gib": 2.509535312652588,
      "rounds": 9,
      "iters": 50,
      "warmup": 40
    },
    {
      "seed": 202,
      "device": "NVIDIA A10G",
      "sm": "86",
      "torch": "2.11.0+cu130",
      "read_bw_gbps": 517.1410984639232,
      "read_bw_gbps_rounds": [
        517.1972376284352,
        517.1410984639232,
        517.2839599096233,
        517.1564148468357,
        516.5755223669668,
        517.0901010688826,
        517.0340231480197,
        517.0747886136293,
        517.1564148468357
      ],
      "copy_bw_gbps": 482.7408933607502,
      "bf16gemm_m8_gbps": 382.7804942396299,
      "peak_vram_gib": 2.509535312652588,
      "rounds": 9,
      "iters": 50,
      "warmup": 40
    },
    {
      "seed": 303,
      "device": "NVIDIA A10G",
      "sm": "86",
      "torch": "2.11.0+cu130",
      "read_bw_gbps": 517.136005872571,
      "read_bw_gbps_rounds": [
        517.0646061429724,
        517.1513219538218,
        517.0850094818785,
        517.1666009337974,
        517.136005872571,
        517.1105064199345,
        517.1666009337974,
        517.1819188274042,
        517.0492951976087
      ],
      "copy_bw_gbps": 482.68311145997404,
      "bf16gemm_m8_gbps": 382.55223638743496,
      "peak_vram_gib": 2.509535312652588,
      "rounds": 9,
      "iters": 50,
      "warmup": 40
    },
    {
      "seed": 404,
      "device": "NVIDIA A10G",
      "sm": "86",
      "torch": "2.11.0+cu130",
      "read_bw_gbps": 517.1206906985032,
      "read_bw_gbps_rounds": [
        517.1003225425006,
        517.0136238325125,
        517.1462291611153,
        517.1410984639232,
        517.136005872571,
        517.0850094818785,
        517.1462291611153,
        517.0799179951432,
        517.1206906985032
      ],
      "copy_bw_gbps": 482.70758015794297,
      "bf16gemm_m8_gbps": 382.4409443704149,
      "peak_vram_gib": 2.509535312652588,
      "rounds": 9,
      "iters": 50,
      "warmup": 40
    },
    {
      "seed": 505,
      "device": "NVIDIA A10G",
      "sm": "86",
      "torch": "2.11.0+cu130",
      "read_bw_gbps": 517.1054144310773,
      "read_bw_gbps_rounds": [
        517.1258209907592,
        517.1768254320601,
        517.1054144310773,
        517.0646061429724,
        517.1717321370385,
        517.0951927561586,
        517.0799179951432,
        517.0595150580308,
        517.1206906985032
      ],
      "copy_bw_gbps": 482.7253620807625,
      "bf16gemm_m8_gbps": 382.38534335387715,
      "peak_vram_gib": 2.509535312652588,
      "rounds": 9,
      "iters": 50,
      "warmup": 40
    },
    {
      "seed": 606,
      "device": "NVIDIA A10G",
      "sm": "86",
      "torch": "2.11.0+cu130",
      "read_bw_gbps": 517.1309133815174,
      "read_bw_gbps_rounds": [
        517.0747886136293,
        517.1155985090755,
        517.1309133815174,
        517.1768254320601,
        517.1513219538218,
        517.1564148468357,
        517.1309133815174,
        517.1309133815174,
        517.2023314258465
      ],
      "copy_bw_gbps": 482.7231102936968,
      "bf16gemm_m8_gbps": 382.2297299246474,
      "peak_vram_gib": 2.509535312652588,
      "rounds": 9,
      "iters": 50,
      "warmup": 40
    },
    {
      "seed": 707,
      "device": "NVIDIA A10G",
      "sm": "86",
      "torch": "2.11.0+cu130",
      "read_bw_gbps": 517.0901010688826,
      "read_bw_gbps_rounds": [
        517.018714013779,
        517.2278399355531,
        517.0901010688826,
        517.1717321370385,
        517.1105064199345,
        517.0696973281708,
        517.1309133815174,
        516.8912997030227,
        517.0747886136293
      ],
      "copy_bw_gbps": 482.70536164869355,
      "bf16gemm_m8_gbps": 382.5577923228985,
      "peak_vram_gib": 2.509535312652588,
      "rounds": 9,
      "iters": 50,
      "warmup": 40
    }
  ],
  "read_peak_summary": {
    "median_gbps": 517.1206906985032,
    "mean_gbps": 517.1192471909155,
    "sigma_gbps": 0.01696112366493734,
    "sample_sd_gbps": 0.018320107404348016,
    "ci95_gbps": 0.013571725491491405,
    "min_gbps": 517.0901010688826,
    "max_gbps": 517.1410984639232
  },
  "brackets": {
    "a_my_median": {
      "read_peak_gbps": 517.1206906985032,
      "saved_us": 673.4349120839038,
      "new_wall_us": 7229.565087916097,
      "speedup": 1.093150127828508,
      "tps_uncapped": 510.65415071380926,
      "tps_capped": 510.65415071380926,
      "binds_at_lambda1": false,
      "headroom_frac": 0.1621580078071273,
      "headroom_over_deployed": 29.124150713809286,
      "headroom_over_realized": 43.51415071380927
    },
    "b_450_517p58": {
      "read_peak_gbps": 517.5801601788328,
      "saved_us": 676.5237733221147,
      "new_wall_us": 7226.476226677885,
      "speedup": 1.0936173803249503,
      "tps_uncapped": 510.8724230449973,
      "tps_capped": 510.8724230449973,
      "binds_at_lambda1": false,
      "headroom_frac": 0.16290178211373552,
      "headroom_over_deployed": 29.342423044997304,
      "headroom_over_realized": 43.73242304499729
    },
    "c_spec_600": {
      "read_peak_gbps": 600.0,
      "saved_us": 1154.0686170898439,
      "new_wall_us": 6748.931382910156,
      "speedup": 1.1710002001223796,
      "tps_uncapped": 547.0210334851683,
      "tps_capped": 520.953,
      "binds_at_lambda1": true,
      "headroom_frac": 0.27789095050168633,
      "headroom_over_deployed": 39.423,
      "headroom_over_realized": 53.81299999999999
    }
  },
  "ceiling_sigma_envelope": {
    "reanchored_ceiling_tps": 510.65415071380926,
    "ceiling_sigma_from_read_tps": 0.008061145321704544,
    "ceiling_lo_from_read": 510.64608943134135,
    "ceiling_hi_from_read": 510.66221172198476,
    "anchor_band_lo": 506.0571230449973,
    "anchor_band_hi": 515.6877230449973,
    "sigma_hw_tps": 4.8153
  },
  "verdict": {
    "reanchored_read_peak_gbps": 517.1206906985032,
    "read_peak_reproduces_450": true,
    "reanchored_ceiling_tps": 510.65415071380926,
    "ceiling_holds_within_sigma_hw": true,
    "achieved_bw_headroom_frac": 0.1621580078071273,
    "ceiling_reanchor_self_test_passes": true,
    "analysis_only": true,
    "no_served_file_change": true,
    "official_tps": 0,
    "ppl": 2.3772,
    "n_seeds_ok": 7,
    "read_peak_mean_gbps": 517.1192471909155,