{"output_len": 48, "num_records": 4, "per_request": [{"index": 0, "t_tokenize_s": 0.08329179603606462, "t_request_s": 0.22349960601422936, "num_prompt_tokens": 256, "num_completion_tokens": 48, "completion_token_ids": [8291, 563, 496, 2918, 236772, 2003, 236772, 9340, 3671, 531, 6054, 506, 4338, 15569, 236787, 108, 236770, 236761, 138, 1018, 102752, 506, 10065, 53121, 669, 1948, 6178, 236743, 236800, 18060, 531, 2754, 25630, 236761, 107, 236778, 236761, 138, 1018, 102752, 506, 2644, 529, 236743, 236800, 18060, 53121, 107]}, {"index": 1, "t_tokenize_s": 0.00112398702185601, "t_request_s": 0.2968005230068229, "num_prompt_tokens": 388, "num_completion_tokens": 48, "completion_token_ids": [8291, 563, 496, 2918, 236772, 2003, 236772, 9340, 3671, 531, 6054, 506, 32879, 8485, 236787, 108, 236770, 236761, 138, 1018, 115863, 506, 4068, 5371, 53121, 562, 1806, 236772, 3704, 20850, 7686, 691, 10227, 236761, 669, 1941, 815, 44911, 236761, 107, 236778, 236761, 138, 1018, 115863, 506, 13323, 7419]}, {"index": 2, "t_tokenize_s": 0.000829213997349143, "t_request_s": 0.3531498229713179, "num_prompt_tokens": 457, "num_completion_tokens": 48, "completion_token_ids": [818, 23766, 83049, 103384, 13842, 506, 4920, 236772, 197364, 82123, 529, 496, 19261, 1049, 1001, 551, 568, 10475, 83049, 236768, 531, 1183, 496, 94798, 10615, 568, 47896, 496, 101910, 653, 108672, 236768, 1343, 496, 24685, 10751, 18276, 532, 13323, 236743, 236770, 236764, 236778, 236772, 17631, 529, 614, 42819]}, {"index": 3, "t_tokenize_s": 0.0007943529635667801, "t_request_s": 0.2622711480362341, "num_prompt_tokens": 231, "num_completion_tokens": 48, "completion_token_ids": [818, 2934, 19565, 573, 506, 5905, 7821, 529, 506, 11724, 236772, 17005, 5296, 529, 25118, 13963, 528, 3736, 64344, 236761, 108, 236770, 236761, 138, 1018, 141198, 178745, 236772, 20505, 34010, 53121, 799, 496, 11724, 236772, 17005, 64344, 1996, 236764, 506, 637, 918, 563, 6212, 607, 496, 1076, 529]}]}