{
  "K_safe": 8,
  "Ms": [
    1,
    2,
    4,
    8
  ],
  "a10g_hbm_peak_gbps": 600.0,
  "analysis_only": true,
  "anchors": {
    "anchor_base_fullhead_252": 252.31,
    "anchor_base_fullhead_254": 253.78,
    "head_gemm_ms_incontext_m8": 2.8382,
    "proj_549_gain_band": [
      28.251525006837994,
      43.68323839224104
    ],
    "proj_549_gain_central": 40.10024690129677,
    "tps_warm_median_m1": 264.8195659618872,
    "wall_per_step_ms_served": 14.871
  },
  "bf16_head_bytes": 1342177280,
  "created_at": "20260617T050604Z",
  "device": "NVIDIA A10G",
  "group_size": 128,
  "hidden": 2560,
  "int4_weight_read_bytes": 346030080,
  "int4_weight_read_gb": 0.34603008,
  "iters": 20,
  "model_dir": "/senpai-run/home/student-fern/.cache/huggingface/hub/models--google--gemma-4-E4B-it-qat-w4a16-ct/snapshots/ef0a4c43726bde42a3ca04fd300397c0b8b3c3f0",
  "official_tps": 0,
  "peak_gpu_gb": 10.747912192,
  "per_M": {
    "1": {
      "M": 1,
      "bf16_gemv_alone": {
        "ci95_halfwidth_ms": 0.0004816820626501704,
        "iters_per_rep": 20,
        "ms_mean": 2.6502050081888835,
        "ms_min": 2.6480640411376952,
        "ms_p10": 2.6486783981323243,
        "ms_p50": 2.6497535705566406,
        "ms_p90": 2.652262306213379,
        "ms_std": 0.0019036189865417833,
        "reps": 60
      },
      "bf16_gemv_alone_bw_GBs": 506.4428132362586,
      "bf16_gemv_alone_latency_ms": 2.6502050081888835,
      "bf16_gemv_alone_pct_of_peak": 0.8440713553937643,
      "bf16_head_argmax_step_latency_ms": 2.660828151702881,
      "bf16_step": {
        "ci95_halfwidth_ms": 0.0003381795651794827,
        "iters_per_rep": 20,
        "ms_mean": 2.660828151702881,
        "ms_min": 2.658252716064453,
        "ms_p10": 2.6595327377319338,
        "ms_p50": 2.66060791015625,
        "ms_p90": 2.6621952056884766,
        "ms_std": 0.0013364936979263287,
        "reps": 60
      },
      "bf16_step_achieved_bw_GBs": 504.42088082277365,
      "cv_int4_nominator_bw_GBs": 510.44353279195957,
      "cv_int4_nominator_bw_GBs_ci95": [
        510.3641418849814,
        510.5229484024631
      ],
      "cv_int4_nominator_pct_of_peak": 0.8507392213199326,
      "cv_step": {
        "ci95_halfwidth_ms": 6.269082711757571e-05,
        "iters_per_rep": 20,
        "ms_mean": 0.755585708618164,
        "ms_min": 0.7550975799560546,
        "ms_p10": 0.7552512168884278,
        "ms_p50": 0.7556096076965332,
        "ms_p90": 0.7559167861938476,
        "ms_std": 0.0002477556422309582,
        "reps": 60
      },
      "cv_step_latency_ms": 0.755585708618164,
      "cv_step_speedup": 3.5215437790228683,
      "gemv_only_speedup": 3.909428934625793,
      "identity_match_on_M_rows": true,
      "int4_gemv": {
        "ci95_halfwidth_ms": 0.0001054524702177195,
        "iters_per_rep": 20,
        "ms_mean": 0.6779008014996847,
        "ms_min": 0.6774784088134765,
        "ms_p10": 0.6775296211242676,
        "ms_p50": 0.677785587310791,
        "ms_p90": 0.6783999919891357,
        "ms_std": 0.00041675067445883803,
        "reps": 60
      },
      "int4_gemv_latency_ms": 0.6779008014996847,
      "verify_tail_alone": {
        "ci95_halfwidth_ms": 0.0008257431439195302,
        "iters_per_rep": 20,
        "ms_mean": 0.2413431465625763,
        "ms_min": 0.23592960834503174,
        "ms_p10": 0.23644158840179444,
        "ms_p50": 0.24145920276641847,
        "ms_p90": 0.24499199390411378,
        "ms_std": 0.003263356576168668,
        "reps": 60
      },
      "verify_tail_latency_ms": 0.2413431465625763
    },
    "2": {
      "M": 2,
      "bf16_gemv_alone": {
        "ci95_halfwidth_ms": 0.00026911382417508985,
        "iters_per_rep": 20,
        "ms_mean": 2.659003721872965,
        "ms_min": 2.656460762023926,
        "ms_p10": 2.657638359069824,
        "ms_p50": 2.658969688415527,
        "ms_p90": 2.660403251647949,
        "ms_std": 0.0010635442441472593,
        "reps": 60
      },
      "bf16_gemv_alone_bw_GBs": 504.76698056465636,
      "bf16_gemv_alone_latency_ms": 2.659003721872965,
      "bf16_gemv_alone_pct_of_peak": 0.8412783009410939,
      "bf16_head_argmax_step_latency_ms": 2.6699733352661132,
      "bf16_step": {
        "ci95_halfwidth_ms": 0.0003170981343635206,
        "iters_per_rep": 20,
        "ms_mean": 2.6699733352661132,
        "ms_min": 2.66823673248291,
        "ms_p10": 2.6687488555908203,
        "ms_p50": 2.6699264526367186,
        "ms_p90": 2.6711551666259767,
        "ms_std": 0.0012531793811258747,
        "reps": 60
      },
      "bf16_step_achieved_bw_GBs": 502.69314014187586,
      "cv_int4_nominator_bw_GBs": 508.29878526055813,
      "cv_int4_nominator_bw_GBs_ci95": [
        508.2107239759592,
        508.3868770684554
      ],
      "cv_int4_nominator_pct_of_peak": 0.8471646421009302,
      "cv_step": {
        "ci95_halfwidth_ms": 0.0001842116460722074,
        "iters_per_rep": 20,
        "ms_mean": 0.763319464524587,
        "ms_min": 0.7627264022827148,
        "ms_p10": 0.762828779220581,
        "ms_p50": 0.7631872177124024,
        "ms_p90": 0.7638527870178222,
        "ms_std": 0.0007280088136888921,
        "reps": 60
      },
      "cv_step_latency_ms": 0.763319464524587,
      "cv_step_speedup": 3.4978452133786924,
      "gemv_only_speedup": 3.9059273743812417,
      "identity_match_on_M_rows": true,
      "int4_gemv": {
        "ci95_halfwidth_ms": 0.00011796032834605635,
        "iters_per_rep": 20,
        "ms_mean": 0.6807611783345541,
        "ms_min": 0.680294418334961,
        "ms_p10": 0.6803967952728271,
        "ms_p50": 0.6806528091430664,
        "ms_p90": 0.6812160015106201,
        "ms_std": 0.00046618202775248465,
        "reps": 60
      },
      "int4_gemv_latency_ms": 0.6807611783345541,
      "verify_tail_alone": {
        "ci95_halfwidth_ms": 0.0007600077634180229,
        "iters_per_rep": 20,
        "ms_mean": 0.23945130864779154,
        "ms_min": 0.23316481113433837,
        "ms_p10": 0.2348031997680664,
        "ms_p50": 0.2401279926300049,
        "ms_p90": 0.2437119960784912,
        "ms_std": 0.0030035687864350498,
        "reps": 60
      },
      "verify_tail_latency_ms": 0.23945130864779154
    },
    "4": {
      "M": 4,
      "bf16_gemv_alone": {
        "ci95_halfwidth_ms": 0.0004646861263000909,
        "iters_per_rep": 20,
        "ms_mean": 2.666902189254761,
        "ms_min": 2.663987159729004,
        "ms_p10": 2.6648576736450194,
        "ms_p50": 2.666700744628906,
        "ms_p90": 2.669055938720703,
        "ms_std": 0.0018364506411978454,
        "reps": 60
      },
      "bf16_gemv_alone_bw_GBs": 503.27203052582064,
      "bf16_gemv_alone_latency_ms": 2.666902189254761,
      "bf16_gemv_alone_pct_of_peak": 0.8387867175430344,
      "bf16_head_argmax_step_latency_ms": 2.6805742931365963,
      "bf16_step": {
        "ci95_halfwidth_ms": 0.0003750652126349035,
        "iters_per_rep": 20,
        "ms_mean": 2.6805742931365963,
        "ms_min": 2.677862358093262,
        "ms_p10": 2.6788864135742188,
        "ms_p50": 2.6805248260498047,
        "ms_p90": 2.6823680877685545,
        "ms_std": 0.0014822666553844133,
        "reps": 60
      },
      "bf16_step_achieved_bw_GBs": 500.7051225688993,
      "cv_int4_nominator_bw_GBs": 504.12370478157806,
      "cv_int4_nominator_bw_GBs_ci95": [
        504.05833384406907,
        504.1890926770995
      ],
      "cv_int4_nominator_pct_of_peak": 0.8402061746359635,
      "cv_step": {
        "ci95_halfwidth_ms": 8.382359476488722e-05,
        "iters_per_rep": 20,
        "ms_mean": 0.7757175461451212,
        "ms_min": 0.7751167774200439,
        "ms_p10": 0.7754240036010742,
        "ms_p50": 0.7756800174713134,
        "ms_p90": 0.7760896205902099,
        "ms_std": 0.0003312728434118851,
        "reps": 60
      },
      "cv_step_latency_ms": 0.7757175461451212,
      "cv_step_speedup": 3.4556061113449594,
      "gemv_only_speedup": 3.8853518513107628,
      "identity_match_on_M_rows": true,