{
  "pr": 560,
  "stage": "3b",
  "n_positions": 60000,
  "identity_vs_served_bf16": {
    "A": 0.9959833333333333,
    "B": 0.99545,
    "C": 0.99545,
    "D": 0.99545
  },
  "identity_vs_fp32_ideal": {
    "A": 1.0,
    "B": 0.9965333333333334,
    "C": 0.9965333333333334,
    "D": 0.9965333333333334
  },
  "mismatch_vs_served_bf16": {
    "A": 241,
    "B": 273,
    "C": 273,
    "D": 273
  },
  "verify_labels": {
    "A": "fp32_input_dot",
    "B": "bf16_bmm",
    "C": "gather_full_bf16",
    "D": "fp32_round_bf16"
  }
}