{
  "analysis_only": true,
  "argmax_identity_rate": 1.0,
  "central_projection_by_basis": {
    "252": {
      "gain": 39.05223894548686,
      "head_savings_ms": 1.9932090289400595,
      "new_wall_ms": 12.877790971059941,
      "realized_tps": 291.36223894548687,
      "wall_speedup": 1.1547787996729693
    },
    "254": {
      "gain": 39.27976378100615,
      "head_savings_ms": 1.9932090289400595,
      "new_wall_ms": 12.877790971059941,
      "realized_tps": 293.05976378100615,
      "wall_speedup": 1.1547787996729693
    },
    "wm265": {
      "gain": 40.98845454949759,
      "head_savings_ms": 1.9932090289400595,
      "new_wall_ms": 12.877790971059941,
      "realized_tps": 305.80802051138477,
      "wall_speedup": 1.1547787996729693
    }
  },
  "central_within_sigma_hw_of_proj40": true,
  "cv_projection_confirmed": true,
  "cv_realized_quality_safe_tps": 291.36223894548687,
  "cv_realized_quality_safe_tps_252": 291.36223894548687,
  "cv_realized_quality_safe_tps_254": 293.05976378100615,
  "cv_realized_quality_safe_tps_wm265": 305.80802051138477,
  "cv_realized_tps_gain": 39.05223894548686,
  "cv_realized_tps_gain_band_252": [
    36.99399011362118,
    40.1114593811501
  ],
  "cv_realized_tps_gain_band_265": [
    38.82815744555313,
    42.100191286171935
  ],
  "cv_realized_tps_gain_basis": "anchor_252.31_central_calibrated_savings",
  "cv_realized_tps_gain_ci95_252": [
    39.03978745156763,
    39.06469150373732
  ],
  "cv_realized_vs_projected_delta": -1.0480079558099078,
  "cv_realized_vs_projected_delta_265basis": 0.8882076482008188,
  "cv_served_tps_is_measured": false,
  "cv_served_tps_is_measured_note": "Stage-1 step microbench + this re-projection is the bankable PRIMARY (PR-sanctioned). Not a full served decode-loop measurement; time-boxed away from a vLLM decode-loop integration per the card.",
  "head_ceiling_holds_at_292": true,
  "head_savings_ms_band": {
    "central_calibrated": 1.9932090289400595,
    "conservative_iso": 1.9015901811917622,
    "optimistic_inctx": 2.039855466556549
  },
  "identity_hard_gate_pass": true,
  "measured_step": {
    "bf16_gemv_alone_ms": 2.681521498362223,
    "bf16_step_ms": 2.699934714635213,
    "cv_int4_nominator_bw_GBs": 499.4758956403276,
    "cv_int4_nominator_pct_of_peak": 0.8324598260672127,
    "cv_step_ms": 0.7983445334434509,
    "cv_step_speedup": 3.3819167057983712,
    "incontext_isolation_calib": 1.05842895599885,
    "int4_gemv_ms": 0.692786344687144
  },
  "method": "measured_step_reprojection",
  "official_tps": 0,
  "operating_point_M": 8,
  "pr": 560,
  "proj_549_gain_band": [
    28.251525006837994,
    43.68323839224104
  ],
  "proj_549_gain_central": 40.10024690129677,
  "proj_549_realized_tps_254": 292.2,
  "sigma_hw_abs_tps": 4.864,
  "stage": 2
}