{
  "K_safe_bf16": 4,
  "K_safe_conservative": 4,
  "K_safe_fp32": 4,
  "K_safe_tested": 8,
  "Ks": [
    1,
    2,
    4,
    6,
    8,
    12,
    16,
    32
  ],
  "analysis_only": true,
  "argmax_identity_rate": 0.9954666666666667,
  "argmax_identity_rate_fp32gold": 0.99645,
  "created_at": "20260617T050857Z",
  "cv_mismatch_count_bf16gold": 272,
  "cv_mismatch_count_fp32gold": 213,
  "dump_path": "/tmp/fullhead_hidden_fern.pt",
  "gold_fp32_vs_bf16_disagreements": 241,
  "gold_tie_frac": 0.004016666666666667,
  "group_size": 128,
  "hidden": 2560,
  "identity_hard_gate_pass": false,
  "miss_rate_by_K_bf16gold": {
    "1": 0.01705,
    "2": 0.0013666666666666666,
    "4": 0.0,
    "6": 0.0,
    "8": 0.0,
    "12": 0.0,
    "16": 0.0,
    "32": 0.0
  },
  "miss_rate_by_K_fp32gold": {
    "1": 0.016033333333333333,
    "2": 0.0014166666666666668,
    "4": 0.0,
    "6": 0.0,
    "8": 0.0,
    "12": 0.0,
    "16": 0.0,
    "32": 0.0
  },
  "model_dir": "/senpai-run/home/student-fern/.cache/huggingface/hub/models--google--gemma-4-E4B-it-qat-w4a16-ct/snapshots/ef0a4c43726bde42a3ca04fd300397c0b8b3c3f0",
  "n_positions": 60000,
  "n_rows_required": 50000,
  "official_tps": 0,
  "peak_gpu_gb": 12.090089472,
  "pr": 560,
  "realized_path": "marlin_uint4b8_g128_kernel",
  "rows_ok": true,
  "stage": 3,
  "vocab": 262144
}