{
  "pr": 379,
  "issue": 319,
  "author": "ubel",
  "leg": "public->private gap structural decomposition: irreducible floor vs 3.2% knife-edge",
  "analysis_only": true,
  "no_hf_job": true,
  "no_launch": true,
  "no_submission": true,
  "no_served_file_change": true,
  "gpu_used": false,
  "tps_added_by_this_card": 0,
  "optional_gpu_accept_leg": "SKIPPED -- floor verdict depends only on NON-acceptance buckets (outlen=0 hard, numerics=0 hard, ctxlen roofline-bounded); the per-distribution accept measurement would only refine bucket (a)'s split, not move the floor.",
  "measured_public_private_accept_gap": null,
  "imported": {
    "official_public": 481.53,
    "private_valid": 460.85,
    "knife_edge_pct": 3.2,
    "K_cal": 125.268,
    "E_T_pub": 3.844,
    "rho_deployed_318": 0.9570535584491102,
    "degradation_pct_318": 4.294644155088978,
    "attn_us_257": 557.9,
    "body_us_257": 4474.19,
    "lmhead_us_257": 131.62,
    "verify_total_us_257": 5163.71,
    "draft_k7_us_257": 704.78,
    "L_ref": 528.0,
    "out_len_fixed_282": 512,
    "a1_only_T2_289": 3.909733376164471,
    "E_T_if_a1_perfect_289": 4.909733376164471,
    "coverage_baseline_336": 0.8903,
    "coverage_bar_336": 0.9213,
    "coverage_budget_336": 0.031,
    "denken_residual_tps_central_373": 5.44,
    "denken_residual_tps_conservative_373": 17.96,
    "proxy_decode_priv_et_258": 3.0898055282313592,
    "delta_p_central_tokens": 50.0
  },
  "decomposition_central": {
    "delta_p_tokens": 50.0,
    "total_gap_frac": 0.04294644155088977,
    "total_gap_pct": 4.294644155088977,
    "step_loss": {
      "delta_p_tokens": 50.0,
      "step_full_us": 7982.884695213463,
      "attn_us_pub": 557.9,
      "attn_us_priv": 610.7314393939395,
      "step_us_priv": 8035.716134607403,
      "attn_frac_of_step": 0.0698870172,
      "g_s_step_loss": 0.006574577611870887
    },
    "r_accept": 0.9633874238374297,
    "r_step": 0.9934254223881291,
    "g_accept": 0.0366125761625703,
    "g_step": 0.006574577611870887,
    "bucket_acceptance_abs_pct": 3.66125761625703,
    "bucket_ctxlen_abs_pct": 0.6333865388319535,
    "bucket_outlen_abs_pct": 0.0,
    "bucket_numerics_abs_pct": 0.0,
    "gap_bucket_acceptance_pct": 85.25171082960598,
    "gap_bucket_ctxlen_pct": 14.748289170394163,
    "gap_bucket_outlen_pct": 0.0,
    "gap_bucket_irreducible_pct": 0.0,
    "buckets_sum_abs_pct": 4.294644155088983,
    "buckets_sum_resid_vs_gap": 6.245004513516506e-17,
    "irreducible_gap_floor_abs_pct": 0.6333865388319535
  },
  "corners": {
    "banked": {
      "delta_p_tokens": 0.0,
      "total_gap_frac": 0.04294644155088977,
      "total_gap_pct": 4.294644155088977,
      "step_loss": {
        "delta_p_tokens": 0.0,
        "step_full_us": 7982.884695213463,
        "attn_us_pub": 557.9,
        "attn_us_priv": 557.9,
        "step_us_priv": 7982.884695213463,
        "attn_frac_of_step": 0.0698870172,
        "g_s_step_loss": 0.0
      },
      "r_accept": 0.9570535584491102,
      "r_step": 1.0,
      "g_accept": 0.04294644155088978,
      "g_step": 0.0,
      "bucket_acceptance_abs_pct": 4.294644155088978,
      "bucket_ctxlen_abs_pct": 0.0,
      "bucket_outlen_abs_pct": 0.0,
      "bucket_numerics_abs_pct": 0.0,
      "gap_bucket_acceptance_pct": 100.00000000000001,
      "gap_bucket_ctxlen_pct": 0.0,
      "gap_bucket_outlen_pct": 0.0,
      "gap_bucket_irreducible_pct": 0.0,
      "buckets_sum_abs_pct": 4.294644155088978,
      "buckets_sum_resid_vs_gap": 6.938893903907228e-18,
      "irreducible_gap_floor_abs_pct": 0.0
    },
    "central": {
      "delta_p_tokens": 50.0,
      "total_gap_frac": 0.04294644155088977,
      "total_gap_pct": 4.294644155088977,
      "step_loss": {
        "delta_p_tokens": 50.0,
        "step_full_us": 7982.884695213463,
        "attn_us_pub": 557.9,
        "attn_us_priv": 610.7314393939395,
        "step_us_priv": 8035.716134607403,
        "attn_frac_of_step": 0.0698870172,
        "g_s_step_loss": 0.006574577611870887
      },
      "r_accept": 0.9633874238374297,
      "r_step": 0.9934254223881291,
      "g_accept": 0.0366125761625703,
      "g_step": 0.006574577611870887,
      "bucket_acceptance_abs_pct": 3.66125761625703,
      "bucket_ctxlen_abs_pct": 0.6333865388319535,
      "bucket_outlen_abs_pct": 0.0,
      "bucket_numerics_abs_pct": 0.0,
      "gap_bucket_acceptance_pct": 85.25171082960598,
      "gap_bucket_ctxlen_pct": 14.748289170394163,
      "gap_bucket_outlen_pct": 0.0,
      "gap_bucket_irreducible_pct": 0.0,
      "buckets_sum_abs_pct": 4.294644155088983,
      "buckets_sum_resid_vs_gap": 6.245004513516506e-17,
      "irreducible_gap_floor_abs_pct": 0.6333865388319535
    },
    "pessimistic": {
      "delta_p_tokens": 130.0,
      "total_gap_frac": 0.04294644155088977,
      "total_gap_pct": 4.294644155088977,
      "step_loss": {
        "delta_p_tokens": 130.0,
        "step_full_us": 7982.884695213463,
        "attn_us_pub": 557.9,
        "attn_us_priv": 695.2617424242425,
        "step_us_priv": 8120.246437637705,
        "attn_frac_of_step": 0.0698870172,
        "g_s_step_loss": 0.016915957351683896
      },
      "r_accept": 0.973521608458741,
      "r_step": 0.9830840426483161,
      "g_accept": 0.026478391541258972,
      "g_step": 0.016915957351683896,
      "bucket_acceptance_abs_pct": 2.647839154125897,
      "bucket_ctxlen_abs_pct": 1.6468050009630772,
      "bucket_outlen_abs_pct": 0.0,
      "bucket_numerics_abs_pct": 0.0,
      "gap_bucket_acceptance_pct": 61.65444815697516,
      "gap_bucket_ctxlen_pct": 38.34555184302478,
      "gap_bucket_outlen_pct": 0.0,
      "gap_bucket_irreducible_pct": 0.0,
      "buckets_sum_abs_pct": 4.2946441550889745,
      "buckets_sum_resid_vs_gap": -2.7755575615628914e-17,
      "irreducible_gap_floor_abs_pct": 1.6468050009630772
    }
  },
  "et_priv_benchmark_from_rho": 3.6789138786783795,
  "et_priv_benchmark_note": "benchmark private E[T]=rho*E_T_pub (4.295% gap); the #258 decode proxy 3.090 is an ADVERSARIAL slice that over-reads 3-5x.",
  "irreducible_gap_floor_pct": 0.6333865388319535,
  "clears_3p2_knife_edge": true,
  "irreducible_floor": {
    "irreducible_gap_floor_pct": 0.6333865388319535,
    "clears_3p2_knife_edge": true,
    "knife_edge_pct": 3.2,
    "total_gap_pct": 4.294644155088977,
    "breakeven_private_prompt_shift_tokens": 252.6103574841727,
    "public_mean_prompt_tokens_est": 272.0,
    "breakeven_shift_as_mult_of_public_mean": 0.9287145495741643,
    "ctxlen_partially_self_offsetting": true
  },
  "irreducible_floor_banked_pct": 0.0,
  "irreducible_floor_pessimistic_pct": 1.6468050009630772,
  "gap_bucket_acceptance_pct": 85.25171082960598,
  "gap_bucket_ctxlen_pct": 14.748289170394163,
  "gap_bucket_outlen_pct": 0.0,
  "gap_bucket_irreducible_pct": 0.0,
  "bucket_acceptance_abs_pct": 3.66125761625703,
  "bucket_ctxlen_abs_pct": 0.6333865388319535,
  "bucket_outlen_abs_pct": 0.0,
  "bucket_numerics_abs_pct": 0.0,
  "gap_shrink_contribution_per_coverage": 489.76448056537095,
  "gap_after_max_coverage_retrain": 1.141632110662564,
  "coverage_target_for_3p2": 0.9010623974566615,
  "coverage_map": {
    "gap_shrink_contribution_per_coverage_tps": 489.76448056537095,
    "gap_shrink_per_0p01_coverage_tps": 4.89764480565371,
    "gap_shrink_per_coverage_gap_pp": 101.7100659492391,
    "slope_basis": "dE[T]/dcov ~ #289 a_1-only T2=3.9097; dTPS/dcov = T2*K_cal",
    "tps_shrink_to_3p2": 5.271039999999914,
    "coverage_delta_for_3p2": 0.01076239745666155,
    "coverage_target_for_3p2": 0.9010623974566615,
    "coverage_3p2_within_336_envelope": true,
    "coverage_budget_336": 0.031,
    "coverage_baseline_336": 0.8903,
    "coverage_delta_for_denken_544": 0.011107379599517325,
    "coverage_delta_for_denken_1796": 0.03667068706017117,
    "denken_544_within_336_envelope": true,
    "gap_after_max_coverage_retrain_pct": 1.141632110662564,
    "tps_gain_at_max_coverage": 15.1826988975265,
    "max_coverage_caps_acceptance_bucket": false,