{
  "activation_hadamard_tax": {
    "hadamard_over_weight_read_frac": 0.0011676059789267335,
    "note": "online activation RHT only; <<1%"
  },
  "agent": "lawine",
  "analysis_only": true,
  "byte_ratio": 0.7846932941272564,
  "cb3_microbench_self_test_passes": true,
  "closes_383_supply_gap_floor": true,
  "created_at": "20260615T180747Z",
  "f_body_complement_pr": 0.8825045903509467,
  "f_body_strict_honest": 0.76240970145034,
  "gpu": {
    "compute_capability": "8.6",
    "is_a10g_80sm": true,
    "is_ga102_sm86": true,
    "name": "NVIDIA A10G",
    "sm_count": 80,
    "total_mem_gib": 22.06
  },
  "inputs": {
    "band_378": [
      357.32166269999993,
      469.6847174760462
    ],
    "cb3_bpw_eff": 3.2368598382749325,
    "cb3_bpw_uniform": 3.125,
    "f_attn_378": 0.09506718019009251,
    "f_draft_378": 0.12009488890060672,
    "f_lmhead_378": 0.022428229458960704,
    "int4_bpw": 4.125,
    "mixed_gate_ppl_372": 2.3811966031692555,
    "ppl_gate": 2.42,
    "step_norm_us_378": 1218.2,
    "supply_floor_383": 17.216386736379093,
    "supply_robust_383": 23.74874176829968
  },
  "kind": "cb3-kernel-realized-bw",
  "lit_bracket_speedup": [
    1.15,
    1.28
  ],
  "m1_is_bw_bound": false,
  "microbench": {
    "aggregate": {
      "bw_bound_threshold": 0.6,
      "count_weighted_marlin_bw_eff": 0.25561637483960586,
      "count_weighted_marlin_eff_gbs": 120.30215424543862,
      "m1_is_bw_bound": false,
      "measured_floor_speedup": 1.058241282158072,
      "roofline_speedup": 1.2743832622046425,
      "total_body_params": 3890216960.0,
      "total_int4_weight_gib": 1.868133544921875
    },
    "all_shapes_finite_ok": true,
    "gpu": {
      "compute_capability": "8.6",
      "is_a10g_80sm": true,
      "is_ga102_sm86": true,
      "name": "NVIDIA A10G",
      "sm_count": 80,
      "total_mem_gib": 22.06
    },
    "peak_copy": {
      "copy_eff_vs_theoretical": 0.7843925903998769,
      "copy_us": 570.3679919242859,
      "moved_bytes": 268435456.0,
      "peak_copy_gbs": 470.63555423992614,
      "peak_theoretical_gbs": 600.0
    },
    "peak_mem_mib": 413.294,
    "per_shape": [
      {
        "cb3_fixed_overhead_us": 55.89453081782051,
        "cb3_roofline_us": 45.800979080836896,
        "cb3_weight_mib": 4.046074797843666,
        "count": 7,
        "finite_ok": true,
        "fixed_overhead_speedup": 1.0442524568896532,
        "in": 2560,
        "int4_weight_mib": 5.15625,
        "marlin_bw_eff": 0.1968223104149954,
        "marlin_eff_gbs": 92.63157714894415,
        "marlin_us": 58.36800113320351,
        "name": "q_full",
        "out": 4096,
        "overhead_us": 46.87987629586132,
        "params": 73400320,
        "transfer_us_at_peak": 11.488124837342184
      },
      {
        "cb3_fixed_overhead_us": 58.15526632217262,
        "cb3_roofline_us": 46.604505286045466,
        "cb3_weight_mib": 2.023037398921833,
        "count": 35,
        "finite_ok": true,
        "fixed_overhead_speedup": 1.0212660905177555,
        "in": 2560,
        "int4_weight_mib": 2.578125,
        "marlin_bw_eff": 0.0967144106200651,
        "marlin_eff_gbs": 45.517240245162135,
        "marlin_us": 59.39200147986412,
        "name": "q_slide",
        "out": 2048,
        "overhead_us": 53.64793906119303,
        "params": 183500800,
        "transfer_us_at_peak": 5.744062418671092
      },
      {
        "cb3_fixed_overhead_us": 70.03763398899483,
        "cb3_roofline_us": 55.44329062012942,
        "cb3_weight_mib": 1.0115186994609164,
        "count": 8,
        "finite_ok": true,
        "fixed_overhead_speedup": 1.0088290757929217,
        "in": 2560,
        "int4_weight_mib": 1.2890625,
        "marlin_bw_eff": 0.040648085733778136,
        "marlin_eff_gbs": 19.130434358108708,
        "marlin_us": 70.65600156784058,
        "name": "kv_full",
        "out": 1024,
        "overhead_us": 67.78397035850503,
        "params": 20971520,
        "transfer_us_at_peak": 2.872031209335546
      },
      {
        "cb3_fixed_overhead_us": 70.3468177784177,
        "cb3_roofline_us": 55.44329062012942,
        "cb3_weight_mib": 0.5057593497304582,
        "count": 40,
        "finite_ok": true,
        "fixed_overhead_speedup": 1.004395135404657,
        "in": 2560,
        "int4_weight_mib": 0.64453125,
        "marlin_bw_eff": 0.020324042866889068,
        "marlin_eff_gbs": 9.565217179054354,
        "marlin_us": 70.65600156784058,
        "name": "kv_slide",
        "out": 512,
        "overhead_us": 69.2199859631728,
        "params": 52428800,
        "transfer_us_at_peak": 1.436015604667773
      },
      {
        "cb3_fixed_overhead_us": 56.918531164481124,
        "cb3_roofline_us": 46.604505286045466,
        "cb3_weight_mib": 4.046074797843666,
        "count": 7,
        "finite_ok": true,
        "fixed_overhead_speedup": 1.043456327223822,
        "in": 4096,
        "int4_weight_mib": 5.15625,
        "marlin_bw_eff": 0.1934288212401302,
        "marlin_eff_gbs": 91.03448049032427,
        "marlin_us": 59.39200147986412,
        "name": "o_full",
        "out": 2560,
        "overhead_us": 47.903876642521936,
        "params": 73400320,
        "transfer_us_at_peak": 11.488124837342184
      },
      {
        "cb3_fixed_overhead_us": 58.15526632217262,
        "cb3_roofline_us": 46.604505286045466,
        "cb3_weight_mib": 2.023037398921833,
        "count": 35,
        "finite_ok": true,
        "fixed_overhead_speedup": 1.0212660905177555,
        "in": 2048,
        "int4_weight_mib": 2.578125,
        "marlin_bw_eff": 0.0967144106200651,
        "marlin_eff_gbs": 45.517240245162135,
        "marlin_us": 59.39200147986412,
        "name": "o_slide",
        "out": 2560,
        "overhead_us": 53.64793906119303,
        "params": 183500800,
        "transfer_us_at_peak": 5.744062418671092
      },
      {
        "cb3_fixed_overhead_us": 59.352324046080014,
        "cb3_roofline_us": 51.42565959408657,
        "cb3_weight_mib": 10.115186994609164,
        "count": 84,
        "finite_ok": true,
        "fixed_overhead_speedup": 1.104185908266315,
        "in": 2560,
        "int4_weight_mib": 12.890625,
        "marlin_bw_eff": 0.4382371851481214,
        "marlin_eff_gbs": 206.25000052073122,
        "marlin_us": 65.5359998345375,
        "name": "gate_up",
        "out": 10240,
        "overhead_us": 36.815687741182046,
        "params": 2202009600,
        "transfer_us_at_peak": 28.720312093355457
      },
      {
        "cb3_fixed_overhead_us": 60.37632439274063,
        "cb3_roofline_us": 52.22918579929514,
        "cb3_weight_mib": 10.115186994609164,
        "count": 42,
        "finite_ok": true,
        "fixed_overhead_speedup": 1.102418884399677,
        "in": 10240,
        "int4_weight_mib": 12.890625,
        "marlin_bw_eff": 0.43149507234328977,
        "marlin_eff_gbs": 203.0769225240812,
        "marlin_us": 66.56000018119812,
        "name": "down",
        "out": 2560,
        "overhead_us": 37.83968808784266,
        "params": 1101004800,
        "transfer_us_at_peak": 28.720312093355457
      }
    ]
  },
  "no_hf_job": true,
  "no_kernel_rebuild": true,
  "no_launch": true,
  "no_served_file_change": true,
  "official_tps": 0.0,
  "peak_mem_mib": 413.294,
  "pr": 388,
  "qtip_beta_byte_proportional": 0.51,
  "realized_body_speedup": 1.2743832622046425,
  "realized_body_speedup_measured_floor": 1.058241282158072,
  "realized_body_speedup_qtip_empirical": 1.1233511704212635,
  "realized_is_roofline_bound": true,