{
  "stage": 1,
  "tree_M": 16,
  "rho2_pinned": 0.4165,
  "aligned_steps": 850,
  "full_accept": 136,
  "divergence_steps": 713,
  "div_at_branch": 425,
  "div_no_branch": 288,
  "branch_hit_correct_count": 150,
  "branch_hit_conflated_count": 19,
  "branch_hit_rate_correct": 0.35294117647058826,
  "branch_hit_rate_conflated": 0.04470588235294118,
  "per_position": {
    "0": {
      "divergences": 265,
      "hits": 93,
      "branch_hit": 0.35094339622641507
    },
    "1": {
      "divergences": 160,
      "hits": 57,
      "branch_hit": 0.35625
    }
  },
  "K": 7,
  "decided_steps": 849,
  "top1_accept": 0.6878680800942285,
  "mean_accepted_len": 2.453474676089517,
  "spine_ladder": {
    "1": {
      "reached": 849,
      "accepted": 584,
      "q": 0.6878680800942285,
      "lambda_vs_top1": 0.9435776132979815
    },
    "2": {
      "reached": 584,
      "accepted": 424,
      "q": 0.726027397260274,
      "lambda_vs_top1": 0.995922355638236
    },
    "3": {
      "reached": 424,
      "accepted": 326,
      "q": 0.7688679245283019,
      "lambda_vs_top1": 1.0546885110127597
    },
    "4": {
      "reached": 326,
      "accepted": 250,
      "q": 0.7668711656441718,
      "lambda_vs_top1": 1.0519494727629244
    },
    "5": {
      "reached": 250,
      "accepted": 200,
      "q": 0.8,
      "lambda_vs_top1": 1.0973936899862826
    },
    "6": {
      "reached": 200,
      "accepted": 163,
      "q": 0.815,
      "lambda_vs_top1": 1.1179698216735254
    },
    "7": {
      "reached": 163,
      "accepted": 136,
      "q": 0.8343558282208589,
      "lambda_vs_top1": 1.1445210263660615
    }
  },
  "skipped": {
    "no_stash": 20,
    "unaligned": 0,
    "read_err": 0
  }
}