{
  "stage": "2b_etboth_perdepth",
  "topology": "PARENT_M16",
  "bar_lambda": 0.978,
  "top1_normaliser": 0.729,
  "branch_hit_pos0": 0.37731196054254007,
  "branch_hit_pos1": 0.41478439425051333,
  "deep_n": {
    "8": 268,
    "9": 192
  },
  "q_ladder_raw": {
    "1": 0.7186958029830038,
    "2": 0.76496138996139,
    "3": 0.7905362776025237,
    "4": 0.819632881085395,
    "5": 0.8331710483609218,
    "6": 0.8340475262952863,
    "7": 0.8510042036431574,
    "8": 0.7164,
    "9": 0.776
  },
  "q_ladder_lambda": {
    "1": 0.9859,
    "2": 1.0493,
    "3": 1.0844,
    "4": 1.1243,
    "5": 1.1429,
    "6": 1.1441,
    "7": 1.1674,
    "8": 0.9827,
    "9": 1.0645
  },
  "min_lambda_q2_q9": 0.9827,
  "deflation_overlap_lambda": {
    "1": 0.4569,
    "2": 0.2733,
    "3": 0.2172,
    "4": 0.2327,
    "5": 0.2425,
    "6": 0.1662,
    "7": 0.1602
  },
  "deep_overlap_typical_lambda": 0.1632,
  "conservative": {
    "chain7_committed": 3.8143,
    "et_descent_committed": 4.0823,
    "et_both_committed": 4.5119,
    "rel_gain_both": 1.1829,
    "proj_tps_costfree_upperbound": 569.6
  },
  "deflation_corrected": {
    "chain7_committed": 3.8143,
    "et_descent_committed": 4.1478,
    "et_both_committed": 4.5774,
    "rel_gain_both": 1.2001,
    "proj_tps_costfree_upperbound": 577.9
  },
  "flat_p_closedform_anchor_m16": 3.9747,
  "fern185_costaware_ceiling_lambda1_tps": 520.95,
  "launch_trigger_tps": 512.41,
  "notes": "Per-depth path-product on the validated tree_spec topology + measured ladder. E[T]_both/descent are committed tokens/step (incl bonus). proj_tps_costfree_upperbound IGNORES the verify+drafter per-step cost (assumes pure E[T] scaling) -> it is an UPPER bound only. fern #185's cost-aware launch_decision is authoritative: it caps the lambda=1 ceiling at 520.95 TPS (clears the 512.41 trigger by +8.5) and owns the GO/NO-GO vs the 0.9780 bar. Launch HELD on Issue #192 regardless of E[T]."
}