{
  "stage": 1,
  "tree_M": 16,
  "rho2_pinned": 0.4165,
  "aligned_steps": 8650,
  "full_accept": 1822,
  "divergence_steps": 6827,
  "div_at_branch": 3894,
  "div_no_branch": 2933,
  "branch_hit_correct_count": 1524,
  "branch_hit_conflated_count": 230,
  "branch_hit_rate_correct": 0.3913713405238829,
  "branch_hit_rate_conflated": 0.05906522855675398,
  "per_position": {
    "0": {
      "divergences": 2433,
      "hits": 918,
      "branch_hit": 0.37731196054254007
    },
    "1": {
      "divergences": 1461,
      "hits": 606,
      "branch_hit": 0.41478439425051333
    }
  },
  "K": 7,
  "decided_steps": 8649,
  "top1_accept": 0.7186958029830038,
  "mean_accepted_len": 2.814313793502139,
  "spine_ladder": {
    "1": {
      "reached": 8649,
      "accepted": 6216,
      "q": 0.7186958029830038,
      "lambda_vs_top1": 0.9858652990164662
    },
    "2": {
      "reached": 6216,
      "accepted": 4755,
      "q": 0.76496138996139,
      "lambda_vs_top1": 1.0493297530334567
    },
    "3": {
      "reached": 4755,
      "accepted": 3759,
      "q": 0.7905362776025237,
      "lambda_vs_top1": 1.084411903432817
    },
    "4": {
      "reached": 3759,
      "accepted": 3081,
      "q": 0.819632881085395,
      "lambda_vs_top1": 1.124324939760487
    },
    "5": {
      "reached": 3081,
      "accepted": 2567,
      "q": 0.8331710483609218,
      "lambda_vs_top1": 1.1428958139381644
    },
    "6": {
      "reached": 2567,
      "accepted": 2141,
      "q": 0.8340475262952863,
      "lambda_vs_top1": 1.144098115631394
    },
    "7": {
      "reached": 2141,
      "accepted": 1822,
      "q": 0.8510042036431574,
      "lambda_vs_top1": 1.167358304037253
    }
  },
  "skipped": {
    "no_stash": 20,
    "unaligned": 0,
    "read_err": 0
  }
}