{
  "stage": 1,
  "tree_M": 16,
  "rho2_pinned": 0.4165,
  "aligned_steps": 850,
  "full_accept": 146,
  "divergence_steps": 703,
  "div_at_branch": 434,
  "div_no_branch": 269,
  "branch_hit_correct_count": 162,
  "branch_hit_conflated_count": 20,
  "branch_hit_rate_correct": 0.37327188940092165,
  "branch_hit_rate_conflated": 0.04608294930875576,
  "per_position": {
    "0": {
      "divergences": 278,
      "hits": 105,
      "branch_hit": 0.3776978417266187
    },
    "1": {
      "divergences": 156,
      "hits": 57,
      "branch_hit": 0.36538461538461536
    }
  },
  "K": 7,
  "decided_steps": 849,
  "top1_accept": 0.6725559481743227,
  "mean_accepted_len": 2.471142520612485,
  "spine_ladder": {
    "1": {
      "reached": 849,
      "accepted": 571,
      "q": 0.6725559481743227,
      "lambda_vs_top1": 0.9225733171115539
    },
    "2": {
      "reached": 571,
      "accepted": 415,
      "q": 0.7267950963222417,
      "lambda_vs_top1": 0.9969754407712507
    },
    "3": {
      "reached": 415,
      "accepted": 329,
      "q": 0.7927710843373494,
      "lambda_vs_top1": 1.0874774819442379
    },
    "4": {
      "reached": 329,
      "accepted": 254,
      "q": 0.7720364741641338,
      "lambda_vs_top1": 1.0590349439837226
    },
    "5": {
      "reached": 254,
      "accepted": 210,
      "q": 0.8267716535433071,
      "lambda_vs_top1": 1.1341174945724377
    },
    "6": {
      "reached": 210,
      "accepted": 173,
      "q": 0.8238095238095238,
      "lambda_vs_top1": 1.1300542164739695
    },
    "7": {
      "reached": 173,
      "accepted": 146,
      "q": 0.8439306358381503,
      "lambda_vs_top1": 1.1576551931936219
    }
  },
  "skipped": {
    "no_stash": 20,
    "unaligned": 0,
    "read_err": 0
  }
}