{
  "runner": "paired_tps_ab",
  "pr": 82,
  "metric": "wall_tps",
  "baseline": {
    "submission": "fa2sw_precache_kenyan",
    "label": "sdpa_s3",
    "override_env": {},
    "describe": "fa2sw_precache_kenyan"
  },
  "candidate": {
    "submission": "fa2sw_precache_kenyan",
    "label": "sdpa_s2",
    "override_env": {
      "SDPA_NUM_STAGES_AB": "2"
    },
    "describe": "fa2sw_precache_kenyan[SDPA_NUM_STAGES_AB=2]"
  },
  "n": 1,
  "workload": {
    "num_prompts": 128,
    "output_len": 512,
    "seed": 1
  },
  "reused_baseline_from": null,
  "elapsed_s": 496.40708589553833,
  "git": {
    "git_commit": "b0cf29cc1c0c58f231fbd94bccdc38bf0bcb5513",
    "git_branch": "stark/free-ceiling-wallclock-realize",
    "git_dirty": true
  },
  "arms": {
    "baseline": {
      "n": 1,
      "wall_tps": {
        "n": 1,
        "mean": 453.6256072416942,
        "std": 0.0,
        "cv_pct": 0.0,
        "min": 453.6256072416942,
        "max": 453.6256072416942,
        "range_pct": 0.0,
        "median": 453.6256072416942,
        "p25": 453.6256072416942,
        "p75": 453.6256072416942,
        "values": [
          453.6256072416942
        ]
      },
      "steady_gen_tps_mean": {
        "n": 1,
        "mean": 425.68666666666667,
        "std": 0.0,
        "cv_pct": 0.0,
        "min": 425.68666666666667,
        "max": 425.68666666666667,
        "range_pct": 0.0,
        "median": 425.68666666666667,
        "p25": 425.68666666666667,
        "p75": 425.68666666666667,
        "values": [
          425.68666666666667
        ]
      },
      "e_accept_exact": {
        "n": 1,
        "mean": 3.851882995975734,
        "std": 0.0,
        "cv_pct": 0.0,
        "min": 3.851882995975734,
        "max": 3.851882995975734,
        "range_pct": 0.0,
        "median": 3.851882995975734,
        "p25": 3.851882995975734,
        "p75": 3.851882995975734,
        "values": [
          3.851882995975734
        ]
      },
      "server_ready_s": {
        "n": 1,
        "mean": 90.022465467453,
        "std": 0.0,
        "cv_pct": 0.0,
        "min": 90.022465467453,
        "max": 90.022465467453,
        "range_pct": 0.0,
        "median": 90.022465467453,
        "p25": 90.022465467453,
        "p75": 90.022465467453,
        "values": [
          90.022465467453
        ]
      },
      "records": [
        {
          "run_idx": 0,
          "t_start_utc": "2026-06-15T06:17:31.360069+00:00",
          "seed": 1,
          "num_prompts": 128,
          "output_len": 512,
          "num_completion_tokens": 65536,
          "decode_duration_s": 144.47156190872192,
          "wall_around_decode_s": 152.90032839775085,
          "wall_tps": 453.6256072416942,
          "steady_gen_tps_mean": 425.68666666666667,
          "steady_gen_tps_mean_nonzero": 425.68666666666667,
          "steady_gen_tps_n": 15,
          "gen_tps_series": [
            16.9,
            435.9,
            415.6,
            441.1,
            413.0,
            498.5,
            466.4,
            443.4,
            505.8,
            448.2,
            465.5,
            440.8,
            471.9,
            481.3,
            441.0
          ],
          "e_accept_exact": 3.851882995975734,
          "e_accept_interval_mean": 3.9033333333333333,
          "num_speculative_tokens": 7,
          "total_accepted_tokens": 47481,
          "total_drafted_tokens": 116543,
          "intervals": 15,
          "clock": {
            "n_samples": 622,
            "n_load_samples": 577,
            "sm_clock_mhz": {
              "mean": 1710.0,
              "min": 1710.0,
              "max": 1710.0
            },
            "sm_clock_mhz_load": {
              "mean": 1710.0,
              "min": 1710.0,
              "max": 1710.0
            },
            "mem_clock_mhz_load": {
              "mean": 6251.0,
              "min": 6251.0,
              "max": 6251.0
            },
            "temp_c": {
              "mean": 49.864951768488744,
              "min": 34.0,
              "max": 55.0
            },
            "power_w_load": {
              "mean": 163.07393414211438,
              "min": 58.64,
              "max": 185.15
            },
            "util_pct": {
              "mean": 92.22990353697749,
              "min": 0.0,
              "max": 100.0
            }
          },
          "log_offset_start": 0,
          "server_ready_s": 90.022465467453,
          "arm": "sdpa_s3",
          "submission": "fa2sw_precache_kenyan",
          "override_env": {}
        }
      ]
    },
    "candidate": {
      "n": 1,
      "wall_tps": {
        "n": 1,
        "mean": 456.5647189826992,
        "std": 0.0,
        "cv_pct": 0.0,
        "min": 456.5647189826992,
        "max": 456.5647189826992,
        "range_pct": 0.0,
        "median": 456.5647189826992,
        "p25": 456.5647189826992,
        "p75": 456.5647189826992,
        "values": [
          456.5647189826992
        ]
      },
      "steady_gen_tps_mean": {
        "n": 1,
        "mean": 428.15333333333336,
        "std": 0.0,
        "cv_pct": 0.0,
        "min": 428.15333333333336,
        "max": 428.15333333333336,
        "range_pct": 0.0,
        "median": 428.15333333333336,
        "p25": 428.15333333333336,
        "p75": 428.15333333333336,
        "values": [
          428.15333333333336
        ]
      },
      "e_accept_exact": {
        "n": 1,
        "mean": 3.8488427582915774,
        "std": 0.0,
        "cv_pct": 0.0,
        "min": 3.8488427582915774,
        "max": 3.8488427582915774,
        "range_pct": 0.0,
        "median": 3.8488427582915774,
        "p25": 3.8488427582915774,
        "p75": 3.8488427582915774,
        "values": [
          3.8488427582915774
        ]
      },
      "server_ready_s": {
        "n": 1,
        "mean": 90.01709938049316,
        "std": 0.0,
        "cv_pct": 0.0,
        "min": 90.01709938049316,
        "max": 90.01709938049316,
        "range_pct": 0.0,
        "median": 90.01709938049316,
        "p25": 90.01709938049316,
        "p75": 90.01709938049316,
        "values": [
          90.01709938049316
        ]
      },
      "records": [
        {
          "run_idx": 0,
          "t_start_utc": "2026-06-15T06:21:38.161349+00:00",
          "seed": 1,
          "num_prompts": 128,
          "output_len": 512,
          "num_completion_tokens": 65536,
          "decode_duration_s": 143.5415337085724,
          "wall_around_decode_s": 151.7968511581421,
          "wall_tps": 456.5647189826992,
          "steady_gen_tps_mean": 428.15333333333336,
          "steady_gen_tps_mean_nonzero": 428.15333333333336,
          "steady_gen_tps_n": 15,
          "gen_tps_series": [
            20.4,
            436.8,
            420.7,
            440.4,
            415.1,
            511.9,
            463.8,
            460.2,
            487.9,
            456.0,
            472.9,
            439.2,
            496.1,
            452.6,
            448.3
          ],
          "e_accept_exact": 3.8488427582915774,
          "e_accept_interval_mean": 3.901333333333333,
          "num_speculative_tokens": 7,
          "total_accepted_tokens": 47758,
          "total_drafted_tokens": 117348,
          "intervals": 15,
          "clock": {
            "n_samples": 617,
            "n_load_samples": 573,
            "sm_clock_mhz": {
              "mean": 1710.0,
              "min": 1710.0,
              "max": 1710.0
            },
            "sm_clock_mhz_load": {
              "mean": 1710.0,
              "min": 1710.0,
              "max": 1710.0
            },
            "mem_clock_mhz_load": {
              "mean": 6251.0,
              "min": 6251.0,
              "max": 6251.0
            },
            "temp_c": {
              "mean": 50.811993517017825,
              "min": 36.0,
              "max": 56.0
            },
            "power_w_load": {
              "mean": 164.15998254799302,
              "min": 66.82,