{
  "num_records": 128,
  "num_completion_tokens": 65536,
  "output_len": 512,
  "seed": 1,
  "wall_loop_s": 384.1230612239451,
  "sum_request_wall_s": 382.447551162506,
  "sum_decode_window_s": 374.2665822420968,
  "sum_ttft_s": 8.180968920409214,
  "mean_ttft_s": 0.06391381969069698,
  "stream_full_e2e_wall_tps": 171.35944471547438,
  "stream_steady_wall_tps": 174.76313169122432,
  "stream_loop_wall_tps": 170.61199031159515
}