{
  "pareto": {
    "tau": 1.0245480340494526,
    "s_ar_local": 123.35000000000001,
    "proxy_src": "steady_gen_tps",
    "ar_official_tps": 126.378,
    "mtp_proxy_tps": 427.7,
    "plmin": 2,
    "pareto": [
      {
        "label": "ar",
        "spec_config": null,
        "proxy_tps": 123.35000000000001,
        "proxy_src": "steady_gen_tps",
        "decode_agg_tps": 127.22856777355229,
        "steady_gen_tps": 123.35000000000001,
        "probe_tps": 130.98148473132355,
        "proj_official_tps": 126.37799999999999,
        "vs_ar_pct": 0.0,
        "e_accept": null,
        "draft_acceptance_rate": null,
        "gpu_mem_used_mib": 20333.0
      },
      {
        "label": "ng_max2_k3",
        "spec_config": {
          "method": "ngram",
          "num_speculative_tokens": 3,
          "prompt_lookup_max": 2,
          "prompt_lookup_min": 2
        },
        "proxy_tps": 98.3875,
        "proxy_src": "steady_gen_tps",
        "decode_agg_tps": 99.25552493866483,
        "steady_gen_tps": 98.3875,
        "probe_tps": 325.8957606486546,
        "proj_official_tps": 100.80271970004053,
        "vs_ar_pct": -20.237130117551686,
        "e_accept": 2.090463215258856,
        "draft_acceptance_rate": 0.3636198437216064,
        "gpu_mem_used_mib": 20745.0
      },
      {
        "label": "ng_max2_k5",
        "spec_config": {
          "method": "ngram",
          "num_speculative_tokens": 5,
          "prompt_lookup_max": 2,
          "prompt_lookup_min": 2
        },
        "proxy_tps": 102.4,
        "proxy_src": "steady_gen_tps",
        "decode_agg_tps": 103.92507228337203,
        "steady_gen_tps": 102.4,
        "probe_tps": 458.50765924556015,
        "proj_official_tps": 104.91371868666396,
        "vs_ar_pct": -16.984191325496557,
        "e_accept": 2.3373934226552984,
        "draft_acceptance_rate": 0.26796827333740086,
        "gpu_mem_used_mib": 20739.0
      },
      {
        "label": "ng_max2_k7",
        "spec_config": {
          "method": "ngram",
          "num_speculative_tokens": 7,
          "prompt_lookup_max": 2,
          "prompt_lookup_min": 2
        },
        "proxy_tps": 102.4,
        "proxy_src": "steady_gen_tps",
        "decode_agg_tps": 103.91510194917304,
        "steady_gen_tps": 102.4,
        "probe_tps": 500.5848180938278,
        "proj_official_tps": 104.91371868666396,
        "vs_ar_pct": -16.984191325496557,
        "e_accept": 2.47005795235029,
        "draft_acceptance_rate": 0.21090069284064666,
        "gpu_mem_used_mib": 20753.0
      },
      {
        "label": "ng_max3_k3",
        "spec_config": {
          "method": "ngram",
          "num_speculative_tokens": 3,
          "prompt_lookup_max": 3,
          "prompt_lookup_min": 2
        },
        "proxy_tps": 99.8625,
        "proxy_src": "steady_gen_tps",
        "decode_agg_tps": 101.48770430917504,
        "steady_gen_tps": 99.8625,
        "probe_tps": 328.2876943165013,
        "proj_official_tps": 102.31392805026346,
        "vs_ar_pct": -19.04134576408594,
        "e_accept": 2.127565169162507,
        "draft_acceptance_rate": 0.37599408174588494,
        "gpu_mem_used_mib": 20745.0
      },
      {
        "label": "ng_max3_k5",
        "spec_config": {
          "method": "ngram",
          "num_speculative_tokens": 5,
          "prompt_lookup_max": 3,
          "prompt_lookup_min": 2
        },
        "proxy_tps": 102.4,
        "proxy_src": "steady_gen_tps",
        "decode_agg_tps": 103.97981904601711,
        "steady_gen_tps": 102.4,
        "probe_tps": 458.3066674551162,
        "proj_official_tps": 104.91371868666396,
        "vs_ar_pct": -16.984191325496557,
        "e_accept": 2.376470588235294,
        "draft_acceptance_rate": 0.27580645161290324,
        "gpu_mem_used_mib": 20739.0
      },
      {
        "label": "ng_max3_k7",
        "spec_config": {
          "method": "ngram",
          "num_speculative_tokens": 7,
          "prompt_lookup_max": 3,
          "prompt_lookup_min": 2
        },
        "proxy_tps": 102.7625,
        "proxy_src": "steady_gen_tps",
        "decode_agg_tps": 104.6070809175756,
        "steady_gen_tps": 102.7625,
        "probe_tps": 508.33161995879345,
        "proj_official_tps": 105.28511734900688,
        "vs_ar_pct": -16.690312119983787,
        "e_accept": 2.5104712041884816,
        "draft_acceptance_rate": 0.21671361502347417,
        "gpu_mem_used_mib": 20753.0
      },
      {
        "label": "ng_max4_k3",
        "spec_config": {
          "method": "ngram",
          "num_speculative_tokens": 3,
          "prompt_lookup_max": 4,
          "prompt_lookup_min": 2
        },
        "proxy_tps": 99.6625,
        "proxy_src": "steady_gen_tps",
        "decode_agg_tps": 100.25448162318004,
        "steady_gen_tps": 99.6625,
        "probe_tps": 327.2996545374814,
        "proj_official_tps": 102.10901844345356,
        "vs_ar_pct": -19.203486015403335,
        "e_accept": 2.164785553047404,
        "draft_acceptance_rate": 0.388407978923598,
        "gpu_mem_used_mib": 20745.0
      },
      {
        "label": "ng_max4_k5",
        "spec_config": {
          "method": "ngram",
          "num_speculative_tokens": 5,
          "prompt_lookup_max": 4,
          "prompt_lookup_min": 2
        },
        "proxy_tps": 105.525,
        "proxy_src": "steady_gen_tps",
        "decode_agg_tps": 103.57588415162567,
        "steady_gen_tps": 105.525,
        "probe_tps": 446.50189760093645,
        "proj_official_tps": 108.1154312930685,
        "vs_ar_pct": -14.450749898662345,
        "e_accept": 2.412319296040226,
        "draft_acceptance_rate": 0.28299748110831235,
        "gpu_mem_used_mib": 20739.0
      },
      {
        "label": "ng_max4_k7",
        "spec_config": {
          "method": "ngram",
          "num_speculative_tokens": 7,
          "prompt_lookup_max": 4,
          "prompt_lookup_min": 2
        },
        "proxy_tps": 102.4375,
        "proxy_src": "steady_gen_tps",
        "decode_agg_tps": 104.59722893468144,
        "steady_gen_tps": 102.4375,
        "probe_tps": 506.4478770146331,
        "proj_official_tps": 104.9521392379408,
        "vs_ar_pct": -16.95379002837455,
        "e_accept": 2.5488372093023255,
        "draft_acceptance_rate": 0.22225400457665903,
        "gpu_mem_used_mib": 20753.0
      }
    ]
  },
  "census": {
    "floor_ar_vs_ar2": {
      "verdict": "GREEDY_IDENTICAL",
      "num_prompts_compared": 128,
      "num_identical": 128,
      "num_divergent": 0,
      "total_tokens_compared": 65536,
      "total_divergent_tokens": 0,
      "exit": 0
    },
    "decode_ng_max4_k5_vs_ar_ref": {
      "verdict": "DIVERGENT",
      "num_prompts_compared": 128,
      "num_identical": 29,
      "num_divergent": 99,
      "total_tokens_compared": 65536,
      "total_divergent_tokens": 28553,
      "exit": 1
    }
  },
  "gsm8k": {
    "ng609_ar_int4g128_sampled": {
      "accuracy": 0.884,
      "n": 500,
      "strict_rate": 0.92,
      "extract_fail_rate": 0.0,
      "truncation_rate": 0.088,
      "sampling": {
        "temperature": 1.0,
        "top_p": 0.95,
        "top_k": 64,
        "max_tokens": 512,
        "seed": 1234,
        "enable_thinking": false,
        "min_tokens": 8
      }
    },
    "ng609_ngram_max4k5_sampled": {
      "accuracy": 0.89,
      "n": 500,
      "strict_rate": 0.932,
      "extract_fail_rate": 0.0,
      "truncation_rate": 0.078,
      "sampling": {
        "temperature": 1.0,
        "top_p": 0.95,
        "top_k": 64,
        "max_tokens": 512,
        "seed": 1234,
        "enable_thinking": false,
        "min_tokens": 8
      }
    }
  }
}