{
  "adversarial_ppl_unphysical": 3.1750371020975554,
  "agent": "denken",
  "anchored_bound_pr158_f": {
    "adversarial_margin": -0.4215551663779755,
    "adversarial_ppl": 2.8415551663779754,
    "central_logppl": 0.8656981640566974,
    "central_ppl": 2.376664808823738,
    "eps": 0.25,
    "expected_bias": 0.00642553965250651,
    "expected_margin": 0.028014668606024973,
    "expected_ppl": 2.391985331393975,
    "f": 0.616851806640625,
    "sigma2": 0.020833333333333332,
    "worstcase_fluct": 0.00386947775118447,
    "worstcase_margin": 0.018741004036777476,
    "worstcase_ppl": 2.4012589959632225
  },
  "anchors": {
    "_paths": {
      "divergence": "/workspace/senpai/target/research/descent_greedy_exact_harness/runs/20260614T135333Z/greedy_exact_harness_result.json",
      "margin": "/workspace/senpai/target/research/validity/verify_argmax_margin/20260614T041541Z/summary.json",
      "ppl": "/workspace/senpai/target/research/profiling/splitkv_verify/ppl_patched/ppl_summary.json"
    },
    "central_nll_total": 53497.54944421173,
    "central_ppl": 2.376664808823738,
    "divergence_rate": 0.616851806640625,
    "eps_m32_max_abs_dlogit": 0.25,
    "m16_max_abs_dlogit": 0.0,
    "m32_argmax_flips": 0,
    "median_margin": 4.875,
    "min_margin": 0.0,
    "num_divergent_prompts": 118,
    "num_identical_prompts": 10,
    "num_prompts": 128,
    "num_scored_tokens": 61797,
    "ppl_cap": 2.42,
    "ppl_cross_check_spread": 1.7977656817880217e-05,
    "ppl_cross_checks": {
      "pr158_linear_stack": 2.376664808823738,
      "splitkv_verify_prefill": 2.3766775444528565,
      "tps_noise_floor": 2.376682786480556
    },
    "pr158_linear_ppl": 2.376664808823738,
    "total_completion_tokens": 65536,
    "total_divergent_tokens": 40426
  },
  "binding_bound_every_token": {
    "adversarial_margin": -0.7550371020975555,
    "adversarial_ppl": 3.1750371020975554,
    "central_logppl": 0.8656981640566974,
    "central_ppl": 2.376664808823738,
    "eps": 0.25,
    "expected_bias": 0.010416666666666666,
    "expected_margin": 0.018448874881416888,
    "expected_ppl": 2.401551125118583,
    "f": 1.0,
    "sigma2": 0.020833333333333332,
    "worstcase_fluct": 0.0049267659739711325,
    "worstcase_margin": 0.006587800135696487,
    "worstcase_ppl": 2.4134121998643034
  },
  "bounds_by_frequency": {
    "every_token": {
      "adversarial_margin": -0.7550371020975555,
      "adversarial_ppl": 3.1750371020975554,
      "central_logppl": 0.8656981640566974,
      "central_ppl": 2.376664808823738,
      "eps": 0.25,
      "expected_bias": 0.010416666666666666,
      "expected_margin": 0.018448874881416888,
      "expected_ppl": 2.401551125118583,
      "f": 1.0,
      "sigma2": 0.020833333333333332,
      "worstcase_fluct": 0.0049267659739711325,
      "worstcase_margin": 0.006587800135696487,
      "worstcase_ppl": 2.4134121998643034
    },
    "per_step_flip_rate": {
      "adversarial_margin": 0.039913777915797866,
      "adversarial_ppl": 2.380086222084202,
      "central_logppl": 0.8656981640566974,
      "central_ppl": 2.376664808823738,
      "eps": 0.25,
      "expected_bias": 5.1739672006232786e-05,
      "expected_margin": 0.04321222013737147,
      "expected_ppl": 2.3767877798626285,
      "f": 0.004967008512598348,
      "sigma2": 0.020833333333333332,
      "worstcase_fluct": 0.0003472237199272805,
      "worstcase_margin": 0.042386799748493686,
      "worstcase_ppl": 2.3776132002515062
    },
    "pr158_completion_divergence": {
      "adversarial_margin": -0.4215551663779755,
      "adversarial_ppl": 2.8415551663779754,
      "central_logppl": 0.8656981640566974,
      "central_ppl": 2.376664808823738,
      "eps": 0.25,
      "expected_bias": 0.00642553965250651,
      "expected_margin": 0.028014668606024973,
      "expected_ppl": 2.391985331393975,
      "f": 0.616851806640625,
      "sigma2": 0.020833333333333332,
      "worstcase_fluct": 0.00386947775118447,
      "worstcase_margin": 0.018741004036777476,
      "worstcase_ppl": 2.4012589959632225
    }
  },
  "breakeven_eps_at_f1": 0.27541067821109455,
  "breakeven_eps_at_pr158_f": 0.3506633312113976,
  "created_at": "20260614T142818Z",
  "eps_sensitivity_at_f1": [
    {
      "eps": 0.0,
      "eps_in_bf16_ulp_at_mag16": 0.0,
      "expected_ppl": 2.376664808823738,
      "worstcase_ppl": 2.376664808823738
    },
    {
      "eps": 0.125,
      "eps_in_bf16_ulp_at_mag16": 1.0,
      "expected_ppl": 2.3828621059917285,
      "worstcase_ppl": 2.3887392438126236
    },
    {
      "eps": 0.25,
      "eps_in_bf16_ulp_at_mag16": 2.0,
      "expected_ppl": 2.401551125118583,
      "worstcase_ppl": 2.4134121998643034
    },
    {
      "eps": 0.375,
      "eps_in_bf16_ulp_at_mag16": 3.0,
      "expected_ppl": 2.433025790557867,
      "worstcase_ppl": 2.451072816545713
    },
    {
      "eps": 0.5,
      "eps_in_bf16_ulp_at_mag16": 4.0,
      "expected_ppl": 2.4777845411131505,
      "worstcase_ppl": 2.502320152949169
    }
  ],
  "frequency_ladder": {
    "every_token": 1.0,
    "per_step_flip_rate": 0.004967008512598348,
    "pr158_completion_divergence": 0.616851806640625
  },
  "handoff_line": "SAFE: the 0.0433 PPL margin survives M=32 batch-variance. (1) STRUCTURAL: the scored PPL is teacher-forced prefill (prompt_logprobs); M=32 is decode-only, so the scored PPL is M-invariant = 2.37666, margin untouched. (2) CONSERVATIVE TRANSPLANT (decode M=32 jitter \u03b5=0.25 applied to prefill): worst-case PPL = 2.4013 at #158's f=0.6169, 2.4134 at the every-token extreme \u2014 both \u2264 2.42. The per-logit M=32 perturbation would have to grow from the measured 0.25 to ~0.35 (#158 f) / ~0.28 (every-token f) to breach. Only an unphysical adversarial-on-every-token model breaches \u2014 ruled out by 0 measured argmax flips at M=32 and the symmetric \u00b11-bf16-ULP final-cast regime.",
  "kind": "tree-path-ppl-margin-bound",
  "nan_clean": true,
  "peak_mem_mib": 12.109,
  "ppl_margin_under_2p42": true,
  "pr": 166,
  "self_test": {
    "adversarial_breaches_but_unphysical": true,
    "central_reproduction": {
      "abs_err": 0.0,
      "computed_at_eps0": 2.376664808823738,
      "measured_central": 2.376664808823738,
      "tol": 1e-09
    },
    "conditions": {
      "central_reproduces_2p377": true,
      "conservative_ordering": true,
      "ppl_margin_under_2p42": true
    },
    "ppl_margin_bound_self_test_passes": true
  },
  "structural_finding": {
    "m32_is_decode_only": true,
    "margin_untouched_by_m32": 0.043335191176261834,
    "ref": "research/validity/same_path_ppl.md \u00a72(c)/\u00a73",
    "scored_ppl_M_invariant": true,
    "scored_ppl_is_teacher_forced_prefill": true,
    "structural_scored_tree_path_ppl": 2.376664808823738
  },
  "tree_path_ppl_expected": 2.401551125118583,
  "tree_path_ppl_worst_case": 2.4134121998643034,
  "tree_path_ppl_worst_case_anchored": 2.4012589959632225,
  "verdict": "SAFE"
}