{
  "n_tokens_timed": 1502,
  "median_tpot_ms": 7.81811898923479,
  "mean_tpot_ms": 7.821256708384451,
  "p10_tpot_ms": 7.687350019114092,
  "decode_only_steady_tps_median": 127.90800464625269,
  "decode_only_steady_tps_p10gap": 130.08383871081264,
  "ttft_ms_mean": 38.57065465611716,
  "stream_wall_tps_mean": 126.92327081697589,
  "note": "streaming TPOT; gap excludes prefill (in TTFT). steady=drop first8/last2."
}