{
  "available": true,
  "model_dir": "/senpai-run/home/student-land/.cache/huggingface/hub/models--google--gemma-4-E4B-it/snapshots/fee6332c1abaafb77f6f9624236c63aa2f1d0187",
  "heldout_prompts": 274,
  "heldout_total_positions": 64602,
  "max_tokens_per_prompt": 512,
  "mean_tokens_per_prompt": 235.77372262773721,
  "distinct_reachable_rows_heldout": 251,
  "held_out_distinct_ids_clipped": 96,
  "held_out_clipped_positions": 5947,
  "held_out_clip_rate": 0.09205597349927247,
  "heldout_prompts_with_clip": 96,
  "max_reachable_emitted_id_heldout": 237947,
  "reached_50k_target": true,
  "distinct_argmax_ids": [
    1,
    100,
    101,
    106,
    107,
    108,
    140,
    398,
    432,
    496,
    506,
    525,
    528,
    529,
    531,
    532,
    563,
    565,
    568,
    573,
    580,
    600,
    607,
    625,
    632,
    657,
    659,
    664,
    678,
    699,
    715,
    723,
    799,
    850,
    872,
    886,
    902,
    993,
    1003,
    1012,
    1018,
    1056,
    1061,
    1076,
    1109,
    1156,
    1217,
    1299,
    1424,
    1437,
    1534,
    1546,
    1551,
    1626,
    1732,
    1813,
    1932,
    2003,
    2069,
    2094,
    2164,
    2228,
    2269,
    2479,
    2528,
    2557,
    2587,
    2704,
    2717,
    2761,
    2822,
    2907,
    2918,
    3138,
    3207,
    3249,
    3386,
    3393,
    3402,
    3582,
    3826,
    3925,
    4083,
    4133,
    4146,
    4253,
    4301,
    4341,
    4649,
    4820,
    4945,
    5074,
    5353,
    5368,
    5700,
    6265,
    6376,
    6492,
    6540,
    6555,
    6672,
    6717,
    6974,
    7243,
    7395,
    7724,
    7777,
    7830,
    7945,
    8052,
    8082,
    8214,
    8355,
    8401,
    8485,
    8583,
    8698,
    8800,
    8824,
    8881,
    8948,
    9115,
    9203,
    9340,
    9474,
    9639,
    9779,
    9813,
    9952,
    11321,
    12139,
    12229,
    12291,
    12896,
    12977,
    13415,
    13586,
    13603,
    13868,
    14361,
    14820,
    15028,
    15168,
    15612,
    15642,
    15708,
    16027,
    16230,
    16470,
    16614,
    17856,
    18642,
    19094,
    19246,
    20494,
    20517,
    20629,
    21568,
    22824,
    22986,
    23196,
    23210,
    24284,
    24488,
    25146,
    26266,
    26738,
    26847,
    27832,
    28991,
    29193,
    30204,
    30319,
    30395,
    31493,
    32774,
    32968,
    34125,
    35074,
    35436,
    37016,
    37369,
    38431,
    38659,
    40442,
    41082,
    41276,
    42150,
    42389,
    43430,
    45019,
    45213,
    45273,
    47821,
    48037,
    48561,
    50446,
    51853,
    51878,
    52586,
    52825,
    54234,
    54930,
    54980,
    55299,
    55700,
    56773,
    57921,
    59285,
    60292,
    61264,
    63114,
    68874,
    70351,
    72398,
    73627,
    75680,
    80077,
    87215,
    87730,
    89463,
    90257,
    90847,
    92249,
    109853,
    114282,
    115333,
    119269,
    120359,
    130450,
    140284,
    155122,
    189623,
    214687,
    227601,
    229154,
    236743,
    236744,
    236751,
    236761,
    236764,
    236769,
    236771,
    236772,
    236787,
    236789,
    236825,
    236832,
    236836,
    237308,
    237947
  ],
  "distinct_argmax_ids_outside_keepset": [
    9203,
    9952,
    12139,
    12229,
    12291,
    12896,
    13415,
    13603,
    13868,
    14361,
    15028,
    15168,
    15612,
    15642,
    15708,
    16027,
    16230,
    16470,
    17856,
    18642,
    20494,
    20517,
    20629,
    21568,
    22824,
    23196,
    23210,
    24284,
    24488,
    25146,
    26738,
    26847,
    27832,
    28991,
    30204,
    30395,
    31493,
    32774,
    32968,
    34125,
    35074,
    35436,
    37016,
    37369,
    38431,
    38659,
    41082,
    41276,
    42150,
    42389,
    43430,
    45019,
    45213,
    45273,
    47821,
    48561,
    50446,
    51853,
    51878,
    52586,
    52825,
    54234,
    54930,
    55299,
    55700,
    56773,
    57921,
    59285,
    60292,
    61264,
    63114,
    68874,
    70351,
    72398,
    75680,
    80077,
    87215,
    87730,
    89463,
    90257,
    90847,
    92249,
    109853,
    114282,
    115333,
    119269,
    120359,
    130450,
    140284,
    155122,
    189623,
    214687,
    227601,
    229154,
    237308,
    237947
  ]
}