{
  "variant": "fa2sw",
  "model": "google/gemma-4-E4B-it-qat-w4a16-ct",
  "load_s": 58.24044346809387,
  "backend_summary": {
    "256|FLASH_ATTN": 35,
    "512|TRITON_ATTN": 7
  },
  "tps": {
    "tps_mean": 92.10647943373952,
    "tps_std": 0.020315526523329047,
    "tps_samples": [
      92.12456382601395,
      92.11677106789867,
      92.07810340730595
    ],
    "tps_tokens": 256
  },
  "ppl": null,
  "peak_mem_gb": 19.735726592,
  "n_identity": 128,
  "gen_tokens": 256,
  "prefix_cache": false,
  "sequential": true,
  "determinism": null
}