{
  "pr": 696,
  "analysis_only": true,
  "boot_split_seed": 10,
  "all": {
    "label": "all_30",
    "K_seeds": 24,
    "mean_acc": 0.48063973063973064,
    "std_acc": 0.020779336962587026,
    "pct_of_base": 91.79521211606775,
    "pooled_wilson_lo": 0.4664556785245014,
    "pooled_wilson_hi": 0.49485505868295254,
    "pooled_wilson_clears_0471": false,
    "seed_mean_lo": 0.4718639339044597,
    "seed_mean_hi": 0.4894155273750016,
    "seed_mean_clears_0471": true,
    "min_seed_acc": 0.4393939393939394,
    "max_seed_acc": 0.5151515151515151
  },
  "banked": {
    "label": "banked_0to9",
    "K_seeds": 10,
    "mean_acc": 0.4868686868686869,
    "std_acc": 0.022860936291943364,
    "pct_of_base": 92.98485234314113,
    "pooled_wilson_lo": 0.4648995640015094,
    "pooled_wilson_hi": 0.5088886639998798,
    "pooled_wilson_clears_0471": false,
    "seed_mean_lo": 0.4705160943864624,
    "seed_mean_hi": 0.5032212793509114,
    "seed_mean_clears_0471": false,
    "min_seed_acc": 0.4494949494949495,
    "max_seed_acc": 0.5151515151515151
  },
  "thisboot": {
    "label": "thisboot_10plus",
    "K_seeds": 14,
    "mean_acc": 0.47619047619047616,
    "std_acc": 0.018733385835965122,
    "pct_of_base": 90.9454690967296,
    "pooled_wilson_lo": 0.45764416250305373,
    "pooled_wilson_hi": 0.4948026893945761,
    "pooled_wilson_clears_0471": false,
    "seed_mean_lo": 0.4653759869887877,
    "seed_mean_hi": 0.48700496539216465,
    "seed_mean_clears_0471": false,
    "min_seed_acc": 0.4393939393939394,
    "max_seed_acc": 0.5151515151515151
  },
  "welch_banked_vs_thisboot": {
    "t": 1.2143007462004605,
    "df": 16.996950273954962,
    "mean_diff": 0.010678210678210731,
    "abs_t_lt_2": true
  },
  "repro_check": {
    "got_correct": 100,
    "got_scored": 198,
    "ref_correct": 102,
    "ref_scored": 198,
    "reproduced": false
  }
}