{
  "variant": "onegraph",
  "model": "google/gemma-4-E4B-it-qat-w4a16-ct",
  "load_s": 113.92076349258423,
  "backend_summary": {
    "256|TRITON_ATTN": 35,
    "512|TRITON_ATTN": 7
  },
  "tps": {
    "tps_mean": 96.46305438108122,
    "tps_std": 0.1014307032550063,
    "tps_samples": [
      96.56873920872658,
      96.60112800387937,
      96.36488893519824,
      96.36821005064138,
      96.41230570696057
    ],
    "tps_tokens": 256
  },
  "ppl": {
    "ppl": 2.0056498771982296,
    "mean_record_ppl": 2.1591823551821228,
    "num_records": 128,
    "num_tokens": 61797,
    "neg_log_likelihood": 43008.74293244789
  },
  "peak_mem_gb": 21.039643136,
  "n_identity": 128,
  "gen_tokens": 128
}