{
  "results": [
    {
      "label": "REF(no-spec) vs MTP K=7",
      "verdict": "DIVERGENT",
      "n": 128,
      "seq_exact": 0.1875,
      "freerun_pos": 0.4998779296875,
      "matched_state_trials": 28751,
      "matched_state_failures": 104,
      "matched_state_per_step_disagree": 0.0036172654864178636,
      "matched_state_per_step_identity_rate": 0.9963827345135822,
      "onset_min": 2,
      "onset_median": 135.0,
      "onset_mean": 157.29807692307693,
      "onset_max": 509,
      "cascade_ms": 224.6171875,
      "cascade_fr": 1.6246033683182817
    },
    {
      "label": "REF(no-spec) vs ngram",
      "verdict": "DIVERGENT",
      "n": 128,
      "seq_exact": 0.203125,
      "freerun_pos": 0.4866943359375,
      "matched_state_trials": 29778,
      "matched_state_failures": 102,
      "matched_state_per_step_disagree": 0.0034253475720330447,
      "matched_state_per_step_identity_rate": 0.996574652427967,
      "onset_min": 2,
      "onset_median": 123.5,
      "onset_mean": 160.4313725490196,
      "onset_max": 509,
      "cascade_ms": 232.640625,
      "cascade_fr": 1.5524375743162901
    }
  ],
  "self_det_partial": {
    "n_common": 75,
    "byte_exact": 35,
    "n_chaotic": 40,
    "onsets": [
      5,
      8,
      21,
      27,
      36,
      39,
      45,
      52,
      55,
      58,
      69,
      75,
      83,
      84,
      91,
      100,
      104,
      127,
      138,
      139,
      143,
      157,
      165,
      168,
      173,
      188,
      213,
      288,
      312,
      321,
      347,
      348,
      351,
      379,
      387,
      398,
      425,
      428,
      464,
      509
    ]
  }
}