{
  "pr": 410,
  "agent": "ubel",
  "kind": "cb3-quant-acceptance-crossterm",
  "analysis_only": true,
  "no_launch": true,
  "no_hf_job": true,
  "no_submission": true,
  "no_served_file_change": true,
  "gpu_used_for_analysis_only": true,
  "official_tps": 0,
  "baseline_unchanged_tps": 481.53,
  "baseline_unchanged_ppl": 2.3772,
  "inputs": {
    "model_id": "google/gemma-4-E4B-it",
    "schemes": [
      "fp16",
      "int8",
      "int4",
      "cb3-int3"
    ],
    "measure": [
      "shared_kv_states",
      "inputs_embeds_hidden"
    ],
    "int4_bpw": 4.125,
    "cb3_bpw_eff": 3.2368598382749325,
    "cb3_byte_ratio": 0.7846932941272564,
    "cb3_mixed_frac": 0.888,
    "ladder_289": [
      0.7292532942898975,
      0.759556697719242,
      0.7929794882639035,
      0.8228,
      0.8348727920920435,
      0.8357919254658385,
      0.8464932652113331
    ],
    "drafter_top1_289": 0.7292532942898975,
    "e_accepted_289": 2.851185944363104,
    "e_t_289": 3.851185944363104,
    "gross_tps_per_unit_cov_402": 962.27,
    "corrected_strict_base_393": 467.48,
    "gap_to_500_393": 32.53,
    "cb3_supply_lift_388": 38.02,
    "demand_coverage_band_401": 0.10973404808468479,
    "demand_lift_tps_band": 105.59378245044962,
    "negligible_frac": 0.05,
    "baseline_tps": 481.53,
    "baseline_ppl": 2.3772,
    "cb3_ppl_388": 2.3812,
    "gate_headroom_rel": 0.018004374894834196,
    "cb3_rel_ppl_over_int4": 0.001682651859330253,
    "int3_rtn_relppl_355": 0.1394,
    "int3_rtn_gate_ppl_355": 2.7085,
    "ppl_gate": 2.42,
    "cb3_scheme_upper_bound": "cb3-int3",
    "int4_scheme": "int4",
    "source_289_run": "fi34s269",
    "source_401_run": "i2qsjyp6",
    "source_402_run": "8pcyhe2r",
    "source_355_run": "vqzzc9jw",
    "source_388_ref": "cb3_supply_lift_mtp_honest",
    "source_kernel_ref": "cb3_kernel_realized_bw"
  },
  "meta": {
    "n_prompts": 128,
    "max_seq_len": 512,
    "seqlen_min": 110,
    "seqlen_max": 512,
    "seqlen_mean": 247.8671875,
    "n_layers": 42,
    "n_kv_layers": 24,
    "kv_layers": [
      0,
      1,
      2,
      3,
      4,
      5,
      6,
      7,
      8,
      9,
      10,
      11,
      12,
      13,
      14,
      15,
      16,
      17,
      18,
      19,
      20,
      21,
      22,
      23
    ],
    "n_quantized_linears": 259,
    "load_s": 9.64,
    "ref_peak_vram_mb": 16134.8,
    "lm_head_available": true
  },
  "per_scheme": {
    "fp16": {
      "scheme": "fp16",
      "bits": null,
      "role": "reference (bf16; Delta=0 sanity)",
      "inputs_embeds_hidden": {
        "l2_relative": 0.0,
        "cosine": 1.0000004746879567,
        "max_abs_delta": 0.0,
        "per_channel_max_abs_delta_max": 0.0,
        "per_channel_max_abs_delta_mean": 0.0,
        "sumsq_ref": 808725469.5
      },
      "shared_kv_states": {
        "l2_relative": 0.0,
        "cosine": 1.0000000054656848,
        "max_abs_delta": 0.0,
        "per_channel_max_abs_delta_max": 0.0,
        "per_channel_max_abs_delta_mean": 0.0,
        "sumsq_ref": 101108181326.42188
      },
      "body_proxy": {
        "argmax_flip_rate": 0.0,
        "n_positions": 31727,
        "teacher_forced_ppl": 25.733985341277865
      }
    },
    "int8": {
      "scheme": "int8",
      "bits": 8,
      "role": "int8 RTN g128 (monotonicity rung)",
      "inputs_embeds_hidden": {
        "l2_relative": 0.06498690782584027,
        "cosine": 0.9982635827971837,
        "max_abs_delta": 14.5546875,
        "per_channel_max_abs_delta_max": 14.5546875,
        "per_channel_max_abs_delta_mean": 5.314425468444824,
        "sumsq_ref": 808725469.5
      },
      "shared_kv_states": {
        "l2_relative": 0.0071407895516850195,
        "cosine": 0.9996976828269787,
        "max_abs_delta": 85.875,
        "per_channel_max_abs_delta_max": 85.875,
        "per_channel_max_abs_delta_mean": 8.967302322387695,
        "sumsq_ref": 101108181326.42188
      },
      "body_proxy": {
        "argmax_flip_rate": 0.016358306804929557,
        "n_positions": 31727,
        "teacher_forced_ppl": 25.672351025459786
      }
    },
    "int4": {
      "scheme": "int4",
      "bits": 4,
      "role": "int4 RTN g128 ~= deployed int4-Marlin body; the PR 'cb3-int4' int4-class point",
      "inputs_embeds_hidden": {
        "l2_relative": 0.6547745743543942,
        "cosine": 0.8113117653869616,
        "max_abs_delta": 36.1875,
        "per_channel_max_abs_delta_max": 36.1875,
        "per_channel_max_abs_delta_mean": 14.671740531921387,
        "sumsq_ref": 808725469.5
      },
      "shared_kv_states": {
        "l2_relative": 0.07342104081134417,
        "cosine": 0.9732330792354591,
        "max_abs_delta": 146.0859375,
        "per_channel_max_abs_delta_max": 146.0859375,
        "per_channel_max_abs_delta_mean": 17.354511260986328,
        "sumsq_ref": 101108181326.42188
      },
      "body_proxy": {
        "argmax_flip_rate": 0.2047467456740316,
        "n_positions": 31727,
        "teacher_forced_ppl": 30.348819770011534
      }
    },
    "cb3-int3": {
      "scheme": "cb3-int3",
      "bits": 3,
      "role": "int3 RTN g128 = STRICT conservative UPPER BOUND on cb3 (3.2369bpw RHT+VQ <= int3-RTN)",
      "inputs_embeds_hidden": {
        "l2_relative": 1.09537716790478,
        "cosine": 0.4256767154878405,
        "max_abs_delta": 74.640625,
        "per_channel_max_abs_delta_max": 74.640625,
        "per_channel_max_abs_delta_mean": 18.639850616455078,
        "sumsq_ref": 808725469.5
      },
      "shared_kv_states": {
        "l2_relative": 0.16359887454873268,
        "cosine": 0.8756624280857204,
        "max_abs_delta": 172.875,
        "per_channel_max_abs_delta_max": 172.875,
        "per_channel_max_abs_delta_mean": 20.196399688720703,
        "sumsq_ref": 101108181326.42188
      },
      "body_proxy": {
        "argmax_flip_rate": 0.5411163992813692,
        "n_positions": 31727,
        "teacher_forced_ppl": 69.47526563296671
      }
    }
  },
  "acceptance_bound": {
    "status": "ok",
    "faithful_gate_safe_estimate": {
      "delta_top1_bound": 0.016358306804929557,
      "delta_e_accepted_bound": 0.06395661809277087,
      "delta_coverage_bound": 0.016358306804929557,
      "delta_demand_tps_bound": 15.741107889179563
    },
    "faithful_anchor_scheme": "int8",
    "int4_class_point": {
      "delta_top1_bound": 0.2047467456740316,
      "delta_e_accepted_bound": 0.8005051852228195,
      "delta_coverage_bound": 0.2047467456740316,
      "delta_demand_tps_bound": 197.02165095975036
    },
    "int4_scheme": "int4",
    "loose_int3_ceiling": {
      "delta_top1_bound": 0.5411163992813692,
      "delta_e_accepted_bound": 2.1156208466603097,
      "delta_coverage_bound": 0.5411163992813692,
      "delta_demand_tps_bound": 520.7000775364831
    },
    "loose_ceiling_scheme": "cb3-int3",
    "delta_top1_bound": 0.016358306804929557,
    "delta_e_accepted_bound": 0.06395661809277087,
    "delta_coverage_bound": 0.016358306804929557,
    "delta_demand_tps_bound": 15.741107889179563,
    "caveat": "Body-proxy bf16-lm_head sensitivity (drafter mimics body); flip is an UPPER bound on |Delta-top1| (realistic <=). cb3 lives in the GATE-SAFE (int8) regime, not the int3 dead regime. The faithful cb3-vs-int4 drafter-INPUT read is BLOCKED (#372 no kernel)."
  },
  "verdict": {
    "verdict": "approximately_additive_input_leg_blocked",
    "cross_term_negligible": false,
    "cross_term_destructive": false,
    "supply_demand_additive": true,
    "delta_demand_tps_bound": 15.741107889179563,
    "delta_demand_tps_frac_of_lift": 0.1490722988028784,
    "negligible_threshold_tps": 5.279689122522481,
    "demand_lift_tps_band": 105.59378245044962,
    "drafter_input_faithful_read": "blocked:unmeasured (#372 no cb3 kernel)",
    "verdict_basis": "faithful_gate_safe_body_proxy_upper_bound"
  },
  "cb3_ub_shared_kv_states_l2_relative": 0.16359887454873268,
  "cb3_ub_inputs_embeds_hidden_l2_relative": 1.09537716790478,