{
  "pr": 564,
  "vllm_build": "vllm-0.22.1rc1.dev307+g3e8afdf78",
  "mmlu": {
    "axis": "mmlu_pro",
    "n_used": 1500,
    "n_ple_fold": 1500,
    "base_fullhead_acc": 0.6393333333333333,
    "base_fullhead_k": 959,
    "base_fullhead_n": 1500,
    "base_fullhead_wilson_lo": 0.6147046855785407,
    "base_fullhead_wilson_hi": 0.6632501202999506,
    "ple_fold_acc": 0.6466666666666666,
    "ple_fold_k": 970,
    "ple_fold_n": 1500,
    "ple_fold_wilson_lo": 0.622129618995307,
    "ple_fold_wilson_hi": 0.6704543871925787,
    "gate_0p90x_ple_fold": 0.582,
    "strict_cilb_passes_largern": true,
    "strict_cilb_margin_largern": 0.03270468557854078,
    "base_fullhead_cilb_largern": 0.6147046855785407,
    "strict_cilb_margin_557": -0.002863189324743609,
    "delta_margin_vs_557": 0.03556787490328439,
    "n_used_557": 500,
    "point_gap": 0.007333333333333303,
    "two_prop_z": 0.419184467251265,
    "paired": {
      "n_paired": 1500,
      "concordant": 1385,
      "b_fullhead_only_correct": 52,
      "c_ple_fold_only_correct": 63,
      "mcnemar_exact_p": 0.3511253697554317,
      "significant": false,
      "flips_to_ple_fold": [
        "10037",
        "10700",
        "10715",
        "1076",
        "1088",
        "11649",
        "11695",
        "11753",
        "12158",
        "1377",
        "1469",
        "1476",
        "1663",
        "1724",
        "1915",
        "2135",
        "2384",
        "2443",
        "2885",
        "3438",
        "3463",
        "3563",
        "4097",
        "4209",
        "4355",
        "4452",
        "459",
        "4633",
        "4694",
        "484",
        "5198",
        "5287",
        "5410",
        "5593",
        "5648",
        "5833",
        "5964",
        "6045",
        "6433",
        "6582",
        "6613",
        "6958",
        "7088",
        "7122",
        "7192",
        "7272",
        "75",
        "7501",
        "7542",
        "7570",
        "786",
        "7878",
        "8061",
        "8221",
        "8765",
        "916",
        "930",
        "9334",
        "9398",
        "9421",
        "9462",
        "9492",
        "960"
      ],
      "flips_to_fullhead": [
        "10709",
        "10967",
        "1112",
        "11390",
        "11427",
        "11722",
        "11732",
        "11981",
        "12151",
        "1310",
        "1320",
        "2267",
        "2339",
        "2642",
        "268",
        "2847",
        "3105",
        "3147",
        "3228",
        "3404",
        "3901",
        "392",
        "3945",
        "4341",
        "4349",
        "4444",
        "4598",
        "4960",
        "5206",
        "5262",
        "5311",
        "5345",
        "5575",
        "5840",
        "5951",
        "5990",
        "6072",
        "619",
        "6216",
        "6252",
        "6741",
        "7059",
        "7267",
        "8329",
        "855",
        "8666",
        "8773",
        "8832",
        "9155",
        "9222",
        "9250",
        "9479"
      ]
    },
    "point_gap_is_significant": false,
    "point_gap_mechanism": "sampling_noise",
    "n_prompt_mismatch": 0,
    "n_common": 1500,
    "floor": 0.601,
    "base_fullhead_point_meets_floor": true
  },
  "gpqa": {
    "axis": "gpqa_diamond",
    "n_used": 198,
    "n_ple_fold": 198,
    "base_fullhead_acc": 0.4797979797979798,
    "base_fullhead_k": 95,
    "base_fullhead_n": 198,
    "base_fullhead_wilson_lo": 0.41125812421650265,
    "base_fullhead_wilson_hi": 0.5491068352368508,
    "ple_fold_acc": 0.494949494949495,
    "ple_fold_k": 98,
    "ple_fold_n": 198,
    "ple_fold_wilson_lo": 0.42606946189188605,
    "ple_fold_wilson_hi": 0.5640217779714526,
    "gate_0p90x_ple_fold": 0.4454545454545455,
    "strict_cilb_passes_largern": false,
    "strict_cilb_margin_largern": -0.03419642123804284,
    "base_fullhead_cilb_largern": 0.41125812421650265,
    "strict_cilb_margin_557": -0.034945141619509346,
    "delta_margin_vs_557": 0.0007487203814665055,
    "n_used_557": 198,
    "point_gap": 0.015151515151515194,
    "two_prop_z": 0.3016421738106099,
    "paired": {
      "n_paired": 198,
      "concordant": 155,
      "b_fullhead_only_correct": 20,
      "c_ple_fold_only_correct": 23,
      "mcnemar_exact_p": 0.7607916425613439,
      "significant": false,
      "flips_to_ple_fold": [
        "rec0Arme2jcXQZnAW",
        "rec2UlKqC6RFHdcro",
        "rec2ZTsqazBZ3LTWZ",
        "rec4JrWy7Il8ho5vk",
        "recBGxVySx1pkrO1i",
        "recBXlqrZUCR897It",
        "recBhnXrUyTJ6WHIR",
        "recD8oX1KevFbl7bL",
        "recGFKDUd8qgz81Zl",
        "recLB0EkQ54bYVhnd",
        "recLSzwBUS3olCjhl",
        "recLrRirj7iXoB0rU",
        "recO3hvCWRGiG0odN",
        "recQiWOxhkXRz9NVE",
        "recRhwQwHijW0gCLo",
        "recb2M22zaD3tL6Qc",
        "reccOKzFNmyqeJ6ry",
        "recdya6FuYraBU5Rh",
        "reciuppdQde4FGX1z",
        "recixxJmdux0d8LZQ",
        "recn3NhOhqAPLda16",
        "recuYEkVjdVUwA3c0",
        "recyl3usDqb7ruXJx"
      ],
      "flips_to_fullhead": [
        "rec1zl5LvaatzGhFt",
        "rec260hNUCEj109Dj",
        "rec47oNPXudlTIk4y",
        "rec6sE2CRtD4drtHg",
        "rec9ubQihAh6g9bft",
        "recDytVnNYZe2HuUU",
        "recIj8lR4tuDgrHou",
        "recLAgwx9vbgB5EHk",
        "recOYsaYs6RmtlTDy",
        "recRTiyaRymerDJ4y",
        "recYOzCsevNz61Lyn",
        "recZSGUkn56v9kEp1",
        "reca44yABeO2fx7UB",
        "recjgMJaMxz4ESDF2",
        "reckYqR92oJkqJXkE",
        "recmI7EiLv72PxmYK",
        "recnjViFrqlZNL3fY",
        "recooG6bivTUJpDBz",
        "rect4iLrSfUwkNTno",
        "reczzzihL7btBH7RO"
      ]
    },
    "point_gap_is_significant": false,
    "point_gap_mechanism": "sampling_noise",
    "n_prompt_mismatch": 0,
    "n_common": 198,
    "floor": 0.423,
    "base_fullhead_point_meets_floor": true
  },
  "marker": {
    "pr": 564,
    "analysis_only": true,
    "official_tps": 0,
    "no_hf_job": true,
    "vllm_build": "vllm-0.22.1rc1.dev307+g3e8afdf78",
    "checkpoint": "google/gemma-4-E4B-it-qat-w4a16-ct (stock int4, native 262k head)",
    "protocol": "greedy temp=0/top_p=1/top_k=0",
    "mmlu_pro_base_fullhead_largern": 0.6393333333333333,
    "mmlu_pro_ple_fold_largern": 0.6466666666666666,
    "mmlu_pro_base_fullhead_wilson_lo": 0.6147046855785407,
    "mmlu_pro_base_fullhead_wilson_hi": 0.6632501202999506,
    "mmlu_pro_ple_fold_wilson_lo": 0.622129618995307,
    "mmlu_pro_ple_fold_wilson_hi": 0.6704543871925787,
    "mmlu_n_used": 1500,
    "gpqa_base_fullhead_largern": 0.4797979797979798,
    "gpqa_ple_fold_largern": 0.494949494949495,
    "gpqa_base_fullhead_wilson_lo": 0.41125812421650265,
    "gpqa_base_fullhead_wilson_hi": 0.5491068352368508,
    "gpqa_ple_fold_wilson_lo": 0.42606946189188605,
    "gpqa_ple_fold_wilson_hi": 0.5640217779714526,
    "gpqa_n_used": 198,
    "gpqa_ci_untightenable_at_dataset_ceiling": true,
    "strict_cilb_mmlu_passes_largern": true,
    "strict_cilb_gpqa_passes_largern": false,
    "strict_cilb_passes_largern": false,
    "strict_cilb_binding_margin_largern": -0.03419642123804284,
    "mmlu_strict_cilb_margin_largern": 0.03270468557854078,
    "mmlu_strict_cilb_margin_557": -0.002863189324743609,
    "mmlu_delta_margin_vs_557": 0.03556787490328439,
    "gpqa_strict_cilb_margin_largern": -0.03419642123804284,
    "gpqa_strict_cilb_margin_557": -0.034945141619509346,
    "gpqa_delta_margin_vs_557": 0.0007487203814665055,
    "point_gap_mmlu": 0.007333333333333303,
    "point_gap_gpqa": 0.015151515151515194,
    "point_gap_mmlu_is_significant": false,
    "point_gap_gpqa_is_significant": false,
    "point_gap_mmlu_mechanism": "sampling_noise",
    "point_gap_gpqa_mechanism": "sampling_noise",
    "mcnemar_mmlu_p": 0.3511253697554317,
    "mcnemar_gpqa_p": 0.7607916425613439,
    "mmlu_n_prompt_mismatch": 0,
    "gpqa_n_prompt_mismatch": 0,
    "self_det": false
  },
  "analysis_only": true,
  "no_hf_job": true,
  "official_tps": 0,