{
  "pr": 713,
  "variant": "fqg32_L14-27",
  "anchor": "fqg32_N0",
  "kind": "aime",
  "seeds": "12345,23456,34567,45678,56789",
  "n_pairs": 300,
  "both_correct": 82,
  "variant_only": 37,
  "anchor_only": 19,
  "both_wrong": 162,
  "variant_acc": 0.39666666666666667,
  "anchor_acc": 0.33666666666666667,
  "g32_locus_mcnemar_paired_diff": 0.06,
  "paired_diff_wald95_lo": 0.011582754220330858,
  "paired_diff_wald95_hi": 0.10841724577966913,
  "paired_diff_wald90_lo": 0.019364097292063398,
  "paired_diff_wald90_hi": 0.1006359027079366,
  "mcnemar_exact_p": 0.022241389472860112,
  "mcnemar_chi2_cc": 5.160714285714286,
  "per_seed_mean_delta": 0.06000000000000001,
  "seeds_variant_gt_anchor": 3,
  "n_seeds": 5,
  "recovery_lift_significant_0p05": true,
  "diff_ci95_excludes_zero": true,
  "analysis_only": true,
  "official_tps": 0,
  "no_hf_job": 1,
  "fires": 0
}