{
  "cell": "fqg32_N0_s45678",
  "kind": "aime",
  "n": 60,
  "n_eff": 60,
  "errors": 0,
  "correct": 19,
  "acc": 0.31666666666666665,
  "ci_lo": 0.21305705841174333,
  "ci_hi": 0.4423400494301654,
  "truncation_rate": 0.21666666666666667,
  "n_truncated": 13,
  "extract_fail": 0,
  "mean_completion_tokens": 4095.6666666666665,
  "max_completion_tokens": 6144,
  "mean_s_per_item": 284.64136666666667,
  "tokens_per_s_proxy": 14.388866645173733,
  "n_timed": 60,
  "total_decode_wall_s": 17078.482,
  "bf16_endpoint": 0.4667,
  "bf16_run": "zoszxnb0",
  "int4_endpoint": 0.4,
  "bar90": 0.42,
  "clears_90pct_bar": false,
  "max_model_len": 8192,
  "max_tokens": 6144,
  "min_tokens": 8,
  "max_num_seqs": 8,
  "batch_invariant": 1,
  "tps_proxy_is_speed_metric": false,
  "analysis_only": true,
  "official_tps": 0,
  "no_hf_job": 1,
  "fires": 0,
  "decode": "sampled_s45678",
  "seed": 45678,
  "g32_layers": "none",
  "n_g32_layers": 0,
  "g32_group": 32,
  "g128_group": 128,
  "quant_head": true,
  "peak_vram_gb": 18.9892578125,
  "wandb_run_id": "o94wfd9p"
}