{
  "cell": "fqg32_L14-27_s56789",
  "kind": "aime",
  "n": 60,
  "n_eff": 60,
  "errors": 0,
  "correct": 22,
  "acc": 0.36666666666666664,
  "ci_lo": 0.2562073884620827,
  "ci_hi": 0.4931723263320327,
  "truncation_rate": 0.18333333333333332,
  "n_truncated": 11,
  "extract_fail": 0,
  "mean_completion_tokens": 4138.866666666667,
  "max_completion_tokens": 6144,
  "mean_s_per_item": 287.43771666666663,
  "tokens_per_s_proxy": 14.399177375411705,
  "n_timed": 60,
  "total_decode_wall_s": 17246.263,
  "bf16_endpoint": 0.4667,
  "bf16_run": "zoszxnb0",
  "int4_endpoint": 0.4,
  "bar90": 0.42,
  "clears_90pct_bar": false,
  "max_model_len": 8192,
  "max_tokens": 6144,
  "min_tokens": 8,
  "max_num_seqs": 8,
  "batch_invariant": 1,
  "tps_proxy_is_speed_metric": false,
  "analysis_only": true,
  "official_tps": 0,
  "no_hf_job": 1,
  "fires": 0,
  "decode": "sampled_s56789",
  "seed": 56789,
  "g32_layers": "14-27",
  "n_g32_layers": 14,
  "g32_group": 32,
  "g128_group": 128,
  "quant_head": true,
  "peak_vram_gb": 18.9892578125,
  "wandb_run_id": "jp6y6jhe"
}