{
  "cell": "fqg32_L14-27_s12345",
  "kind": "aime",
  "n": 60,
  "n_eff": 60,
  "errors": 0,
  "correct": 24,
  "acc": 0.4,
  "ci_lo": 0.28569303003765506,
  "ci_hi": 0.5263417560579315,
  "truncation_rate": 0.18333333333333332,
  "n_truncated": 11,
  "extract_fail": 0,
  "mean_completion_tokens": 3934.7833333333333,
  "max_completion_tokens": 6144,
  "mean_s_per_item": 273.08553333333344,
  "tokens_per_s_proxy": 14.40861141674049,
  "n_timed": 60,
  "total_decode_wall_s": 16385.132000000005,
  "bf16_endpoint": 0.4667,
  "bf16_run": "zoszxnb0",
  "int4_endpoint": 0.4,
  "bar90": 0.42,
  "clears_90pct_bar": false,
  "max_model_len": 8192,
  "max_tokens": 6144,
  "min_tokens": 8,
  "max_num_seqs": 8,
  "batch_invariant": 1,
  "tps_proxy_is_speed_metric": false,
  "analysis_only": true,
  "official_tps": 0,
  "no_hf_job": 1,
  "fires": 0,
  "decode": "sampled_s12345",
  "seed": 12345,
  "g32_layers": "14-27",
  "n_g32_layers": 14,
  "g32_group": 32,
  "g128_group": 128,
  "quant_head": true,
  "peak_vram_gb": 18.9873046875,
  "wandb_run_id": "wfj30dg6"
}