{
  "cell": "fqg32_L14-27_s23456",
  "kind": "aime",
  "n": 60,
  "n_eff": 60,
  "errors": 0,
  "correct": 21,
  "acc": 0.35,
  "ci_lo": 0.24167601723815488,
  "ci_hi": 0.4763761619052249,
  "truncation_rate": 0.13333333333333333,
  "n_truncated": 8,
  "extract_fail": 0,
  "mean_completion_tokens": 3764.233333333333,
  "max_completion_tokens": 6144,
  "mean_s_per_item": 262.10375000000005,
  "tokens_per_s_proxy": 14.36161570879216,
  "n_timed": 60,
  "total_decode_wall_s": 15726.225000000002,
  "bf16_endpoint": 0.4667,
  "bf16_run": "zoszxnb0",
  "int4_endpoint": 0.4,
  "bar90": 0.42,
  "clears_90pct_bar": false,
  "max_model_len": 8192,
  "max_tokens": 6144,
  "min_tokens": 8,
  "max_num_seqs": 8,
  "batch_invariant": 1,
  "tps_proxy_is_speed_metric": false,
  "analysis_only": true,
  "official_tps": 0,
  "no_hf_job": 1,
  "fires": 0,
  "decode": "sampled_s23456",
  "seed": 23456,
  "g32_layers": "14-27",
  "n_g32_layers": 14,
  "g32_group": 32,
  "g128_group": 128,
  "quant_head": true,
  "peak_vram_gb": 18.9541015625,
  "wandb_run_id": "7imp0nub"
}