{
  "runner": "paired_tps_ab",
  "pr": 82,
  "metric": "wall_tps",
  "baseline": {
    "submission": "fa2sw_precache_kenyan",
    "label": "bm16_s3",
    "override_env": {},
    "describe": "fa2sw_precache_kenyan"
  },
  "candidate": {
    "submission": "fa2sw_precache_kenyan",
    "label": "bm16_s2",
    "override_env": {
      "WIRBEL_BM4_AB": "1",
      "WIRBEL_BM4_BLOCK_M": "16",
      "WIRBEL_BM4_NUM_STAGES": "2"
    },
    "describe": "fa2sw_precache_kenyan[WIRBEL_BM4_AB=1,WIRBEL_BM4_BLOCK_M=16,WIRBEL_BM4_NUM_STAGES=2]"
  },
  "n": 1,
  "workload": {
    "num_prompts": 128,
    "output_len": 512,
    "seed": 4
  },
  "reused_baseline_from": null,
  "elapsed_s": 472.74710059165955,
  "git": {
    "git_commit": "626fb4f931a0b87e46d9d6c51e8626f94832d28d",
    "git_branch": "wirbel/numstages-realize",
    "git_dirty": true
  },
  "arms": {
    "baseline": {
      "n": 1,
      "wall_tps": {
        "n": 1,
        "mean": 454.5924128319026,
        "std": 0.0,
        "cv_pct": 0.0,
        "min": 454.5924128319026,
        "max": 454.5924128319026,
        "range_pct": 0.0,
        "median": 454.5924128319026,
        "p25": 454.5924128319026,
        "p75": 454.5924128319026,
        "values": [
          454.5924128319026
        ]
      },
      "steady_gen_tps_mean": {
        "n": 1,
        "mean": 456.00714285714287,
        "std": 0.0,
        "cv_pct": 0.0,
        "min": 456.00714285714287,
        "max": 456.00714285714287,
        "range_pct": 0.0,
        "median": 456.00714285714287,
        "p25": 456.00714285714287,
        "p75": 456.00714285714287,
        "values": [
          456.00714285714287
        ]
      },
      "e_accept_exact": {
        "n": 1,
        "mean": 3.867785559043709,
        "std": 0.0,
        "cv_pct": 0.0,
        "min": 3.867785559043709,
        "max": 3.867785559043709,
        "range_pct": 0.0,
        "median": 3.867785559043709,
        "p25": 3.867785559043709,
        "p75": 3.867785559043709,
        "values": [
          3.867785559043709
        ]
      },
      "server_ready_s": {
        "n": 1,
        "mean": 80.0148937702179,
        "std": 0.0,
        "cv_pct": 0.0,
        "min": 80.0148937702179,
        "max": 80.0148937702179,
        "range_pct": 0.0,
        "median": 80.0148937702179,
        "p25": 80.0148937702179,
        "p75": 80.0148937702179,
        "values": [
          80.0148937702179
        ]
      },
      "records": [
        {
          "run_idx": 0,
          "t_start_utc": "2026-06-16T08:33:55.112696+00:00",
          "seed": 4,
          "num_prompts": 128,
          "output_len": 512,
          "num_completion_tokens": 65536,
          "decode_duration_s": 144.164306640625,
          "wall_around_decode_s": 152.5473756790161,
          "wall_tps": 454.5924128319026,
          "steady_gen_tps_mean": 456.00714285714287,
          "steady_gen_tps_mean_nonzero": 456.00714285714287,
          "steady_gen_tps_n": 14,
          "gen_tps_series": [
            423.0,
            459.6,
            499.7,
            466.9,
            485.9,
            489.4,
            470.0,
            397.4,
            438.4,
            443.8,
            477.5,
            433.3,
            441.2,
            458.0
          ],
          "e_accept_exact": 3.867785559043709,
          "e_accept_interval_mean": 3.8685714285714288,
          "num_speculative_tokens": 7,
          "total_accepted_tokens": 47502,
          "total_drafted_tokens": 115948,
          "intervals": 14,
          "clock": {
            "n_samples": 620,
            "n_load_samples": 576,
            "sm_clock_mhz": {
              "mean": 1710.0,
              "min": 1710.0,
              "max": 1710.0
            },
            "sm_clock_mhz_load": {
              "mean": 1710.0,
              "min": 1710.0,
              "max": 1710.0
            },
            "mem_clock_mhz_load": {
              "mean": 6251.0,
              "min": 6251.0,
              "max": 6251.0
            },
            "temp_c": {
              "mean": 42.37903225806452,
              "min": 30.0,
              "max": 48.0
            },
            "power_w_load": {
              "mean": 164.26942708333334,
              "min": 58.85,
              "max": 187.0
            },
            "util_pct": {
              "mean": 92.20322580645161,
              "min": 0.0,
              "max": 100.0
            }
          },
          "log_offset_start": 0,
          "server_ready_s": 80.0148937702179,
          "arm": "bm16_s3",
          "submission": "fa2sw_precache_kenyan",
          "override_env": {}
        }
      ]
    },
    "candidate": {
      "n": 1,
      "wall_tps": {
        "n": 1,
        "mean": 456.5399475828092,
        "std": 0.0,
        "cv_pct": 0.0,
        "min": 456.5399475828092,
        "max": 456.5399475828092,
        "range_pct": 0.0,
        "median": 456.5399475828092,
        "p25": 456.5399475828092,
        "p75": 456.5399475828092,
        "values": [
          456.5399475828092
        ]
      },
      "steady_gen_tps_mean": {
        "n": 1,
        "mean": 453.40714285714284,
        "std": 0.0,
        "cv_pct": 0.0,
        "min": 453.40714285714284,
        "max": 453.40714285714284,
        "range_pct": 0.0,
        "median": 453.40714285714284,
        "p25": 453.40714285714284,
        "p75": 453.40714285714284,
        "values": [
          453.40714285714284
        ]
      },
      "e_accept_exact": {
        "n": 1,
        "mean": 3.870170109356015,
        "std": 0.0,
        "cv_pct": 0.0,
        "min": 3.870170109356015,
        "max": 3.870170109356015,
        "range_pct": 0.0,
        "median": 3.870170109356015,
        "p25": 3.870170109356015,
        "p75": 3.870170109356015,
        "values": [
          3.870170109356015
        ]
      },
      "server_ready_s": {
        "n": 1,
        "mean": 80.01503324508667,
        "std": 0.0,
        "cv_pct": 0.0,
        "min": 80.01503324508667,
        "max": 80.01503324508667,
        "range_pct": 0.0,
        "median": 80.01503324508667,
        "p25": 80.01503324508667,
        "p75": 80.01503324508667,
        "values": [
          80.01503324508667
        ]
      },
      "records": [
        {
          "run_idx": 0,
          "t_start_utc": "2026-06-16T08:37:51.460407+00:00",
          "seed": 4,
          "num_prompts": 128,
          "output_len": 512,
          "num_completion_tokens": 65536,
          "decode_duration_s": 143.5493221282959,
          "wall_around_decode_s": 152.3999719619751,
          "wall_tps": 456.5399475828092,
          "steady_gen_tps_mean": 453.40714285714284,
          "steady_gen_tps_mean_nonzero": 453.40714285714284,
          "steady_gen_tps_n": 14,
          "gen_tps_series": [
            359.3,
            466.8,
            480.9,
            486.6,
            475.8,
            493.5,
            479.5,
            403.9,
            428.9,
            434.0,
            483.7,
            440.2,
            453.6,
            461.0
          ],
          "e_accept_exact": 3.870170109356015,
          "e_accept_interval_mean": 3.87,
          "num_speculative_tokens": 7,
          "total_accepted_tokens": 47243,
          "total_drafted_tokens": 115220,
          "intervals": 14,
          "clock": {
            "n_samples": 620,
            "n_load_samples": 573,
            "sm_clock_mhz": {
              "mean": 1710.0,
              "min": 1710.0,
              "max": 1710.0
            },
            "sm_clock_mhz_load": {
              "mean": 1710.0,
              "min": 1710.0,
              "max": 1710.0
            },
            "mem_clock_mhz_load": {
              "mean": 6251.0,
              "min": 6251.0,
              "max": 6251.0
            },
            "temp_c": {
              "mean": 42.47258064516129,
              "min": 30.0,
              "max": 47.0
            },
            "power_w_load": {
              "mean": 164.27532286212914,