{
  "pr": 240,
  "metric_primary": "tps_risk_exchange_rate_self_test_passes",
  "metric_test": "tps_per_pct_risk_at_speed_gate",
  "tps_risk_exchange_rate_self_test_passes": true,
  "tps_per_pct_risk_at_speed_gate": -0.6430971869937058,
  "tps_per_pct_risk_at_speed_gate_grounded": -0.2443431893903935,
  "exchange_rate_sign": "negative",
  "co_monotone_in_lambda": true,
  "pr_premise_tps_decreasing_in_lambda_holds": false,
  "observed": {
    "tps_increasing_in_lambda": true,
    "risk_decreasing_in_lambda": true,
    "exchange_rate_negative_everywhere": true,
    "grounded_risk_steeper_at_gate": true
  },
  "efficient_lambda": 0.9780112973731208,
  "efficient_point": {
    "efficient_lambda": 0.9780112973731208,
    "efficient_lambda_name": "p95_bar",
    "efficient_tps": 515.93152327346,
    "efficient_risk_assumed": 0.029652072149779496,
    "rationale": "co-monotone axis (TPS increasing, risk decreasing in lambda) -> the most TPS-efficient AND least-risky build in the band is its TOP endpoint; no interior optimum exists because a dominated axis has no trade-off frontier.",
    "max_ratio_lambda": 0.9138270633254324,
    "max_ratio_lambda_name": "floor",
    "max_ratio_dtps_drisk_assumed": -18.772781174017734,
    "max_ratio_tps": 501.8044138930191,
    "max_ratio_risk_assumed": 0.4999999999999939,
    "max_ratio_is_degenerate_worst_build": true,
    "band": [
      0.9138270633254324,
      0.9780112973731208
    ]
  },
  "exchange_table": {
    "regime": "both_bugs",
    "rows": [
      {
        "name": "floor",
        "lambda": 0.9138270633254324,
        "tps": 501.8044138930191,
        "risk_assumed": 0.4999999999999939,
        "risk_grounded": 0.7999393082683902,
        "dtps_dlambda": 214.13158696598634,
        "drisk_dlambda_assumed": -11.406492462733912,
        "drisk_dlambda_grounded": -7.906509254024491,
        "dtps_drisk_assumed": -18.772781174017734,
        "dtps_drisk_grounded": -27.082949009006885,
        "tps_per_pct_risk_assumed": -0.18772781174017733,
        "tps_per_pct_risk_grounded": -0.27082949009006885
      },
      {
        "name": "0.9500",
        "lambda": 0.95,
        "tps": 509.6707605470792,
        "risk_assumed": 0.1468060268026572,
        "risk_grounded": 0.42239748558634793,
        "dtps_dlambda": 220.83900506051367,
        "drisk_dlambda_assumed": -6.775450200807176,
        "drisk_dlambda_grounded": -11.394385601776055,
        "dtps_drisk_assumed": -32.59399722755022,
        "dtps_drisk_grounded": -19.381387709583155,
        "tps_per_pct_risk_assumed": -0.3259399722755022,
        "tps_per_pct_risk_grounded": -0.19381387709583156
      },
      {
        "name": "speed_gate",
        "lambda": 0.9674684694454245,
        "tps": 513.5574577506176,
        "risk_assumed": 0.05831773945416474,
        "risk_grounded": 0.2394311004235805,
        "dtps_dlambda": 224.16645889999245,
        "drisk_dlambda_assumed": -3.485732225760559,
        "drisk_dlambda_grounded": -9.174246250090311,
        "dtps_drisk_assumed": -64.30971869937058,
        "dtps_drisk_grounded": -24.43431893903935,
        "tps_per_pct_risk_assumed": -0.6430971869937058,
        "tps_per_pct_risk_grounded": -0.2443431893903935
      },
      {
        "name": "p95_bar",
        "lambda": 0.9780112973731208,
        "tps": 515.93152327346,
        "risk_assumed": 0.029652072149779496,
        "risk_grounded": 0.1536104290629421,
        "dtps_dlambda": 226.2031142598499,
        "drisk_dlambda_assumed": -2.0345013426151857,
        "drisk_dlambda_grounded": -7.062588869751833,
        "dtps_drisk_assumed": -111.18356597842508,
        "dtps_drisk_grounded": -32.02835651791215,
        "tps_per_pct_risk_assumed": -1.111835659784251,
        "tps_per_pct_risk_grounded": -0.32028356517912154
      },
      {
        "name": "0.9970",
        "lambda": 0.997,
        "tps": 520.2620623190401,
        "risk_assumed": 0.006871795957532734,
        "risk_grounded": 0.055709571510762945,
        "dtps_dlambda": 229.92612661503733,
        "drisk_dlambda_assumed": -0.588270792728233,
        "drisk_dlambda_grounded": -3.4052577203145264,
        "dtps_drisk_assumed": -390.85082832126545,
        "dtps_drisk_grounded": -67.52091779819831,
        "tps_per_pct_risk_assumed": -3.9085082832126545,
        "tps_per_pct_risk_grounded": -0.6752091779819831
      },
      {
        "name": "1.0000",
        "lambda": 1.0,
        "tps": 520.9527323111674,
        "risk_assumed": 0.005293117644008305,
        "risk_grounded": 0.04619989457207463,
        "dtps_dlambda": 230.52073367372176,
        "drisk_dlambda_assumed": -0.46798678420043455,
        "drisk_dlambda_grounded": -2.941348259759354,
        "dtps_drisk_assumed": -492.5795801425704,
        "dtps_drisk_grounded": -78.37247184479331,
        "tps_per_pct_risk_assumed": -4.925795801425704,
        "tps_per_pct_risk_grounded": -0.7837247184479331
      }
    ]
  },
  "decision_read": {
    "from_lambda": 0.9780112973731208,
    "to_lambda": 0.9674684694454245,
    "delta_tps": -2.374065522842443,
    "delta_risk_assumed_pp": 2.8665667304385245,
    "delta_risk_grounded_pp": 8.582067136063841,
    "secant_tps_per_pct_risk_assumed": -0.8281912636582023,
    "secant_tps_per_pct_risk_grounded": -0.27663096608345883,
    "words": "Dropping from the 0.9780 P95 bar to the 0.9675 speed gate changes public TPS by -2.374 (a LOSS) while changing accepted private-draw risk by +2.87pp (assumed f_priv) / +8.58pp (grounded). Because TPS and clearance both fall with lambda, the move is strictly dominated: it buys NEGATIVE TPS per +1pp of extra risk (-0.828 TPS/pp assumed). There is no speed-for-risk trade on the build-lambda axis -- a faster build is the SAME as a safer build (both want higher lambda)."
  },
  "law": "TPS(lambda) = mu_pub(lambda) = 520.953*E[T](lambda)/E[T](1) = K_cal*(E[T](lambda)/step)*tau_anchor (ubel #234/#222, both_bugs). risk(lambda) = 1 - Phi((private_mean(lambda)-500)/sigma_draw) (kanna #237). exchange rate dTPS/drisk(lambda) = (dTPS/dlambda)/(drisk/dlambda); both derivatives by central finite difference (h=1e-6). dTPS/dlambda>0 and drisk/dlambda<0 everywhere => dTPS/drisk<0 everywhere (co-monotone, dominated axis).",
  "composition": {
    "k_cal": 125.26795005202914,
    "step": 1.2182,
    "tau_anchor": 0.970733167512287,
    "ceiling_lambda1": 520.9527323111674,
    "sigma_draw": 7.390974474817942,
    "f_priv_assumed": 0.969106920637722,
    "f_priv_grounded": 0.9570535584491102,
    "lambda_floor_publish_first": 0.9138270633254324,
    "lambda_speed_gate": 0.9674684694454245,
    "p95_bar": 0.9780112973731208,
    "publish_first_band": [
      0.9138,
      0.978
    ],
    "h_deriv": 1e-06
  },
  "provenance": {
    "tps_speed_gate_234": 513.5574577506176,
    "tps_speed_gate_recomputed": 513.5574577506176,
    "tps_speed_gate_resid": 0.0,
    "tps_ceiling_resid": 0.0,
    "tps_roundtrips_234": true,
    "risk_resid": {
      "floor": {
        "assumed": 0.0,
        "grounded": 0.0
      },
      "0.9500": {
        "assumed": 0.0,
        "grounded": 0.0
      },
      "speed_gate": {
        "assumed": 0.0,
        "grounded": 0.0
      },
      "p95_bar": {
        "assumed": 0.0,
        "grounded": 0.0
      },
      "0.9970": {
        "assumed": 0.0,
        "grounded": 0.0
      },
      "1.0000": {
        "assumed": 0.0,
        "grounded": 0.0
      }
    },
    "risk_max_resid": 0.0,
    "risk_roundtrips_237": true
  },
  "self_test": {
    "tps_risk_exchange_rate_self_test_passes": true,
    "tps_per_pct_risk_at_speed_gate": -0.6430971869937058,
    "tps_per_pct_risk_at_speed_gate_grounded": -0.2443431893903935,
    "checks": {
      "a_tps_roundtrips_anchors_and_risk_roundtrips_237": true,
      "b_observed_monotone_tps_up_risk_down_xrate_negative": true,
      "c_grounded_exchange_rate_differs_risk_steeper": true,
      "d_efficient_lambda_in_publish_first_band": true,
      "e_nan_clean": true
    },