{
  "source": "#56 maxbatchtok_ab control (mbt=512), two identical-config runs",
  "full_run1": {
    "steady_gen_tps_mean": 429.04,
    "wall_tps": 454.3
  },
  "full2_run2": {
    "steady_gen_tps_mean": 448.01,
    "wall_tps": 454.35
  },
  "steady_swing_pct": 4.4214991609173895,
  "wall_swing_pct": 0.011005943209335543,
  "full2_interval_series_decode": [
    306.5,
    461.8,
    443.5,
    445.9,
    456.0,
    483.3,
    446.1,
    502.7,
    445.4,
    447.5,
    462.2,
    432.9,
    482.7,
    455.7
  ],
  "full2_interval_series_with_ppl_leak": [
    306.5,
    461.8,
    443.5,
    445.9,
    456.0,
    483.3,
    446.1,
    502.7,
    445.4,
    447.5,
    462.2,
    432.9,
    482.7,
    455.7,
    282.1,
    6.4
  ],
  "full2_steady_decode14": 448.0142857142857,
  "full2_steady_all16_ppl_leak": 410.04375,
  "full2_windowed_W1": 458.9,
  "interpretation": "steady_gen_tps_mean (unweighted interval mean) swung +4.4% while wall_tps was identical (+0.01%); the swing is a metric-estimator artifact (cold first interval + interval-inclusion fragility), not throughput variance."
}