{
  "submission": "/workspace/senpai/target/submissions/fa2sw_precache_kenyan",
  "server_python": "/tmp/senpai-venvs/5f4c623f772358a2/bin/python",
  "num_prompts": 128,
  "output_len": 512,
  "seed": 1,
  "conc": 1,
  "utc": "2026-06-14T12:44:53Z",
  "dataset": "/workspace/senpai/target/data/private_proxy_sharegpt.json",
  "tag": "private",
  "decode_summary": {
    "dataset_path": "/workspace/senpai/target/data/private_proxy_sharegpt.json",
    "duration_s": 179.0292296409607,
    "num_completion_tokens": 65536,
    "num_prompt_tokens": 34839,
    "num_records": 128,
    "output_file": "/workspace/senpai/target/research/validity/tree_private_acceptance_gap/decode_accept_calibration_private.jsonl",
    "output_len": 512,
    "request_timeout_s": 180,
    "required_request_field": "return_token_ids: true",
    "required_response_field": "choices[0].token_ids",
    "seed": 1,
    "token_id_sources": {
      "choices[0].token_ids": 128
    },
    "token_ids_required": true,
    "tokenizer": "google/gemma-4-E4B-it"
  },
  "prometheus_raw_available": true,
  "decode_wall_s": 278.55905628204346,
  "server_log_metrics": {
    "intervals": 17,
    "num_speculative_tokens": 7,
    "total_accepted_tokens": 42491,
    "total_drafted_tokens": 142324,
    "num_drafts": 20332.0,
    "mean_tokens_per_step_E_T": 3.089858351367303,
    "draft_acceptance_rate": 0.2985511930524718,
    "cumulative_acceptance_C": [
      0.5991304839661618,
      0.4129857367696242,
      0.3082617548691718,
      0.2384906059413732,
      0.20216924060594138,
      0.17434664568168404,
      0.15442106039740314
    ],
    "conditional_acceptance_p": [
      0.5991304839661618,
      0.6893085026081717,
      0.7464222790849783,
      0.7736626492721749,
      0.8477031613381011,
      0.862379683274926,
      0.885712826843481
    ],
    "per_interval": [
      {
        "mean_acceptance_length": 2.94,
        "accepted": 2267,
        "drafted": 8183,
        "cumulative_rate": [
          0.578,
          0.371,
          0.275,
          0.22,
          0.184,
          0.168,
          0.144
        ],
        "avg_draft_acceptance_pct": 27.7
      },
      {
        "mean_acceptance_length": 3.19,
        "accepted": 2613,
        "drafted": 8358,
        "cumulative_rate": [
          0.613,
          0.426,
          0.312,
          0.251,
          0.221,
          0.195,
          0.169
        ],
        "avg_draft_acceptance_pct": 31.3
      },
      {
        "mean_acceptance_length": 2.79,
        "accepted": 2161,
        "drafted": 8428,
        "cumulative_rate": [
          0.558,
          0.361,
          0.264,
          0.205,
          0.158,
          0.135,
          0.113
        ],
        "avg_draft_acceptance_pct": 25.6
      },
      {
        "mean_acceptance_length": 3.09,
        "accepted": 2524,
        "drafted": 8463,
        "cumulative_rate": [
          0.605,
          0.428,
          0.306,
          0.232,
          0.195,
          0.17,
          0.152
        ],
        "avg_draft_acceptance_pct": 29.8
      },
      {
        "mean_acceptance_length": 3.57,
        "accepted": 3066,
        "drafted": 8337,
        "cumulative_rate": [
          0.637,
          0.474,
          0.394,
          0.323,
          0.277,
          0.249,
          0.221
        ],
        "avg_draft_acceptance_pct": 36.8
      },
      {
        "mean_acceptance_length": 3.44,
        "accepted": 2882,
        "drafted": 8274,
        "cumulative_rate": [
          0.622,
          0.491,
          0.4,
          0.266,
          0.237,
          0.217,
          0.206
        ],
        "avg_draft_acceptance_pct": 34.8
      },
      {
        "mean_acceptance_length": 2.54,
        "accepted": 1865,
        "drafted": 8491,
        "cumulative_rate": [
          0.528,
          0.34,
          0.225,
          0.161,
          0.12,
          0.091,
          0.073
        ],
        "avg_draft_acceptance_pct": 22.0
      },
      {
        "mean_acceptance_length": 3.57,
        "accepted": 3101,
        "drafted": 8442,
        "cumulative_rate": [
          0.677,
          0.483,
          0.39,
          0.295,
          0.268,
          0.239,
          0.22
        ],
        "avg_draft_acceptance_pct": 36.7
      },
      {
        "mean_acceptance_length": 2.89,
        "accepted": 2275,
        "drafted": 8407,
        "cumulative_rate": [
          0.585,
          0.377,
          0.262,
          0.204,
          0.18,
          0.149,
          0.137
        ],
        "avg_draft_acceptance_pct": 27.1
      },
      {
        "mean_acceptance_length": 2.94,
        "accepted": 2344,
        "drafted": 8477,
        "cumulative_rate": [
          0.584,
          0.386,
          0.288,
          0.222,
          0.18,
          0.146,
          0.129
        ],
        "avg_draft_acceptance_pct": 27.7
      },
      {
        "mean_acceptance_length": 2.43,
        "accepted": 1736,
        "drafted": 8526,
        "cumulative_rate": [
          0.55,
          0.327,
          0.196,
          0.131,
          0.098,
          0.071,
          0.053
        ],
        "avg_draft_acceptance_pct": 20.4
      },
      {
        "mean_acceptance_length": 2.95,
        "accepted": 2365,
        "drafted": 8484,
        "cumulative_rate": [
          0.593,
          0.405,
          0.3,
          0.205,
          0.175,
          0.144,
          0.129
        ],
        "avg_draft_acceptance_pct": 27.9
      },
      {
        "mean_acceptance_length": 3.08,
        "accepted": 2461,
        "drafted": 8288,
        "cumulative_rate": [
          0.586,
          0.405,
          0.308,
          0.241,
          0.203,
          0.173,
          0.163
        ],
        "avg_draft_acceptance_pct": 29.7
      },
      {
        "mean_acceptance_length": 3.76,
        "accepted": 3291,
        "drafted": 8344,
        "cumulative_rate": [
          0.654,
          0.505,
          0.395,
          0.357,
          0.321,
          0.286,
          0.242
        ],
        "avg_draft_acceptance_pct": 39.4
      },
      {
        "mean_acceptance_length": 3.47,
        "accepted": 2849,
        "drafted": 8085,
        "cumulative_rate": [
          0.631,
          0.474,
          0.375,
          0.31,
          0.259,
          0.219,
          0.198
        ],
        "avg_draft_acceptance_pct": 35.2
      },
      {
        "mean_acceptance_length": 2.69,
        "accepted": 2012,
        "drafted": 8351,
        "cumulative_rate": [
          0.561,
          0.36,
          0.247,
          0.177,
          0.136,
          0.112,
          0.093
        ],
        "avg_draft_acceptance_pct": 24.1
      },
      {
        "mean_acceptance_length": 3.24,
        "accepted": 2679,
        "drafted": 8386,
        "cumulative_rate": [
          0.626,
          0.413,
          0.31,
          0.261,
          0.231,
          0.206,
          0.189
        ],
        "avg_draft_acceptance_pct": 31.9
      }
    ]
  },
  "prometheus_metrics": {
    "populated": true,
    "num_drafts": 21404.0,
    "num_accepted_tokens": 44342.0,
    "num_draft_tokens": 149828.0,
    "mean_tokens_per_step_E_T": 3.071668846944496,
    "accepted_per_pos": [
      12771.0,
      8769.0,
      6542.0,
      5055.0,
      4280.0,
      3678.0,
      3247.0
    ],
    "cumulative_acceptance_C": [
      0.5966641749205756,
      0.40968977761166137,
      0.30564380489628107,
      0.23617080919454309,
      0.1999626238086339,
      0.1718370398056438,
      0.15170061670715754
    ],
    "conditional_acceptance_p": [
      0.5966641749205756,
      0.6866337796570355,
      0.7460371764169232,
      0.7726994802812596,
      0.8466864490603362,
      0.8593457943925233,
      0.8828167482327351
    ]
  },
  "server_log": "/workspace/senpai/target/research/validity/tree_private_acceptance_gap/server_accept_calibration_private.log",