{
  "config": {
    "accept_json": "research/accept_calibration/accept_calibration_results.json",
    "private_json": "research/validity/tree_private_acceptance_gap/accept_calibration_private.json",
    "accept_source": "server_log",
    "rankcov_json": "research/rank_coverage/rank_coverage_results.json",
    "rho_opt_json": "research/spec_cost_model/rho_optimal_topology_results.json",
    "step": 1.2182,
    "ground_truth_drop": 0.043,
    "drop_targets": [
      0.043,
      0.09,
      0.113
    ],
    "W": 4,
    "max_depth": 24,
    "output": "research/validity/tree_private_acceptance_gap/results.json",
    "wandb_project": "gemma-challenge-senpai",
    "wandb_entity": "wandb-applied-ai-team",
    "wandb_group": "tree-private-acceptance-gap",
    "wandb_name": "stark/tree-private-acceptance-gap-propagation",
    "no_wandb": false
  },
  "constants": {
    "K_cal": 125.26795005202914,
    "step_measured_depth9": 1.2182,
    "step_roofline": 1.2127483746822987,
    "tau_band": {
      "low": 0.9983,
      "central": 1.0,
      "high": 1.0
    },
    "bug1_mult": 0.9317455102952731,
    "ground_truth_drop": 0.043,
    "clear_500_bar_at_step": 4.862377006624717,
    "frontier_official": 481.53,
    "target_500": 500.0
  },
  "public_ladder": {
    "q_conditional": [
      0.728739760479042,
      0.7589764102641635,
      0.7924989076194682,
      0.821702519412012,
      0.8342716929825772,
      0.8352594665096346,
      0.8472621220149911
    ],
    "linear_E_T": 3.8444537125748504,
    "rho_cond": [
      0.4165047789261015,
      0.2655480090557997,
      0.19075249320036264
    ],
    "depth1_public": 0.728739760479042
  },
  "self_test": {
    "ET_tree_0598": 4.811237948198919,
    "ET_tree_0598_expected": 4.811237948198919,
    "ET_tree_cell3_descent_only_0679": 5.056404568844709,
    "ET_tree_cell3_expected": 5.0564,
    "ET_tree_cell4_both_bugs_0729": 5.206954309441963,
    "ET_tree_cell4_expected": 5.2068,
    "official_cell3_step_meas": 519.9519249490157,
    "official_cell4_step_meas": 535.4330096522523,
    "official_cell3_step_roofline": 522.2892466368573,
    "official_cell4_step_roofline": 537.8399229182609,
    "clear_500_bar_step_meas": 4.862377006624717,
    "clear_500_bar_step_roofline": 4.840617149792076,
    "passes": true
  },
  "public_descent_walk_reference": {
    "et_descent_only": 5.056404568844709,
    "et_both_bugs": 5.206954309441963,
    "official_descent_only": 519.9519249490157,
    "official_both_bugs": 535.4330096522523
  },
  "private_pending": false,
  "private_ladder": {
    "q_conditional_raw": [
      0.5991304839661618,
      0.6893085026081717,
      0.7464222790849783,
      0.7736626492721749,
      0.8477031613381011,
      0.862379683274926,
      0.885712826843481
    ],
    "linear_E_T_raw": 3.0898055282313597,
    "proxy_aggregate_drop": 0.19629529726814154,
    "spine_haircut_raw": 0.9618433307034132,
    "measured_E_T_reported": 3.089858351367303,
    "source": "server_log",
    "private_json": "research/validity/tree_private_acceptance_gap/accept_calibration_private.json"
  },
  "drop_anchors": [
    {
      "label": "calibrated_4.3pct",
      "aggregate_drop_target": 0.043,
      "frac_of_proxy_shift": 0.2050960108660816,
      "spine": [
        0.7021574148950114,
        0.744687800318533,
        0.783048774912886,
        0.8118497336838069,
        0.8370264335623692,
        0.8408217147820193,
        0.8551482081903036
      ],
      "spine_haircut_h": 0.9921742193393338,
      "linear_E_T": 3.6791422029341314,
      "projection": {
        "descent_only": {
          "depth1": 0.6542320188489622,
          "et_central_rho_coupled": 4.915508741892547,
          "et_upper_rho_public": 4.923703742447587,
          "official_central": 505.4635557048992,
          "official_taulow": 504.60426766020083,
          "official_upper_rho_public": 506.30625059917355,
          "tps_band": [
            504.60426766020083,
            506.30625059917355
          ],
          "clears_500_central": true,
          "clears_500_conservative": true,
          "clears_500_band_low": true,
          "clears_530_central": false,
          "margin_to_500": 5.463555704899193,
          "et_drop_pct_vs_public": 2.786482470574015
        },
        "both_bugs": {
          "depth1": 0.7021574148950114,
          "et_central_rho_coupled": 5.059697913844096,
          "et_upper_rho_public": 5.067478789085369,
          "official_central": 520.290580815776,
          "official_taulow": 519.4060868283892,
          "official_upper_rho_public": 521.090691053081,
          "tps_band": [
            519.4060868283892,
            521.090691053081
          ],
          "clears_500_central": true,
          "clears_500_conservative": true,
          "clears_500_band_low": true,
          "clears_530_central": false,
          "margin_to_500": 20.290580815776025,
          "et_drop_pct_vs_public": 2.828071591310903
        }
      }
    },
    {
      "label": "calibrated_9.0pct",
      "aggregate_drop_target": 0.09,
      "frac_of_proxy_shift": 0.4375669019061137,
      "spine": [
        0.6720270308970082,
        0.7284920397488499,
        0.7723373000213526,
        0.8006818622669515,
        0.8401488589789537,
        0.8471263757386454,
        0.8640868778028998
      ],
      "spine_haircut_h": 0.9833039044288365,
      "linear_E_T": 3.4984528784431146,
      "projection": {
        "descent_only": {
          "depth1": 0.6261581688353501,
          "et_central_rho_coupled": 4.756999978446994,
          "et_upper_rho_public": 4.775013458622981,
          "official_central": 489.1640417809898,
          "official_taulow": 488.3324629099621,
          "official_upper_rho_public": 491.0163745136681,
          "tps_band": [
            488.3324629099621,
            491.0163745136681
          ],
          "clears_500_central": false,
          "clears_500_conservative": false,
          "clears_500_band_low": false,
          "clears_530_central": false,
          "margin_to_500": -10.835958219010195,
          "et_drop_pct_vs_public": 5.921294198698244
        },
        "both_bugs": {
          "depth1": 0.6720270308970082,
          "et_central_rho_coupled": 4.893974365062189,
          "et_upper_rho_public": 4.911193930161443,
          "official_central": 503.24916788583266,
          "official_taulow": 502.39364430042673,
          "official_upper_rho_public": 505.0198620417766,
          "tps_band": [
            502.39364430042673,
            505.0198620417766
          ],
          "clears_500_central": true,
          "clears_500_conservative": true,
          "clears_500_band_low": true,
          "clears_530_central": false,
          "margin_to_500": 3.2491678858326623,
          "et_drop_pct_vs_public": 6.0108064288606435
        }
      }
    },
    {
      "label": "calibrated_11.3pct",
      "aggregate_drop_target": 0.113,
      "frac_of_proxy_shift": 0.5547364483558344,
      "spine": [
        0.6568407707523175,
        0.7203290826066964,
        0.7669385223540341,
        0.7950530524711632,
        0.8417226180343242,
        0.8503040392366527,
        0.8685921294483261
      ],
      "spine_haircut_h": 0.9788331047933234,
      "linear_E_T": 3.4100304430538917,
      "projection": {
        "descent_only": {
          "depth1": 0.6120084391273586,
          "et_central_rho_coupled": 4.677648568530161,
          "et_upper_rho_public": 4.700788950471871,
          "official_central": 481.0043073744721,
          "official_taulow": 480.1866000519355,
          "official_upper_rho_public": 483.3838412845517,
          "tps_band": [
            480.1866000519355,
            483.3838412845517
          ],
          "clears_500_central": false,
          "clears_500_conservative": false,
          "clears_500_band_low": false,
          "clears_530_central": false,
          "margin_to_500": -18.99569262552791,
          "et_drop_pct_vs_public": 7.490618979507134
        },