{
  "mode": "fresh",
  "submission": "int4_mtp_batchinv",
  "n_runs": 6,
  "workload": {
    "num_prompts": 128,
    "output_len": 512,
    "seed": 1
  },
  "steptime": false,
  "elapsed_s": 3408.5600638389587,
  "git": {
    "git_commit": "a93fd57dc051add19980d4e08ea1957b5f090d5c",
    "git_branch": "kanna/g1-sigma-measured",
    "git_dirty": true
  },
  "aggregate": {
    "steady_gen_tps_mean": {
      "n": 6,
      "mean": 153.43333333333334,
      "std": 1.4238111164189216,
      "cv_pct": 0.9279672711833075,
      "min": 152.42380952380952,
      "max": 155.2952380952381,
      "range_pct": 1.8714502963905495,
      "median": 152.55238095238096,
      "p25": 152.53095238095239,
      "p75": 152.57380952380953,
      "values": [
        155.2452380952381,
        152.57380952380953,
        152.42380952380952,
        152.53095238095239,
        155.2952380952381,
        152.53095238095239
      ]
    },
    "steady_gen_tps_mean_nonzero": {
      "n": 6,
      "mean": 153.43333333333334,
      "std": 1.4238111164189216,
      "cv_pct": 0.9279672711833075,
      "min": 152.42380952380952,
      "max": 155.2952380952381,
      "range_pct": 1.8714502963905495,
      "median": 152.55238095238096,
      "p25": 152.53095238095239,
      "p75": 152.57380952380953,
      "values": [
        155.2452380952381,
        152.57380952380953,
        152.42380952380952,
        152.53095238095239,
        155.2952380952381,
        152.53095238095239
      ]
    },
    "wall_tps": {
      "n": 6,
      "mean": 156.40203629350688,
      "std": 0.014858581693376434,
      "cv_pct": 0.009500248235574472,
      "min": 156.3904859619541,
      "max": 156.42890873203112,
      "range_pct": 0.02456666868767654,
      "median": 156.39636284314184,
      "p25": 156.39103967169248,
      "p75": 156.39898458801957,
      "values": [
        156.39103967169248,
        156.3937410982641,
        156.3904859619541,
        156.42890873203112,
        156.39898458801957,
        156.40905770907995
      ]
    },
    "e_accept_exact": {
      "n": 6,
      "mean": 3.342409488437214,
      "std": 0.001611304585345962,
      "cv_pct": 0.04820787491539069,
      "min": 3.3410416666666665,
      "max": 3.3446316112846244,
      "range_pct": 0.10740588878702718,
      "median": 3.341649262915633,
      "p25": 3.3412438199323446,
      "p75": 3.342038183426104,
      "values": [
        3.3442413069083834,
        3.342038183426104,
        3.3410416666666665,
        3.3412438199323446,
        3.3446316112846244,
        3.341260342405162
      ]
    }
  },
  "records": [
    {
      "run_idx": 0,
      "t_start_utc": "2026-06-19T21:55:01.946854+00:00",
      "seed": 1,
      "num_prompts": 128,
      "output_len": 512,
      "num_completion_tokens": 65536,
      "decode_duration_s": 419.0521409511566,
      "wall_around_decode_s": 427.72136330604553,
      "wall_tps": 156.39103967169248,
      "steady_gen_tps_mean": 155.2452380952381,
      "steady_gen_tps_mean_nonzero": 155.2452380952381,
      "steady_gen_tps_n": 42,
      "gen_tps_series": [
        111.6,
        136.3,
        147.6,
        163.0,
        185.8,
        174.3,
        144.5,
        134.0,
        161.8,
        186.4,
        136.5,
        145.0,
        110.1,
        174.6,
        174.0,
        155.5,
        159.0,
        165.8,
        149.4,
        127.6,
        144.9,
        137.6,
        174.5,
        143.3,
        153.8,
        156.4,
        126.0,
        188.8,
        135.2,
        175.4,
        173.9,
        145.6,
        153.2,
        190.7,
        149.6,
        165.5,
        160.2,
        168.0,
        137.1,
        176.2,
        166.6,
        155.0
      ],
      "e_accept_exact": 3.3442413069083834,
      "e_accept_interval_mean": 3.345,
      "num_speculative_tokens": 6,
      "total_accepted_tokens": 45776,
      "total_drafted_tokens": 117162,
      "intervals": 42,
      "clock": {
        "n_samples": 1720,
        "n_load_samples": 1674,
        "sm_clock_mhz": {
          "mean": 1710.0,
          "min": 1710.0,
          "max": 1710.0
        },
        "sm_clock_mhz_load": {
          "mean": 1710.0,
          "min": 1710.0,
          "max": 1710.0
        },
        "mem_clock_mhz_load": {
          "mean": 6251.0,
          "min": 6251.0,
          "max": 6251.0
        },
        "temp_c": {
          "mean": 51.73953488372093,
          "min": 37.0,
          "max": 56.0
        },
        "power_w_load": {
          "mean": 148.21667861409796,
          "min": 87.92,
          "max": 187.16
        },
        "util_pct": {
          "mean": 97.19244186046511,
          "min": 0.0,
          "max": 100.0
        }
      },
      "log_offset_start": 0,
      "server_ready_s": 140.02124166488647
    },
    {
      "run_idx": 1,
      "t_start_utc": "2026-06-19T22:04:28.560319+00:00",
      "seed": 1,
      "num_prompts": 128,
      "output_len": 512,
      "num_completion_tokens": 65536,
      "decode_duration_s": 419.0449025630951,
      "wall_around_decode_s": 427.466228723526,
      "wall_tps": 156.3937410982641,
      "steady_gen_tps_mean": 152.57380952380953,
      "steady_gen_tps_mean_nonzero": 152.57380952380953,
      "steady_gen_tps_n": 42,
      "gen_tps_series": [
        8.6,
        147.5,
        131.8,
        162.8,
        160.0,
        176.9,
        170.2,
        145.5,
        140.0,
        175.3,
        174.3,
        128.3,
        141.5,
        122.7,
        185.6,
        155.4,
        151.4,
        169.1,
        175.0,
        127.6,
        139.6,
        151.5,
        136.3,
        176.6,
        130.1,
        163.4,
        138.3,
        152.9,
        166.1,
        145.7,
        185.8,
        150.6,
        153.2,
        174.8,
        167.3,
        147.5,
        168.2,
        171.7,
        163.6,
        150.4,
        170.9,
        154.1
      ],
      "e_accept_exact": 3.342038183426104,
      "e_accept_interval_mean": 3.346190476190476,
      "num_speculative_tokens": 6,
      "total_accepted_tokens": 45021,
      "total_drafted_tokens": 115338,
      "intervals": 42,
      "clock": {
        "n_samples": 1719,
        "n_load_samples": 1675,
        "sm_clock_mhz": {
          "mean": 1710.0,
          "min": 1710.0,
          "max": 1710.0
        },
        "sm_clock_mhz_load": {
          "mean": 1710.0,
          "min": 1710.0,
          "max": 1710.0
        },
        "mem_clock_mhz_load": {
          "mean": 6251.0,
          "min": 6251.0,
          "max": 6251.0
        },
        "temp_c": {
          "mean": 51.61198371146015,
          "min": 38.0,
          "max": 56.0
        },
        "power_w_load": {
          "mean": 147.40801791044777,
          "min": 65.63,
          "max": 180.2
        },
        "util_pct": {
          "mean": 97.29493891797557,
          "min": 0.0,
          "max": 100.0
        }
      },
      "log_offset_start": 0,
      "server_ready_s": 135.01654863357544
    },
    {
      "run_idx": 2,
      "t_start_utc": "2026-06-19T22:13:54.870217+00:00",
      "seed": 1,
      "num_prompts": 128,
      "output_len": 512,
      "num_completion_tokens": 65536,
      "decode_duration_s": 419.05362462997437,
      "wall_around_decode_s": 427.2566647529602,
      "wall_tps": 156.3904859619541,
      "steady_gen_tps_mean": 152.42380952380952,
      "steady_gen_tps_mean_nonzero": 152.42380952380952,
      "steady_gen_tps_n": 42,