{
  "label": "ctk16",
  "ctk_requested": 16,
  "num_prompts": 128,
  "output_len": 512,
  "K": 6,
  "reps": [
    {
      "rep": 1,
      "num_records": 128,
      "num_completion_tokens": 65536,
      "duration_s": 259.9924771785736,
      "wall_s_outer": 268.4429314136505,
      "wall_tps": 252.0688318031108
    },
    {
      "rep": 2,
      "num_records": 128,
      "num_completion_tokens": 65536,
      "duration_s": 257.8844268321991,
      "wall_s_outer": 266.53396368026733,
      "wall_tps": 254.12934315201255
    },
    {
      "rep": 3,
      "num_records": 128,
      "num_completion_tokens": 65536,
      "duration_s": 257.8858060836792,
      "wall_s_outer": 266.48846077919006,
      "wall_tps": 254.12798399123514
    }
  ],
  "centroid_top_k_logged": 16,
  "active_tokens_logged": 2048,
  "spec_metrics": {
    "num_drafts": 59133.0,
    "num_accepted_tokens": 137799.0,
    "num_draft_tokens": 354798.0,
    "e_accept_mean_acceptance_length": 3.330323169803663,
    "draft_acceptance_rate": 0.38838719496727714
  },
  "per_position_accepted": {
    "0": 41247.0,
    "1": 29813.0,
    "2": 22859.0,
    "3": 17836.0,
    "4": 14446.0,
    "5": 11598.0
  },
  "steptime": {
    "raw_exec_steps": 4000,
    "raw_draft_steps": 3969,
    "exec": {
      "gap": {
        "n": 4000,
        "mean": 6.4358745,
        "p50": 6.365,
        "p90": 6.512
      },
      "cpu": {
        "n": 4000,
        "mean": 6.40502975,
        "p50": 6.588,
        "p90": 7.106
      },
      "gpu": {
        "n": 4000,
        "mean": 10.16707025,
        "p50": 10.18,
        "p90": 10.476
      },
      "dgpu": {
        "n": 4000,
        "mean": 0.0,
        "p50": 0.0,
        "p90": 0.0
      }
    },
    "draft": {
      "cpu": {
        "n": 3969,
        "mean": 5.2715112118921645,
        "p50": 5.255,
        "p90": 5.36
      },
      "gpu": {
        "n": 3969,
        "mean": 2.5590783572688336,
        "p50": 2.649,
        "p90": 2.849
      }
    },
    "stat": "p50_steady_state",
    "verify_gpu_ms": 10.18,
    "drafter_gpu_ms": 2.649,
    "host_gap_ms": 6.365,
    "exec_cpu_ms": 6.588,
    "verify_gpu_ms_mean": 10.16707025,
    "drafter_gpu_ms_mean": 2.5590783572688336,
    "host_gap_ms_mean": 6.4358745,
    "exec_cpu_ms_mean": 6.40502975,
    "host_gap_outliers_gt3x": 5
  },
  "spec_log": {
    "intervals": 80,
    "num_speculative_tokens": 6,
    "total_accepted_tokens": 137407,
    "total_drafted_tokens": 354180,
    "e_accept_interval_mean": 3.3340000000000005,
    "steady_gen_tps_mean": 245.0125,
    "steady_gen_tps_n": 80,
    "e_accept_exact": 3.3277486024055567,
    "draft_acceptance_rate": 0.3879581004009261
  },
  "steady_gen_tps_stats": {
    "n": 80,
    "mean": 245.0125,
    "std": 40.46220883429376,
    "min": 25.5,
    "max": 290.0,
    "cv_pct": 16.514344710695887
  },
  "drafter_gpu_ms": 2.649,
  "verify_gpu_ms": 10.18,
  "e_accept": 3.3277486024055567,
  "steady_gen_tps_mean": 245.0125,
  "wall_tps_stats": {
    "n": 3,
    "mean": 253.44205298211952,
    "std": 0.9710141662845837,
    "min": 252.0688318031108,
    "max": 254.12934315201255,
    "cv_pct": 0.3831306426298122
  },
  "per_position_accept_rate": {
    "pos1": 0.697529298361321,
    "pos2": 0.5041685691576615,
    "pos3": 0.386569259127729,
    "pos4": 0.3016251500854007,
    "pos5": 0.24429675477313853,
    "pos6": 0.19613413829841206
  },
  "num_drafts": 59133.0
}