{
  "timestamp": "20260613T211222Z",
  "submission": "/workspace/senpai/target/submissions/fa2sw_precache_kenyan",
  "tokens": "/workspace/senpai/target/research/drafter_freq_bias/freq_top_tokens.json",
  "topk": 500,
  "num_prompts": 32,
  "arms": [
    0.0,
    0.5,
    1.0,
    2.0
  ],
  "baseline_e_accept": 3.955868320610687,
  "baseline_tps": 471.0834219749307,
  "rows": [
    {
      "bias": 0.0,
      "e_accept": 3.955868320610687,
      "accept_rate": 0.42226690294438385,
      "tps": 471.0834219749307,
      "completed": 32,
      "d_e_accept_vs_base": 0.0,
      "d_tps_pct_vs_base": 0.0,
      "onegraph_captured": true,
      "bias_table_built": false
    },
    {
      "bias": 0.5,
      "e_accept": 3.9779270633397315,
      "accept_rate": 0.4254181519056759,
      "tps": 463.43801684006877,
      "completed": 32,
      "d_e_accept_vs_base": 0.0220587427290444,
      "d_tps_pct_vs_base": -1.6229408164715173,
      "onegraph_captured": true,
      "bias_table_built": true
    },
    {
      "bias": 1.0,
      "e_accept": 3.951597520267048,
      "accept_rate": 0.42165678860957834,
      "tps": 461.1457247440951,
      "completed": 32,
      "d_e_accept_vs_base": -0.004270800343638914,
      "d_tps_pct_vs_base": -2.1095408514215164,
      "onegraph_captured": true,
      "bias_table_built": true
    },
    {
      "bias": 2.0,
      "e_accept": 3.8712616822429906,
      "accept_rate": 0.4101802403204272,
      "tps": 452.2101899528826,
      "completed": 32,
      "d_e_accept_vs_base": -0.08460663836769644,
      "d_tps_pct_vs_base": -4.006346040139876,
      "onegraph_captured": true,
      "bias_table_built": true
    }
  ],
  "verdict": "GAIN at bias=0.5 (E_accept 3.9559 -> 3.9779)",
  "results": {
    "b0p0": {
      "label": "b0p0",
      "bias": 0.0,
      "topk": 500,
      "num_prompts": 32,
      "serve_ready_s": 90.1,
      "bench": {
        "tps": 471.0834219749307,
        "total_tps": 684.5718502075881,
        "completed": 32,
        "duration_s": 34.779402618994936,
        "total_input_tokens": 7425,
        "total_output_tokens": 16384,
        "mean_e2e_latency_ms": 1086.6603389677039,
        "request_throughput_req_s": 0.9200848085447865
      },
      "acceptance": {
        "delta_num_drafts": 4192.0,
        "delta_num_accepted_tokens": 12391.0,
        "delta_num_draft_tokens": 29344.0,
        "e_accept": 3.955868320610687,
        "accepted_per_step": 2.955868320610687,
        "accept_rate": 0.42226690294438385
      },
      "log": {
        "onegraph_captured": true,
        "onegraph_capture_failed": false,
        "bias_table_built": false
      }
    },
    "b0p5": {
      "label": "b0p5",
      "bias": 0.5,
      "topk": 500,
      "num_prompts": 32,
      "serve_ready_s": 90.1,
      "bench": {
        "tps": 463.43801684006877,
        "total_tps": 673.461654232495,
        "completed": 32,
        "duration_s": 35.353163539999514,
        "total_input_tokens": 7425,
        "total_output_tokens": 16384,
        "mean_e2e_latency_ms": 1104.585639094239,
        "request_throughput_req_s": 0.9051523766407593
      },
      "acceptance": {
        "delta_num_drafts": 4168.0,
        "delta_num_accepted_tokens": 12412.0,
        "delta_num_draft_tokens": 29176.0,
        "e_accept": 3.9779270633397315,
        "accepted_per_step": 2.9779270633397315,
        "accept_rate": 0.4254181519056759
      },
      "log": {
        "onegraph_captured": true,
        "onegraph_capture_failed": false,
        "bias_table_built": true
      }
    },
    "b1p0": {
      "label": "b1p0",
      "bias": 1.0,
      "topk": 500,
      "num_prompts": 32,
      "serve_ready_s": 90.1,
      "bench": {
        "tps": 461.1457247440951,
        "total_tps": 670.130527370127,
        "completed": 32,
        "duration_s": 35.5288992630085,
        "total_input_tokens": 7425,
        "total_output_tokens": 16384,
        "mean_e2e_latency_ms": 1110.0895129052333,
        "request_throughput_req_s": 0.9006752436408108
      },
      "acceptance": {
        "delta_num_drafts": 4194.0,
        "delta_num_accepted_tokens": 12379.0,
        "delta_num_draft_tokens": 29358.0,
        "e_accept": 3.951597520267048,
        "accepted_per_step": 2.951597520267048,
        "accept_rate": 0.42165678860957834
      },
      "log": {
        "onegraph_captured": true,
        "onegraph_capture_failed": false,
        "bias_table_built": true
      }
    },
    "b2p0": {
      "label": "b2p0",
      "bias": 2.0,
      "topk": 500,
      "num_prompts": 32,
      "serve_ready_s": 90.1,
      "bench": {
        "tps": 452.2101899528826,
        "total_tps": 657.1455329948842,
        "completed": 32,
        "duration_s": 36.23093942599371,
        "total_input_tokens": 7425,
        "total_output_tokens": 16384,
        "mean_e2e_latency_ms": 1132.0281511239045,
        "request_throughput_req_s": 0.8832230272517239
      },
      "acceptance": {
        "delta_num_drafts": 4280.0,
        "delta_num_accepted_tokens": 12289.0,
        "delta_num_draft_tokens": 29960.0,
        "e_accept": 3.8712616822429906,
        "accepted_per_step": 2.8712616822429906,
        "accept_rate": 0.4101802403204272
      },
      "log": {
        "onegraph_captured": true,
        "onegraph_capture_failed": false,
        "bias_table_built": true
      }
    }
  }
}