{
  "pr": 614,
  "analysis_only": true,
  "official_tps": 0,
  "engine": "vllm-0.22.1rc1.dev307",
  "model": "google/gemma-4-E4B-it (UNQUANTIZED bf16, full 262k head)",
  "n_questions": 198,
  "decode_protocol_sampled": {
    "temperature": 1.0,
    "top_p": 0.95,
    "top_k": 64,
    "min_tokens": 8,
    "source": "lewtun #31 generation_config"
  },
  "max_tokens_primary": 4096,
  "max_model_len": 6144,
  "gpqa_base_greedy": 0.5050505050505051,
  "gpqa_base_sampled_mean": 0.5313131313131312,
  "gpqa_base_sampled_ci_lb": 0.4727272727272727,
  "gpqa_finish_length_rate_2048": 0.37272727272727274,
  "gpqa_finish_length_rate_4096": 0.03535353535353535,
  "bar_greedy_0p9": 0.454545,
  "bar_sampled_0p9": 0.478182,
  "gpqa_base_greedy_2048": 0.43434343434343436,
  "greedy_trunc_delta_4096_minus_2048": 0.07070707070707072,
  "greedy_finish_length_rate_4096": 0.045454545454545456,
  "greedy_finish_length_rate_2048": 0.3282828282828283,
  "sampled_per_seed_accuracy": [
    0.550505,
    0.525253,
    0.510101,
    0.555556,
    0.515152
  ],
  "sampled_n_seeds": 5,
  "sampled_ci_ub_95": 0.5898989898989899,
  "sampled_acc_loss_ub_if_2048": 0.13737373737373737,
  "bar_sampled_0p9_cilb": 0.425455,
  "prior_sampled_base_581": 0.5235690235690236,
  "prior_greedy_anchor_581": 0.5252525252525253,
  "prior_bar_581": 0.47121212121212125,
  "prior_bar_was_derived_from": "3-seed SAMPLED mean (0.5236); greedy_anchor 0.5253 separate",
  "new_greedy_bar_minus_prior_bar": -0.016667121212121272,
  "new_sampled_bar_minus_prior_bar": 0.006969878787878747,
  "truncation_clean": false,
  "regime_gap_sampled_minus_greedy": 0.0262626262626261,
  "sampled_ci_halfwidth": 0.0585858585858586,
  "regime_consistent": true,
  "bar_stands": true,
  "gpqa_bar_verdict": "0.471 BAR STANDS: it is 0.9x #581's SAMPLED base 0.5236, which matches the truncation-clean sampled base 0.5313 within decode noise (clean sampled bar 0.4782; current 0.471 is ~0.007 lenient vs it). But the GPQA PROTOCOL is truncation-sensitive (greedy base +0.0707 from 2048->4096; 33% of items truncate at 2048), so the binding risk is CONFIG-side: any config scored at <=2048 is depressed ~0.07-0.14 GPQA and must be re-measured at >=4096 before its verdict is trusted. Regime-consistent: greedy and sampled base agree within decode noise, so the sampled-derived bar is the apples-to-apples choice for sampled-scored configs."
}