{
  "pr": 688,
  "card": "drafter_bitax_split",
  "analysis_only": true,
  "official_tps": 0,
  "no_hf_job": 1,
  "fires": false,
  "anchors": {
    "ref_official_tps": 126.378,
    "plus10_bar": 136.378,
    "local_to_official": 0.87,
    "pr683_bi_tax_ms": 4.68,
    "pr683_s1_prime_official": 160.1,
    "pr683_s0_official": 136.12,
    "cheap_pin_ratio": 0.31875,
    "targeted_attn_pin_tps_drop": 0.051,
    "blanket_bi_ar_tps_drop": 0.16,
    "bi_axis_physical": "attention_split_kv_reduction_pin",
    "land680_run": "5iy1mhe4",
    "pr683_run": "5jslamyc",
    "kstar": 5,
    "stock_e": 3.33
  },
  "pinsplit": {
    "k": 5,
    "arms_invalid_marker": [],
    "all_arms_valid": true,
    "basis": "per_cycle_gpu_busy_ms (drafter_propose + verify), STEPTIME p50",
    "gpu_busy_ms": {
      "bi_off": 13.353,
      "attn_only": 18.935000000000002,
      "gemm_only": 14.582999999999998,
      "bi_full": 19.047
    },
    "drafter_gpu_ms": {
      "bi_off": 1.529,
      "attn_only": 6.445,
      "gemm_only": 2.082,
      "bi_full": 6.562
    },
    "verify_gpu_ms": {
      "bi_off": 11.824,
      "attn_only": 12.49,
      "gemm_only": 12.501,
      "bi_full": 12.485
    },
    "components_ms": {
      "drafter_attn_pin": 4.916,
      "drafter_m1_attn_pin": 0.9832000000000001,
      "verify_attn_pin": 0.6660000000000004,
      "drafter_gemm_pin": 0.5529999999999999,
      "drafter_m1_gemm_pin": 0.11059999999999999,
      "verify_gemm_pin": 0.6769999999999996
    },
    "bi_tax_gpu_ms": 5.694000000000001,
    "attn_pin_total_ms": 5.5820000000000025,
    "gemm_pin_total_ms": 1.2299999999999986,
    "reconstruction_residual_ms": 1.118000000000002,
    "reconstruction_residual_frac": 0.19634703196347067,
    "attn_pin_removable_frac": 0.9803301721109944,
    "attn_pin_removable_frac_raw": 0.9803301721109944,
    "gemm_floor_frac": 0.216016859852476,
    "gemm_floor_frac_raw": 0.216016859852476,
    "drafter_gemm_floor_frac": 0.09711977520196696,
    "verify_attn_frac": 0.11696522655426769,
    "drafter_attn_frac": 0.8633649455567263,
    "realized": {
      "stock_raw_tstep_ms": 13.606812656565694,
      "rescue_r0_ms": 2.996613731915059,
      "bi_tax_ms": 4.68,
      "attn_removable_ms_on_683": 4.587945205479453,
      "gemm_floor_ms_on_683": 1.0109589041095877,
      "cheap_pin_ratio": 0.31875,
      "realized_cheap_pin_step_ms": 21.191371593960206,
      "realized_cheap_pin_official_equiv": 136.71130191618687,
      "realized_cheap_pin_margin_over_plus10": 0.3333019161868833,
      "realized_cheap_pin_clears_plus10": true,
      "realized_cheap_pin_basis": "measured attn_only pin (num_splits=1, no aten override); NOT CHEAP_PIN_RATIO-discounted",
      "projected_cheap_pin_683model_official_equiv": 151.86514978159263,
      "projected_cheap_pin_683model_step_ms": 19.076792826836915,
      "realized_det_free_official_equiv": 164.47352274159078,
      "realized_det_free_margin_over_plus10": 28.0955227415908,
      "s0_status_quo_official": 136.12,
      "s1prime_683_upper_official": 160.1034407072302,
      "s1prime_683_holds": false,
      "drop_vs_s1prime_683": -23.392138791043322
    },
    "drafter_m1_attn_pin_ms": 0.9832000000000001,
    "drafter_attn_pin_frac_of_bi_tax": 0.8633649455567263,
    "drafter_m1_attn_pin_frac_of_bi_tax": 0.17267298911134527,
    "e_accept_measured": {
      "spec_bi_off": 3.0904255319148937,
      "spec_attn_only": 3.043307086614173,
      "spec_gemm_only": 3.0473061760841,
      "spec_bi_full": 3.043307086614173
    },
    "verdict": {
      "verdict": "ATTN_PIN_DOMINANT",
      "primary": "ATTN_PIN_DOMINANT",
      "drafter_pin_free": false,
      "attn_pin_removable_frac": 0.9803301721109944,
      "gemm_floor_frac": 0.216016859852476,
      "drafter_attn_pin_frac_of_bi_tax": 0.8633649455567263,
      "realized_cheap_pin_official_equiv": 136.71130191618687,
      "projected_cheap_pin_683model_official_equiv": 151.86514978159263,
      "s1prime_683_holds": false,
      "realized_clears_plus10": true
    }
  },
  "breakrate": {
    "reference_arm": "spec_bi_full",
    "note": "cross-arm greedy identity on completion_token_sha256 (NOT official gate; per-token rate is the #158/#576 harness, verify-side live rate is land #684)",
    "spec_attn_only": {
      "n_prompts": 8,
      "greedy_match_vs_bi_full": 1.0,
      "n_match": 8,
      "break_frac_vs_bi_full": 0.0
    },
    "spec_gemm_only": {
      "n_prompts": 8,
      "greedy_match_vs_bi_full": 1.0,
      "n_match": 8,
      "break_frac_vs_bi_full": 0.0
    },
    "spec_bi_off": {
      "n_prompts": 8,
      "greedy_match_vs_bi_full": 0.5,
      "n_match": 4,
      "break_frac_vs_bi_full": 0.5
    },
    "attn_pin_recovers_blanket_identity": true,
    "gemm_pin_alone_recovers_identity": true
  },
  "verdict": {
    "verdict": "ATTN_PIN_DOMINANT",
    "primary": "ATTN_PIN_DOMINANT",
    "drafter_pin_free": false,
    "attn_pin_removable_frac": 0.9803301721109944,
    "gemm_floor_frac": 0.216016859852476,
    "drafter_attn_pin_frac_of_bi_tax": 0.8633649455567263,
    "realized_cheap_pin_official_equiv": 136.71130191618687,
    "projected_cheap_pin_683model_official_equiv": 151.86514978159263,
    "s1prime_683_holds": false,
    "realized_clears_plus10": true
  },
  "measurement": {
    "spec_attn_only": {
      "label": "spec_attn_only",
      "k": 5,
      "pin_attn": 1,
      "pin_gemm": 0,
      "e_accept": 3.043307086614173,
      "decode_tps_single_stream": 328.28255538888936,
      "tstep_probe_ms": 9.270389293177693,
      "decode_tps_summary": 136.80673343979706,
      "tstep_decode_ms": 22.24530189483258,
      "num_completion_tokens": 2048,
      "duration_s": 14.970023393630981,
      "drafter_gpu_ms": 6.445,
      "verify_gpu_ms": 12.49,
      "drafter_gpu_ms_mean": 6.415986013986014,
      "verify_gpu_ms_mean": 12.677595336076818,
      "raw_draft_steps": 715,
      "raw_exec_steps": 729,
      "marker": {
        "pin_attn": 1,
        "pin_gemm": 0,
        "gemm_override_installed": 0,
        "batch_invariant_mode": 0,
        "pid": 879217
      },
      "marker_ok": true,
      "decode_jsonl": "/tmp/strict319_bitax_split/decode_spec_attn_only.jsonl",
      "server_log": "/tmp/strict319_bitax_split/server_spec_attn_only_timing.log",
      "boot_decode_wall_s": 167.3500452041626
    },
    "spec_bi_full": {
      "label": "spec_bi_full",
      "k": 5,
      "pin_attn": 1,
      "pin_gemm": 1,
      "e_accept": 3.043307086614173,
      "decode_tps_single_stream": 325.6876576408959,
      "tstep_probe_ms": 9.344250588610674,
      "decode_tps_summary": 140.9842771955161,
      "tstep_decode_ms": 21.586145257841295,
      "num_completion_tokens": 2048,
      "duration_s": 14.526442527770996,
      "drafter_gpu_ms": 6.562,
      "verify_gpu_ms": 12.485,
      "drafter_gpu_ms_mean": 6.535643356643356,
      "verify_gpu_ms_mean": 12.674795610425239,
      "raw_draft_steps": 715,
      "raw_exec_steps": 729,
      "marker": {
        "pin_attn": 1,
        "pin_gemm": 1,
        "gemm_override_installed": 1,
        "batch_invariant_mode": 1,
        "pid": 883095
      },
      "marker_ok": true,
      "decode_jsonl": "/tmp/strict319_bitax_split/decode_spec_bi_full.jsonl",
      "server_log": "/tmp/strict319_bitax_split/server_spec_bi_full_timing.log",
      "boot_decode_wall_s": 157.05286622047424
    },
    "spec_bi_off": {
      "label": "spec_bi_off",
      "k": 5,
      "pin_attn": 0,
      "pin_gemm": 0,
      "e_accept": 3.0904255319148937,
      "decode_tps_single_stream": 458.59770098185714,
      "tstep_probe_ms": 6.73885962641831,
      "decode_tps_summary": 197.90313219917002,
      "tstep_decode_ms": 15.615849519777608,
      "num_completion_tokens": 2048,
      "duration_s": 10.348497152328491,
      "drafter_gpu_ms": 1.529,
      "verify_gpu_ms": 11.824,
      "drafter_gpu_ms_mean": 1.5449446808510636,
      "verify_gpu_ms_mean": 12.043777468706537,
      "raw_draft_steps": 705,
      "raw_exec_steps": 719,
      "marker": {
        "pin_attn": 0,