{
  "agent": "ubel",
  "analysis_only": true,
  "arithmetic_all_pass": true,
  "arithmetic_checks": {
    "01_identity_bar_derived_from_611": {
      "pass": true,
      "resid": 1.9984014443252818e-15,
      "target": 0.9213011665456927,
      "tol": 1e-06,
      "value": 0.9213011665456907
    },
    "02_strict_ceiling_central_reproduces_473": {
      "pass": true,
      "resid": 0.0,
      "target": 473.5295953446407,
      "tol": 1e-06,
      "value": 473.5295953446407
    },
    "03_strict_ceiling_worst_reproduces_448": {
      "pass": true,
      "resid": 0.0,
      "target": 447.99898136862197,
      "tol": 1e-06,
      "value": 447.99898136862197
    },
    "04_strict_gap_to_500_reproduces_26p47": {
      "pass": true,
      "resid": 0.0,
      "target": 26.47040465535929,
      "tol": 1e-06,
      "value": 26.47040465535929
    },
    "05_gap_to_identity_bar_reproduces_0p031": {
      "pass": true,
      "resid": 0.0,
      "target": 0.031035214630377506,
      "tol": 1e-06,
      "value": 0.031035214630377506
    },
    "06_pplonly_cstar_central_roundtrips_500": {
      "pass": true,
      "resid": 5.684341886080802e-14,
      "target": 500.0,
      "tol": 1e-06,
      "value": 500.00000000000006
    },
    "07_pplonly_cstar_worst_roundtrips_500": {
      "pass": true,
      "resid": 1.7053025658242404e-13,
      "target": 500.0,
      "tol": 1e-06,
      "value": 499.99999999999983
    },
    "08a_pplonly_lift_central": {
      "pass": true,
      "resid": 0.0,
      "target": 0.01863633083455818,
      "tol": 1e-06,
      "value": 0.01863633083455818
    },
    "08b_pplonly_lift_worst": {
      "pass": true,
      "resid": 0.0,
      "target": 0.035303648491970985,
      "tol": 1e-06,
      "value": 0.035303648491970985
    },
    "09_strict_500_not_reachable": {
      "pass": true,
      "resid": 0.0,
      "target": 1.0,
      "tol": 0.0,
      "value": 1.0
    },
    "10_existing_head_likely_misses_strict": {
      "pass": true,
      "resid": 0.0,
      "target": 1.0,
      "tol": 0.0,
      "value": 1.0
    },
    "11_existing_head_no_free_500_even_gate_lifted": {
      "pass": true,
      "resid": 0.0,
      "target": 1.0,
      "tol": 0.0,
      "value": 1.0
    },
    "12_pplonly_central_within_budget_worst_over": {
      "pass": true,
      "resid": 0.0,
      "target": 1.0,
      "tol": 0.0,
      "value": 1.0
    },
    "13_retrain_clears_identity_high_prob": {
      "pass": true,
      "resid": 0.0,
      "target": 1.0,
      "tol": 0.0,
      "value": 1.0
    },
    "14_fern349_restoration_ceiling_corroborates_473": {
      "pass": true,
      "resid": 0.0,
      "target": 1.0,
      "tol": 0.0,
      "value": 1.0
    }
  },
  "c2_is_the_residual": true,
  "completeness_all_pass": true,
  "completeness_checks": {
    "approval_title": true,
    "bar_completed_128": true,
    "bar_coverage_identity": true,
    "bar_greedy_hard_gate": true,
    "bar_ppl": true,
    "bars_nan_clean_echo": true,
    "ceiling_lift_alt": true,
    "cite_all_prs": true,
    "cite_all_wandb_anchors": true,
    "cite_converter_script": true,
    "cmd_do_not_run": true,
    "cmd_launch": true,
    "cmd_method": true,
    "contingency_block": true,
    "contingency_labeled_not_live": true,
    "flags_no_hf_job": true,
    "flags_no_launch": true,
    "flags_no_served": true,
    "flags_zero_tps": true,
    "four_gates": true,
    "hdr_124_reversal": true,
    "hdr_diagnostic_not_gate": true,
    "hdr_strict_cap_473": true,
    "hdr_strict_world": true,
    "job_returns_coverage": true,
    "job_returns_greedy_rate": true,
    "job_returns_per_depth": true,
    "preflight_c1c3c4_green": true,
    "preflight_c2_residual": true,
    "preflight_dryrun_cite": true,
    "s0_publish_blocker": true,
    "strict_500_frontier_ladder": true,
    "strict_500_inflight_levers": true,
    "strict_500_reality": true,
    "strict_500_third_cap_fern349": true,
    "value_c2_closure": true,
    "value_expected_nogo": true,
    "value_gap_sizing": true,
    "value_greedy_confirm": true
  },
  "constants": {
    "baseline_tps": 481.53,
    "e_t_build_free": 6.1112149873699195,
    "existing_head_cov_prior": 0.8902659519153152,
    "existing_head_p_clears_identity": 0.06031894029725235,
    "gap_to_identity_bar": 0.031035214630377506,
    "identity_bar": 0.9213011665456927,
    "lambda_central": 520.9527323111674,
    "lambda_worst": 492.865273281899,
    "p_retrain_clears_identity_independent": 0.8426502591576528,
    "ppl_deployed": 2.3772,
    "ppl_gate": 2.42,
    "pplonly_cstar_central": 0.9089363308345582,
    "pplonly_cstar_worst": 0.925603648491971,
    "strict_500_reachable": false,
    "strict_ceiling_central": 473.5295953446407,
    "strict_ceiling_worst": 447.99898136862197,
    "supply_floor": 0.09103155435261377,
    "target": 500.0
  },
  "created_at": "20260615T114656Z",
  "envelope_central_at_prior": 470.2958009537073,
  "envelope_worst_at_prior": 444.93953881775184,
  "existing_head": {
    "cov_prior": 0.8902659519153152,
    "gap_to_identity_bar": 0.031035214630377506,
    "p_clears_identity": 0.06031894029725235,
    "record_bernoulli_se": 0.019995605787702757,
    "verdict": "LIKELY-MISSES (expected NO-GO with a measured gap)"
  },
  "flags_recorded": true,
  "go_no_go_strict": {
    "c2_caveat": "fp32->bf16 inference numerics + served greedy-identity == 1.0",
    "cap_corroborated_by": "wirbel #343 (kklof4wr) + denken #332 + fern #349 (u8vmtji0) -- three independent",
    "completed_bar": 128,
    "coverage_bar_uncond_top4": 0.9213011665456927,
    "expected_outcome": "NO-GO (gap-sized): existing head ~0.8903 < 0.9213, P(clear)~0.06",
    "fern349_restoration_ceiling": 473.53,
    "greedy_identity_is_hard_co_equal_gate": true,
    "greedy_identity_rate_bar": 1.0,
    "ppl_bar": 2.42,
    "ppl_deployed": 2.3772,
    "ppl_margin": 0.04279999999999973,
    "read_is_diagnostic_not_500_gate": true,
    "strict_500_reachable": false,
    "strict_ceiling_central": 473.5295953446407,
    "strict_ceiling_worst": 447.99898136862197,
    "strict_gap_to_500": 26.47040465535929,
    "world": "strict-identity (LIVE)"
  },
  "identity_bar_derived": 0.9213011665456907,
  "issue": 319,
  "kind": "eagle3_read_runbook",
  "max_abs_reproduction_residual": 1.7053025658242404e-13,
  "max_strict_residual": 1.7053025658242404e-13,
  "n_arith_conditions": 15,
  "n_arith_pass": 15,
  "n_completeness_conditions": 39,
  "n_completeness_pass": 39,
  "nan_clean": true,
  "peak_mem_mib": 12.10546875,
  "ppl_only_contingency": {
    "c_star_central": 0.9089363308345582,
    "c_star_worst": 0.925603648491971,
    "env_at_prior_central": 470.347938447151,
    "env_at_prior_worst": 444.98886528896605,
    "label": "carried ONLY for 'if #192 is ever lifted' (#124 world); NOT the live bars",
    "lift_central": 0.01863633083455818,
    "lift_worst": 0.035303648491970985,
    "retrain_lift_budget_336": 0.031
  },
  "pr": 350,
  "preflight_c1c3c4_green": true,
  "preflight_ledger": {
    "C1": {
      "closed": true,
      "name": "config-field survival + class registration",
      "status": "CLOSED-AT-0-GPU"
    },
    "C2": {
      "closed": false,
      "name": "fp32->bf16 inference numerics + served greedy-identity == 1.0",
      "status": "REQUIRES-GPU-SMOKE"
    },
    "C3": {
      "closed": true,
      "name": "absent-d2t -> identity-map default",
      "status": "CLOSED-AT-0-GPU"
    },
    "C4": {
      "closed": true,
      "name": "vLLM-fork version / schema pin",
      "status": "CLOSED-AT-0-GPU"
    }
  },
  "primary_metric_name": "read_runbook_self_test_passes",