{
  "bf16_head": {
    "model_id": "/senpai-run/home/student-ubel/.cache/huggingface/hub/models--google--gemma-4-E4B-it-qat-w4a16-ct/snapshots/ef0a4c43726bde42a3ca04fd300397c0b8b3c3f0",
    "drafter": "google/gemma-4-E4B-it-qat-q4_0-unquantized-assistant",
    "num_spec": 6,
    "e_accept": 3.3259668508287294,
    "e_accept_source": "server_log_counters_exact",
    "draft_acceptance_rate": 0.38979229989868286,
    "steady_gen_tps": 216.36333333333332,
    "wall_tps": 211.7772980681384,
    "decode_wall_s": 309.4571542739868,
    "num_drafts": 19740.0,
    "num_accepted_tokens": 46167.0,
    "per_pos_rate": [
      0.6982269503546099,
      0.5019250253292806,
      0.38875379939209725,
      0.30734549138804457,
      0.24731509625126646,
      0.1951874366767984
    ],
    "per_pos_counts": [
      13783.0,
      9908.0,
      7674.0,
      6067.0,
      4882.0,
      3853.0
    ],
    "sum_per_pos_rate": 2.3387537993920975,
    "build_meta": null,
    "wandb_run_id": "94vktlsi"
  },
  "int4_g32": {
    "model_id": "/workspace/gemma_build/headq_g32",
    "drafter": "google/gemma-4-E4B-it-qat-q4_0-unquantized-assistant",
    "num_spec": 6,
    "e_accept": 3.369463563284821,
    "e_accept_source": "server_log_counters_exact",
    "draft_acceptance_rate": 0.3977348605475371,
    "steady_gen_tps": 245.67307692307693,
    "wall_tps": 246.8035453466364,
    "decode_wall_s": 265.5391352176666,
    "num_drafts": 19469.0,
    "num_accepted_tokens": 46461.0,
    "per_pos_rate": [
      0.7064564178951153,
      0.5143561559402127,
      0.3930864451178797,
      0.31244542606194464,
      0.2547639837690688,
      0.20530073450100159
    ],
    "per_pos_counts": [
      13754.0,
      10014.0,
      7653.0,
      6083.0,
      4960.0,
      3997.0
    ],
    "sum_per_pos_rate": 2.3864091632852227,
    "build_meta": {
      "build_s": 23.3,
      "tie": false,
      "body_bits": 4,
      "body_gs": 32,
      "head_bits": 4,
      "head_gs": 32,
      "head_target": [
        "re:.*lm_head"
      ],
      "lm_head_in_ignore": false
    },
    "wandb_run_id": "8g8bclka"
  },
  "int4_g64": {
    "model_id": "/workspace/gemma_build/headq_g64",
    "drafter": "google/gemma-4-E4B-it-qat-q4_0-unquantized-assistant",
    "num_spec": 6,
    "e_accept": 3.3260454803279536,
    "e_accept_source": "server_log_counters_exact",
    "draft_acceptance_rate": 0.39018762677484786,
    "steady_gen_tps": 247.7423076923077,
    "wall_tps": 241.92331838969915,
    "decode_wall_s": 270.8957550525665,
    "num_drafts": 19720.0,
    "num_accepted_tokens": 46167.0,
    "per_pos_rate": [
      0.6984279918864097,
      0.5067444219066937,
      0.38575050709939146,
      0.3056288032454361,
      0.24746450304259635,
      0.19710953346855983
    ],
    "per_pos_counts": [
      13773.0,
      9993.0,
      7607.0,
      6027.0,
      4880.0,
      3887.0
    ],
    "sum_per_pos_rate": 2.341125760649087,
    "build_meta": {
      "build_s": 23.2,
      "tie": false,
      "body_bits": 4,
      "body_gs": 32,
      "head_bits": 4,
      "head_gs": 64,
      "head_target": [
        "re:.*lm_head"
      ],
      "lm_head_in_ignore": false
    },
    "wandb_run_id": "2b99mjew"
  },
  "int4_g128": {
    "model_id": "/workspace/gemma_build/headq_g128",
    "drafter": "google/gemma-4-E4B-it-qat-q4_0-unquantized-assistant",
    "num_spec": 6,
    "e_accept": 3.3467173924219833,
    "e_accept_source": "server_log_counters_exact",
    "draft_acceptance_rate": 0.39354613907160946,
    "steady_gen_tps": 249.9346153846154,
    "wall_tps": 243.8571465867094,
    "decode_wall_s": 268.7475061416626,
    "num_drafts": 19611.0,
    "num_accepted_tokens": 46307.0,
    "per_pos_rate": [
      0.6965988475855387,
      0.507368313701494,
      0.3942175309775126,
      0.3118147978175514,
      0.25159349344755494,
      0.1996838509000051
    ],
    "per_pos_counts": [
      13661.0,
      9950.0,
      7731.0,
      6115.0,
      4934.0,
      3916.0
    ],
    "sum_per_pos_rate": 2.3612768344296566,
    "build_meta": {
      "build_s": 22.5,
      "tie": false,
      "body_bits": 4,
      "body_gs": 32,
      "head_bits": 4,
      "head_gs": 128,
      "head_target": [
        "re:.*lm_head"
      ],
      "lm_head_in_ignore": false
    },
    "wandb_run_id": "3enknmyr"
  }
}