{
  "bf16_head": {
    "model_id": "/senpai-run/home/student-ubel/.cache/huggingface/hub/models--google--gemma-4-E4B-it-qat-w4a16-ct/snapshots/ef0a4c43726bde42a3ca04fd300397c0b8b3c3f0",
    "drafter": "google/gemma-4-E4B-it-qat-q4_0-unquantized-assistant",
    "num_spec": 6,
    "e_accept": 4.2032085561497325,
    "e_accept_source": "server_log_counters_exact",
    "draft_acceptance_rate": 0.533868092691622,
    "steady_gen_tps": 77.6,
    "wall_tps": 35.21744371397872,
    "decode_wall_s": 14.538249969482422,
    "num_drafts": 187.0,
    "num_accepted_tokens": 599.0,
    "per_pos_rate": [
      0.7914438502673797,
      0.6256684491978609,
      0.5347593582887701,
      0.47058823529411764,
      0.41711229946524064,
      0.36363636363636365
    ],
    "per_pos_counts": [
      148.0,
      117.0,
      100.0,
      88.0,
      78.0,
      68.0
    ],
    "sum_per_pos_rate": 3.2032085561497325,
    "build_meta": null,
    "wandb_run_id": null
  },
  "int4_g32": {
    "model_id": "/workspace/gemma_build/headq_g32",
    "drafter": "google/gemma-4-E4B-it-qat-q4_0-unquantized-assistant",
    "num_spec": 6,
    "e_accept": 4.0837696335078535,
    "e_accept_source": "prometheus_acceptance_length",
    "draft_acceptance_rate": 0.5139616055846422,
    "steady_gen_tps": 0.0,
    "wall_tps": 35.711826992400034,
    "decode_wall_s": 14.336987018585205,
    "num_drafts": 191.0,
    "num_accepted_tokens": 589.0,
    "per_pos_rate": [
      0.7696335078534031,
      0.6020942408376964,
      0.5130890052356021,
      0.450261780104712,
      0.4031413612565445,
      0.34554973821989526
    ],
    "per_pos_counts": [
      147.0,
      115.0,
      98.0,
      86.0,
      77.0,
      66.0
    ],
    "sum_per_pos_rate": 3.083769633507853,
    "build_meta": {
      "build_s": 262.3,
      "tie": false,
      "body_bits": 4,
      "body_gs": 32,
      "head_bits": 4,
      "head_gs": 32,
      "head_target": [
        "re:.*lm_head"
      ],
      "lm_head_in_ignore": false
    },
    "wandb_run_id": null
  }
}