{
  "bf16_head": {
    "model_id": "/senpai-run/home/student-ubel/.cache/huggingface/hub/models--google--gemma-4-E4B-it-qat-w4a16-ct/snapshots/ef0a4c43726bde42a3ca04fd300397c0b8b3c3f0",
    "drafter": "google/gemma-4-E4B-it-qat-q4_0-unquantized-assistant",
    "num_spec": 6,
    "e_accept": 3.332301132037159,
    "e_accept_source": "server_log_counters_exact",
    "draft_acceptance_rate": 0.38979229989868286,
    "steady_gen_tps": 211.2,
    "wall_tps": 211.84033226582966,
    "decode_wall_s": 309.3650736808777,
    "num_drafts": 19740.0,
    "num_accepted_tokens": 46167.0,
    "per_pos_rate": [
      0.6982269503546099,
      0.5019250253292806,
      0.38875379939209725,
      0.30734549138804457,
      0.24731509625126646,
      0.1951874366767984
    ],
    "per_pos_counts": [
      13783.0,
      9908.0,
      7674.0,
      6067.0,
      4882.0,
      3853.0
    ],
    "sum_per_pos_rate": 2.3387537993920975,
    "build_meta": null,
    "wandb_run_id": "xtazaes2"
  },
  "int4_g32": {
    "model_id": "/workspace/gemma_build/headq_g32",
    "drafter": "google/gemma-4-E4B-it-qat-q4_0-unquantized-assistant",
    "num_spec": 6,
    "e_accept": 3.3695606363923716,
    "e_accept_source": "server_log_counters_exact",
    "draft_acceptance_rate": 0.3977348605475371,
    "steady_gen_tps": 245.20384615384617,
    "wall_tps": 246.48725984023946,
    "decode_wall_s": 265.87986755371094,
    "num_drafts": 19469.0,
    "num_accepted_tokens": 46461.0,
    "per_pos_rate": [
      0.7064564178951153,
      0.5143561559402127,
      0.3930864451178797,
      0.31244542606194464,
      0.2547639837690688,
      0.20530073450100159
    ],
    "per_pos_counts": [
      13754.0,
      10014.0,
      7653.0,
      6083.0,
      4960.0,
      3997.0
    ],
    "sum_per_pos_rate": 2.3864091632852227,
    "build_meta": {
      "build_s": 22.3,
      "tie": false,
      "body_bits": 4,
      "body_gs": 32,
      "head_bits": 4,
      "head_gs": 32,
      "head_target": [
        "re:.*lm_head"
      ],
      "lm_head_in_ignore": false
    },
    "wandb_run_id": "45rxjwkk"
  }
}