{
  "ckpt": "/tmp/osoi5-v0-baked",
  "smoke": false,
  "n_train_seq": 80,
  "n_eval_seq": 40,
  "max_ctx": 256,
  "max_tgt": 256,
  "epochs": 100,
  "lr": 0.0015,
  "vocab_pruned": 16384,
  "capture_seconds": 12.561115026473999,
  "by_K": {
    "4": {
      "K": 4,
      "train_pos": 20102,
      "eval_pos": 10080,
      "train_seconds": 115.40721559524536,
      "a_marginal_top1": [
        0.3050595223903656,
        0.14513888955116272,
        0.08115079253911972,
        0.06071428582072258
      ],
      "a_marginal_top3": [
        0.4283730089664459,
        0.22827380895614624,
        0.1369047611951828,
        0.10585317760705948
      ],
      "et_singlecand_direct": 1.4290674603174602,
      "et_ladder_product_top1": 1.353146703637288,
      "et_ladder_product_top3": 1.5409638631358273
    },
    "5": {
      "K": 5,
      "train_pos": 20022,
      "eval_pos": 10040,
      "train_seconds": 144.7818067073822,
      "a_marginal_top1": [
        0.3033864498138428,
        0.1417330652475357,
        0.08127490431070328,
        0.057968128472566605,
        0.04053784906864166
      ],
      "a_marginal_top3": [
        0.42121514678001404,
        0.22659362852573395,
        0.14153386652469635,
        0.11215139925479889,
        0.08127490431070328
      ],
      "et_singlecand_direct": 1.4301792828685258,
      "et_ladder_product_top1": 1.3500919535515106,
      "et_ladder_product_top3": 1.531806615228479
    }
  },
  "train_gpu_seconds_total": 260.18902230262756,
  "train_gpu_h_total": 0.07576392703586154,
  "wall_seconds_total": 384.0627110004425
}