{
  "ckpt": "/tmp/osoi5-v0-baked",
  "smoke": false,
  "target_trajectory": "freerun_base_greedy",
  "freerun": true,
  "n_new": 96,
  "ctx_cap": 224,
  "n_train_seq": 80,
  "n_eval_seq": 40,
  "max_ctx": 224,
  "max_tgt": 96,
  "epochs": 60,
  "lr": 0.0015,
  "weight_decay": 0.003,
  "early_stop_best": true,
  "vocab_pruned": 16384,
  "capture_seconds": 10.185636520385742,
  "by_K": {
    "4": {
      "K": 4,
      "train_pos": 7360,
      "eval_pos": 3680,
      "train_seconds": 26.79317808151245,
      "best_ep": 7,
      "a_marginal_top1": [
        0.32445651292800903,
        0.1717391163110733,
        0.1095108613371849,
        0.0828804299235344
      ],
      "a_marginal_top3": [
        0.511684775352478,
        0.3165760636329651,
        0.2141304314136505,
        0.17364129424095154
      ],
      "et_singlecand_direct": 1.5035326086956522,
      "et_ladder_product_top1": 1.3867862871029726,
      "et_ladder_product_top3": 1.714381293793375
    },
    "5": {
      "K": 5,
      "train_pos": 7280,
      "eval_pos": 3640,
      "train_seconds": 33.16316556930542,
      "best_ep": 7,
      "a_marginal_top1": [
        0.3274725377559662,
        0.1804945170879364,
        0.10824176669120789,
        0.0813186839222908,
        0.0535714328289032
      ],
      "a_marginal_top3": [
        0.4969780445098877,
        0.33269232511520386,
        0.21181319653987885,
        0.1815934181213379,
        0.11538462340831757
      ],
      "et_singlecand_direct": 1.5153846153846153,
      "et_ladder_product_top1": 1.3935255168708867,
      "et_ladder_product_top3": 1.7044336390317159
    }
  },
  "train_gpu_seconds_total": 59.95634365081787,
  "train_gpu_h_total": 0.019483883380889893,
  "wall_seconds_total": 1037.4124331474304
}