{
  "variant": "base",
  "model": "google/gemma-4-E4B-it-qat-w4a16-ct",
  "load_s": 66.0008795261383,
  "backend_summary": {
    "256|TRITON_ATTN": 35,
    "512|TRITON_ATTN": 7
  },
  "tps": {
    "tps_mean": 94.59814091495451,
    "tps_std": 0.16500052718247815,
    "tps_samples": [
      94.76314144213698,
      94.43314038777203
    ],
    "tps_tokens": 64
  },
  "ppl": {
    "ppl": 2.05820254704442,
    "mean_record_ppl": 2.4557950750325754,
    "num_records": 6,
    "num_tokens": 2642,
    "neg_log_likelihood": 1907.0829231983696
  },
  "peak_mem_gb": 21.031237632,
  "n_identity": 4,
  "gen_tokens": 32
}