{
  "runner": "paired_tps_ab",
  "pr": 82,
  "metric": "wall_tps",
  "baseline": {
    "submission": "int4_mtp_batchinv",
    "label": "ar_m1",
    "override_env": {
      "NUM_SPECULATIVE_TOKENS": "0"
    },
    "describe": "int4_mtp_batchinv[NUM_SPECULATIVE_TOKENS=0]"
  },
  "candidate": {
    "submission": "int4_mtp_batchinv",
    "label": "bi1_pinned_k5_xcheck",
    "override_env": {
      "VLLM_BATCH_INVARIANT": "1",
      "NUM_SPECULATIVE_TOKENS": "5"
    },
    "describe": "int4_mtp_batchinv[NUM_SPECULATIVE_TOKENS=5,VLLM_BATCH_INVARIANT=1]"
  },
  "n": 2,
  "workload": {
    "num_prompts": 128,
    "output_len": 512,
    "seed": 1
  },
  "reused_baseline_from": null,
  "elapsed_s": 3040.7581083774567,
  "git": {
    "git_commit": "9db986fbe09ba811d6a1f30ee037b53146f1a9cd",
    "git_branch": "land/pin-served-tps-realization",
    "git_dirty": true
  },
  "arms": {
    "baseline": {
      "n": 2,
      "wall_tps": {
        "n": 2,
        "mean": 77.96466846838655,
        "std": 0.005652814809274467,
        "cv_pct": 0.007250482712648993,
        "min": 77.96067132470212,
        "max": 77.96866561207098,
        "range_pct": 0.010253730985979873,
        "median": 77.96466846838655,
        "p25": 77.96067132470212,
        "p75": 77.96067132470212,
        "values": [
          77.96067132470212,
          77.96866561207098
        ]
      },
      "steady_gen_tps_mean": {
        "n": 2,
        "mean": 77.825,
        "std": 0.11448395504925266,
        "cv_pct": 0.1471043431407037,
        "min": 77.74404761904762,
        "max": 77.90595238095239,
        "range_pct": 0.20803695715356874,
        "median": 77.825,
        "p25": 77.74404761904762,
        "p75": 77.74404761904762,
        "values": [
          77.74404761904762,
          77.90595238095239
        ]
      },
      "e_accept_exact": {
        "n": 0
      },
      "server_ready_s": {
        "n": 2,
        "mean": 120.02665364742279,
        "std": 0.00544351836627303,
        "cv_pct": 0.004535257962171732,
        "min": 120.02280449867249,
        "max": 120.0305027961731,
        "range_pct": 0.006413823318963828,
        "median": 120.02665364742279,
        "p25": 120.02280449867249,
        "p75": 120.02280449867249,
        "values": [
          120.0305027961731,
          120.02280449867249
        ]
      },
      "records": [
        {
          "run_idx": 0,
          "t_start_utc": "2026-06-19T01:20:21.024213+00:00",
          "seed": 1,
          "num_prompts": 128,
          "output_len": 512,
          "num_completion_tokens": 65536,
          "decode_duration_s": 840.6289849281311,
          "wall_around_decode_s": 849.3279683589935,
          "wall_tps": 77.96067132470212,
          "steady_gen_tps_mean": 77.74404761904762,
          "steady_gen_tps_mean_nonzero": 77.74404761904762,
          "steady_gen_tps_n": 84,
          "gen_tps_series": [
            57.8,
            75.8,
            77.4,
            78.6,
            79.1,
            77.5,
            78.5,
            78.6,
            79.6,
            78.7,
            79.8,
            78.9,
            79.8,
            78.1,
            76.9,
            77.2,
            79.3,
            77.4,
            80.0,
            76.0,
            78.5,
            79.1,
            77.7,
            79.3,
            78.4,
            77.9,
            77.2,
            78.2,
            78.3,
            79.4,
            76.9,
            76.1,
            78.0,
            75.2,
            78.2,
            78.6,
            78.5,
            78.8,
            78.5,
            79.2,
            77.7,
            78.1,
            67.0,
            79.0,
            76.7,
            79.2,
            77.7,
            77.2,
            78.6,
            78.6,
            77.9,
            78.4,
            78.7,
            78.4,
            79.2,
            78.1,
            79.2,
            77.8,
            78.8,
            77.7,
            78.3,
            77.2,
            78.2,
            77.6,
            79.7,
            76.5,
            78.7,
            78.2,
            78.5,
            75.8,
            76.1,
            79.0,
            78.4,
            78.0,
            77.5,
            79.3,
            79.0,
            79.3,
            77.0,
            77.6,
            77.5,
            77.7,
            75.4,
            79.0
          ],
          "e_accept_exact": null,
          "e_accept_interval_mean": null,
          "num_speculative_tokens": null,
          "total_accepted_tokens": 0,
          "total_drafted_tokens": 0,
          "intervals": 0,
          "clock": {
            "n_samples": 3406,
            "n_load_samples": 3361,
            "sm_clock_mhz": {
              "mean": 1710.0,
              "min": 1710.0,
              "max": 1710.0
            },
            "sm_clock_mhz_load": {
              "mean": 1710.0,
              "min": 1710.0,
              "max": 1710.0
            },
            "mem_clock_mhz_load": {
              "mean": 6251.0,
              "min": 6251.0,
              "max": 6251.0
            },
            "temp_c": {
              "mean": 58.72196124486201,
              "min": 38.0,
              "max": 62.0
            },
            "power_w_load": {
              "mean": 191.40248140434394,
              "min": 85.36,
              "max": 211.12
            },
            "util_pct": {
              "mean": 98.50587199060482,
              "min": 0.0,
              "max": 100.0
            }
          },
          "log_offset_start": 0,
          "server_ready_s": 120.0305027961731,
          "arm": "ar_m1",
          "submission": "int4_mtp_batchinv",
          "override_env": {
            "NUM_SPECULATIVE_TOKENS": "0"
          }
        },
        {
          "run_idx": 1,
          "t_start_utc": "2026-06-19T01:36:34.409625+00:00",
          "seed": 1,
          "num_prompts": 128,
          "output_len": 512,
          "num_completion_tokens": 65536,
          "decode_duration_s": 840.5427935123444,
          "wall_around_decode_s": 848.8545322418213,
          "wall_tps": 77.96866561207098,
          "steady_gen_tps_mean": 77.90595238095239,
          "steady_gen_tps_mean_nonzero": 77.90595238095239,
          "steady_gen_tps_n": 84,
          "gen_tps_series": [
            70.8,
            75.5,
            77.9,
            78.3,
            79.9,
            76.5,
            79.4,
            77.7,
            80.2,
            78.9,
            79.4,
            79.7,
            78.8,
            78.3,
            76.6,
            78.1,
            78.5,
            78.7,
            78.7,
            76.3,
            78.2,
            79.4,
            77.3,
            79.8,
            78.5,
            77.3,
            77.6,
            78.2,
            79.1,
            78.4,
            76.8,
            76.2,
            77.2,
            76.1,
            78.9,
            77.8,
            79.3,
            78.0,
            79.6,
            78.2,
            77.7,
            78.1,
            67.8,
            78.3,
            77.6,
            78.2,
            78.7,
            76.0,
            79.5,
            77.9,
            78.8,
            77.3,
            79.3,
            78.2,
            79.9,
            78.1,
            78.4,
            78.7,
            78.0,
            78.9,
            77.0,
            78.4,
            77.1,
            78.5,
            79.0,
            77.4,
            77.6,
            79.1,
            77.5,
            75.6,
            76.5,
            79.9,
            77.5,
            78.5,
            77.4,
            79.2,
            79.4,
            78.9,
            77.2,
            77.2,
            79.1,
            75.7,
            76.7,
            78.2
          ],
          "e_accept_exact": null,
          "e_accept_interval_mean": null,
          "num_speculative_tokens": null,