{
  "variant": "fa2sw",
  "model": "google/gemma-4-E4B-it-qat-w4a16-ct",
  "load_s": 59.26288890838623,
  "backend_summary": {
    "256|FLASH_ATTN": 35,
    "512|TRITON_ATTN": 7
  },
  "tps": {
    "tps_mean": 92.81130848388689,
    "tps_std": 0.0,
    "tps_samples": [
      92.81130848388689
    ],
    "tps_tokens": 64
  },
  "ppl": {
    "ppl": 2.1810950166416925,
    "mean_record_ppl": 2.608409234073708,
    "num_records": 4,
    "num_tokens": 1914,
    "neg_log_likelihood": 1492.5889773399654
  },
  "peak_mem_gb": 21.028605952,
  "n_identity": 4,
  "gen_tokens": 24
}