{
  "variant": "base",
  "model": "google/gemma-4-E4B-it-qat-w4a16-ct",
  "load_s": 58.75569438934326,
  "backend_summary": {
    "256|TRITON_ATTN": 35,
    "512|TRITON_ATTN": 7
  },
  "tps": {
    "tps_mean": 96.8890095495355,
    "tps_std": 0.008046743924904216,
    "tps_samples": [
      96.90034083910965,
      96.88425304672279,
      96.88243476277405
    ],
    "tps_tokens": 256
  },
  "ppl": null,
  "peak_mem_gb": 19.738358272,
  "n_identity": 128,
  "gen_tokens": 256,
  "prefix_cache": false,
  "sequential": true,
  "determinism": null
}