{
  "bench_wall_s": 425.0574586391449,
  "completed": 128,
  "duration_s": 417.97289672499755,
  "max_concurrency": 1,
  "mean_e2e_latency_ms": 3265.203879092951,
  "model": "gemma-4-e4b-it",
  "num_prompts": 128,
  "output_len": 512,
  "output_tps": 156.79485563179702,
  "p99_e2e_latency_ms": 3367.4579095182708,
  "request_throughput_req_s": 0.30623995240585355,
  "total_input_tokens": 33688,
  "total_output_tokens": 65536,
  "total_tps": 237.3933831056126,
  "tps": 156.79485563179702
}