{
  "pr": 273,
  "experiment": "static_k_wallclock_ab",
  "seed_primary": 1,
  "workload": {
    "num_prompts": 128,
    "output_len": 512,
    "seed": 1
  },
  "anchors": {
    "official_tps": 481.53,
    "target_tps": 500.0,
    "local_k7_reference_wall_tps": 453.6177679392844,
    "local_k7_e_accept_exact": 3.852306528347049,
    "composition_e_t_k7": 3.8444537125748504
  },
  "k7_baseline": {
    "median_wall_tps": 453.6177679392844,
    "cv_pct": 0.0035996459349930602,
    "range_pct": 0.007198571944789614,
    "values": [
      453.6344949069024,
      453.6018408863288,
      453.6177679392844
    ],
    "stable_within_1pct": true
  },
  "per_k": {
    "3": {
      "measured": {
        "median": 387.13305516693254,
        "mean": 382.6891870491692,
        "std": 7.73327156710309,
        "cv_pct": 2.020770857607088,
        "values": [
          373.7596068871818,
          387.1748990933934,
          387.13305516693254
        ],
        "warm_median": 387.15397713016296,
        "n_cold": 1,
        "n": 3,
        "e_accept_exact": 2.870515661645944,
        "server_ready_s": [
          145,
          90,
          90
        ]
      },
      "composition": {
        "e_t": 2.720164251497006,
        "net_tps": 492.94094882742036,
        "gain_pct": 2.369727499308527,
        "clears_500": false
      },
      "measured_delta_pct": -14.656549516210903,
      "realization_ratio": -6.184909243990122,
      "verdict": "REAL-"
    },
    "4": {
      "measured": {
        "median": 414.4752346047888,
        "mean": 414.47101449707225,
        "std": 0.016951665136429577,
        "cv_pct": 0.004089951900978909,
        "values": [
          414.4752346047888,
          414.4523514383797,
          414.48545744804824
        ],
        "warm_median": 414.4752346047888,
        "n_cold": 0,
        "n": 3,
        "e_accept_exact": 3.1928256042442222,
        "server_ready_s": [
          90,
          90,
          90
        ]
      },
      "composition": {
        "e_t": 3.080339640718563,
        "net_tps": 502.12279296537685,
        "gain_pct": 4.27653374979271,
        "clears_500": true
      },
      "measured_delta_pct": -8.628968285857523,
      "realization_ratio": -2.01774820233227,
      "verdict": "REAL-"
    },
    "5": {
      "measured": {
        "median": 437.941617339853,
        "mean": 431.8885715030853,
        "std": 10.595971768589825,
        "cv_pct": 2.4534040647829762,
        "values": [
          419.6536233776292,
          437.941617339853,
          438.0704737917738
        ],
        "warm_median": 438.0060455658134,
        "n_cold": 1,
        "n": 3,
        "e_accept_exact": 3.4920312858958478,
        "server_ready_s": [
          150,
          90,
          90
        ]
      },
      "composition": {
        "e_t": 3.38082377245509,
        "net_tps": 500.78615614206257,
        "gain_pct": 3.998952535057554,
        "clears_500": true
      },
      "measured_delta_pct": -3.455806122993321,
      "realization_ratio": -0.8641778297435041,
      "verdict": "REAL-"
    },
    "6": {
      "measured": {
        "median": 447.0501466219524,
        "mean": 441.2178786776216,
        "std": 10.141505357224375,
        "cv_pct": 2.298525478527656,
        "values": [
          429.50750688289537,
          447.0501466219524,
          447.095982528017
        ],
        "warm_median": 447.0730645749847,
        "n_cold": 1,
        "n": 3,
        "e_accept_exact": 3.6861444869565005,
        "server_ready_s": [
          145,
          90,
          90
        ]
      },
      "composition": {
        "e_t": 3.6318059880239524,
        "net_tps": 492.9541600938257,
        "gain_pct": 2.372471101245144,
        "clears_500": false
      },
      "measured_delta_pct": -1.4478315845447784,
      "realization_ratio": -0.6102631065916517,
      "verdict": "REAL-"
    },
    "7": {
      "measured": {
        "median": 453.6177679392844,
        "mean": 453.61803457750517,
        "std": 0.01632864314206458,
        "cv_pct": 0.0035996459349930602,
        "range_pct": 0.007198571944789614,
        "values": [
          453.6344949069024,
          453.6018408863288,
          453.6177679392844
        ],
        "warm_median": 453.6177679392844,
        "n_cold": 0,
        "n": 3,
        "e_accept_exact": 3.852306528347049,
        "server_ready_s": [
          90,
          90,
          90
        ]
      },
      "composition": {
        "e_t": 3.8444537125748504,
        "net_tps": 481.53,
        "gain_pct": 0.0,
        "clears_500": false
      },
      "measured_delta_pct": 0.0,
      "realization_ratio": null,
      "verdict": "REF"
    }
  },
  "realization_ratios": {
    "3": -6.184909243990122,
    "4": -2.01774820233227,
    "5": -0.8641778297435041,
    "6": -0.6102631065916517
  },
  "test_metric": {
    "name": "measured_local_wall_tps_gain_k4_vs_k7_pct",
    "value": -8.628968285857523
  },
  "booleans": {
    "static_k4_beats_k7_measured": false,
    "composition_over_credits": true
  },
  "greedy_identity": {
    "parity_gate_file": "research/validity/static_k_wallclock_ab/greedy_gate_vs_m1ar_seed1.json",
    "greedy_validity_parity_vs_k7": true,
    "parity": {
      "parity_pass": true,
      "ref_k": 7,
      "ref_verdict": "DIVERGENT",
      "ref_divergent_token_pct": 59.525,
      "ref_onset_median": 117,
      "tolerances": {
        "divtok_pct": 5.0,
        "onset": 16.0
      },
      "all_candidates_present": true,
      "per_k": {
        "3": {
          "verdict": "DIVERGENT",
          "divergent_token_pct": 61.523,
          "onset_median": 116,
          "n_early_onset_lt16": 5,
          "same_verdict_as_k7": true,
          "divtok_within_tol": true,
          "onset_within_tol": true,
          "no_integrity_failures": true,
          "parity": true
        },
        "4": {
          "verdict": "DIVERGENT",
          "divergent_token_pct": 61.629,
          "onset_median": 116,
          "n_early_onset_lt16": 8,
          "same_verdict_as_k7": true,
          "divtok_within_tol": true,
          "onset_within_tol": true,
          "no_integrity_failures": true,
          "parity": true
        },
        "5": {
          "verdict": "DIVERGENT",
          "divergent_token_pct": 61.311,
          "onset_median": 117,
          "n_early_onset_lt16": 7,
          "same_verdict_as_k7": true,
          "divtok_within_tol": true,
          "onset_within_tol": true,
          "no_integrity_failures": true,
          "parity": true
        },
        "6": {
          "verdict": "DIVERGENT",
          "divergent_token_pct": 61.957,
          "onset_median": 109.0,
          "n_early_onset_lt16": 10,
          "same_verdict_as_k7": true,
          "divtok_within_tol": true,
          "onset_within_tol": true,
          "no_integrity_failures": true,
          "parity": true
        }
      }
    },
    "strict_certificate_file": "research/validity/static_k_wallclock_ab/greedy_identity_certificate_seed1.json",
    "strict_token_id_identity_all_k": false,
    "strict_per_k": {
      "3": {
        "n_identical": 13,
        "n_prompts": 128,
        "all_identical": false
      },
      "4": {
        "n_identical": 17,
        "n_prompts": 128,
        "all_identical": false
      },
      "5": {
        "n_identical": 19,
        "n_prompts": 128,
        "all_identical": false
      },
      "6": {
        "n_identical": 13,
        "n_prompts": 128,
        "all_identical": false
      },
      "7": {
        "n_identical": 128,
        "n_prompts": 128,
        "all_identical": true
      }
    }
  },
  "premise_correction": {
    "pr_claim": "greedy-safe by construction: token-ids identical across all K (128/128)",
    "finding": "strict 128/128 is FALSE for every config on this int4+vLLM stack; the deployed K=7 itself is DIVERGENT vs the M=1 AR reference by benign late-onset FP nondeterminism (verify-step reduction order is not bit-stable).",