{
  "label": "slice32k",
  "gen_tokens_per_req": 256,
  "k_timed": 12,
  "completion_tokens_total": 3072,
  "latency_total_s": 24.46528537705308,
  "tps_end_to_end": 125.56567203918028,
  "tps_median_per_req": 125.58903488654504,
  "tps_mean_per_req": 125.56571225599787,
  "per_req_latency_s": [
    2.0416628739912994,
    2.038477359979879,
    2.039305526006501,
    2.0381349450326525,
    2.0378922219970264,
    2.038311679032631,
    2.0389489859808236,
    2.0403981870040298,
    2.0388845030101947,
    2.037973446014803,
    2.037729475996457,
    2.0375661730067804
  ],
  "per_req_tokens": [
    256,
    256,
    256,
    256,
    256,
    256,
    256,
    256,
    256,
    256,
    256,
    256
  ],
  "official_tps": 0
}