{
  "label": "off262k",
  "gen_tokens_per_req": 256,
  "k_timed": 12,
  "completion_tokens_total": 3072,
  "latency_total_s": 31.778880598954856,
  "tps_end_to_end": 96.66797389021411,
  "tps_median_per_req": 96.67152684748444,
  "tps_mean_per_req": 96.66798193760867,
  "per_req_latency_s": [
    2.6504843389848247,
    2.6481210369965993,
    2.6483319759718142,
    2.648449020984117,
    2.647979451052379,
    2.6478486160049215,
    2.648223255004268,
    2.648152799985837,
    2.64813263900578,
    2.647193049953785,
    2.648449531989172,
    2.6475148830213584
  ],
  "per_req_tokens": [
    256,
    256,
    256,
    256,
    256,
    256,
    256,
    256,
    256,
    256,
    256,
    256
  ],
  "official_tps": 0
}