{
  "label": "slice12k",
  "gen_tokens_per_req": 256,
  "k_timed": 12,
  "completion_tokens_total": 3072,
  "latency_total_s": 23.65956057101721,
  "tps_end_to_end": 129.8418028846731,
  "tps_median_per_req": 129.8580287746377,
  "tps_mean_per_req": 129.8418175659647,
  "per_req_latency_s": [
    1.9730536119895987,
    1.9725088350242004,
    1.9714548609917983,
    1.9709284189739265,
    1.971312525041867,
    1.9709865109762177,
    1.9710664150188677,
    1.9718679580255412,
    1.9718520439928398,
    1.9709725509746931,
    1.9712591639836319,
    1.9722976760240272
  ],
  "per_req_tokens": [
    256,
    256,
    256,
    256,
    256,
    256,
    256,
    256,
    256,
    256,
    256,
    256
  ],
  "official_tps": 0
}