{
  "pr": 297,
  "leg": "tail-resolved per-position: does the hard-prompt acceptance cliff shift?",
  "tail_resolved_per_position_analysis_only": true,
  "measured_source": "/workspace/senpai/target/research/validity/tail_resolved_per_position/measured_matrix.json",
  "ranking_source": "lawine282_banked",
  "imported": {
    "official": 481.53,
    "ceiling_lambda1": 520.95,
    "K_cal": 125.268,
    "E_T_anchor": 3.844,
    "et_decomp_289": 3.8512,
    "step_us": 1218.2,
    "step_ms": 1.2182,
    "tau": 1.218,
    "K_spec": 7,
    "E_T_max": 8,
    "linear_cap_denken119": 3.8445,
    "public_et_target_fern281": 4.966,
    "private_factor": 0.804,
    "private_verified": 460.85,
    "top1_linear_accept_anchor": 0.728739760479042,
    "a_k_289": [
      0.72925,
      0.75956,
      0.79298,
      0.8228,
      0.83487,
      0.83579,
      0.84649
    ],
    "cliff_position_289": 1,
    "low_tail_pooled_et_289": 3.0925856228829507,
    "top_tail_pooled_et_289": 5.051904176904177,
    "banked_accepted_per_pos": [
      12452.0,
      9458.0,
      7500.0,
      6171.0,
      5152.0,
      4306.0,
      3645.0
    ],
    "banked_num_drafts": 17075.0,
    "banked_num_accepted": 48684.0
  },
  "whole_run": {
    "a_k": [
      0.7292532942898975,
      0.759556697719242,
      0.7929794882639035,
      0.8228,
      0.8348727920920435,
      0.8357919254658385,
      0.8464932652113331
    ],
    "survival_j": [
      1.0,
      0.7292532942898975,
      0.553909224011713,
      0.43923865300146414,
      0.3614055636896047,
      0.3017276720351391,
      0.25218155197657394,
      0.21346998535871156
    ],
    "cumprod_a": [
      0.7292532942898975,
      0.553909224011713,
      0.43923865300146414,
      0.3614055636896047,
      0.3017276720351391,
      0.25218155197657394,
      0.21346998535871156
    ],
    "E_T": 3.851185944363104,
    "token_loss_per_pos": [
      1.8952269399707176,
      1.0520644216691066,
      0.5733528550512446,
      0.3113323572474378,
      0.17903367496339673,
      0.09909224011713036,
      0.038711566617862375
    ],
    "token_loss_total": 4.148814055636896,
    "cliff_position": 1,
    "cliff_agrees_across_measures": true,
    "conditional_acceptance_increases_with_depth": true,
    "a_k_resid_vs_289_max": 3.302280758066267e-06,
    "a_k_resid_vs_289": [
      3.294289897537439e-06,
      3.302280758066267e-06,
      5.117360964979056e-07,
      0.0,
      2.79209204345765e-06,
      1.9254658384371126e-06,
      3.2652113330922106e-06
    ],
    "E_T_resid_vs_anchor": 0.0071859443631039355,
    "E_T_resid_vs_decomp_289": -1.405563689615974e-05
  },
  "whole_run_fresh_crosscheck": {
    "accepted_per_pos": [
      12440.0,
      9439.0,
      7516.0,
      6126.0,
      5131.0,
      4352.0,
      3679.0
    ],
    "num_drafts": 17040.0,
    "a_k": [
      0.7300469483568075,
      0.7587620578778135,
      0.7962707913973938,
      0.8150612027674295,
      0.8375775383610838,
      0.8481777431299942,
      0.8453584558823529
    ],
    "E_T": 3.856983568075117,
    "cliff_position": 1,
    "E_T_resid_vs_banked": 0.005797623712013422,
    "per_pos_resid_vs_banked": [
      -12.0,
      -19.0,
      16.0,
      -45.0,
      -21.0,
      46.0,
      34.0
    ]
  },
  "quartile_size": 32,
  "low_tail_indices": [
    85,
    32,
    33,
    36,
    102,
    5,
    20,
    55,
    109,
    3,
    58,
    117,
    96,
    116,
    23,
    47,
    121,
    83,
    57,
    31,
    60,
    74,
    122,
    14,
    15,
    21,
    123,
    76,
    9,
    24,
    103,
    16
  ],
  "top_tail_indices": [
    48,
    10,
    4,
    120,
    119,
    50,
    45,
    8,
    43,
    17,
    118,
    53,
    127,
    67,
    87,
    34,
    40,
    104,
    29,
    77,
    81,
    61,
    82,
    106,
    62,
    39,
    19,
    64,
    107,
    13,
    100,
    37
  ],
  "low_tail": {
    "a_k": [
      0.6549618320610687,
      0.673951048951049,
      0.7211413748378729,
      0.7697841726618705,
      0.7858255451713396,
      0.8037661050545093,
      0.8064118372379779
    ],
    "survival_j": [
      1.0,
      0.6549618320610687,
      0.441412213740458,
      0.3183206106870229,
      0.2450381679389313,
      0.19255725190839695,
      0.1547709923664122,
      0.12480916030534352
    ],
    "E_T": 3.1318702290076335,
    "pooled_et_from_scalar": 3.1318702290076335,
    "cliff_position": 1,
    "cliff_by_min_conditional": 1,
    "cliff_by_abs_survival_drop": 1,
    "cliff_agrees_across_measures": true,
    "conditional_acceptance_increases_with_depth": true,
    "token_loss_per_pos": [
      2.415267175572519,
      1.2812977099236642,
      0.6154580152671757,
      0.29312977099236637,
      0.15744274809160302,
      0.0755725190839695,
      0.029961832061068686
    ],
    "num_drafts": 5240.0,
    "accepted_per_pos": [
      3432.0,
      2313.0,
      1668.0,
      1284.0,
      1009.0,
      811.0,
      654.0
    ],
    "E_T_resid_vs_289": 0.039284606124682764
  },
  "top_tail": {
    "a_k": [
      0.8291197075845264,
      0.8570903747244673,
      0.881697385340763,
      0.8731161886242099,
      0.8825167037861916,
      0.8889589905362777,
      0.8928317955997161
    ],
    "survival_j": [
      1.0,
      0.8291197075845264,
      0.7106305208650624,
      0.6265610721900701,
      0.5470606152908924,
      0.48279013097776424,
      0.42918062747487057,
      0.38318611026500154
    ],
    "E_T": 5.008528784648187,
    "pooled_et_from_scalar": 5.008528784648187,
    "cliff_position": 1,
    "cliff_by_min_conditional": 1,
    "cliff_by_abs_survival_drop": 1,
    "cliff_agrees_across_measures": true,
    "conditional_acceptance_increases_with_depth": false,
    "token_loss_per_pos": [
      1.1961620469083156,
      0.7109351203167837,
      0.42034724337496165,
      0.3180018275967105,
      0.19281145293938462,
      0.10721900700578735,
      0.045994517209869024
    ],
    "num_drafts": 3283.0,
    "accepted_per_pos": [
      2722.0,
      2333.0,
      2057.0,
      1796.0,
      1585.0,
      1409.0,
      1258.0
    ],
    "E_T_resid_vs_289": -0.04337539225598963
  },
  "cliff_position_low": 1,
  "cliff_position_top": 1,
  "tail_cliff_shifts": false,
  "low_tail_mode": "a1-deepen",
  "a1_low": 0.6549618320610687,
  "a1_top": 0.8291197075845264,
  "a1_deepens_in_low_tail": true,
  "a1_gap_top_minus_low": 0.17415787552345763,
  "eagle3_target_is_prompt_adaptive": false,
  "per_prompt_cliff_position": [
    1,
    1,
    1,
    1,
    1,
    1,
    1,
    1,
    1,
    1,
    1,
    1,
    1,
    1,
    1,
    1,
    1,
    1,
    1,
    1,
    1,
    1,
    1,
    1,
    1,
    1,
    1,
    1,
    1,
    1,
    1,
    1,
    1,
    1,
    1,
    2,
    1,
    1,
    1,
    1,
    1,
    1,
    1,
    1,
    1,
    1,
    1,
    1,
    1,
    1,
    1,
    1,
    1,
    1,
    1,
    1,
    1,
    1,
    1,
    1,
    1,
    1,
    1,
    1,
    1,
    1,
    1,
    1,
    1,
    1,
    1,
    1,
    1,
    1,
    1,
    1,
    1,
    1,
    1,
    1,
    1,
    1,
    1,
    1,
    1,
    1,
    1,
    2,
    1,
    1,
    1,
    1,
    1,
    1,
    1,
    1,
    1,
    1,
    1,
    1,
    2,
    1,
    1,
    1,
    1,
    1,
    1,
    1,
    1,
    1,
    1,
    1,
    1,
    1,
    1,
    1,
    1,
    1,
    2,
    1,
    1,
    1,
    1,
    1,
    1,
    1,
    1,
    1
  ],
  "per_prompt_cliff_histogram": [
    124,
    4,
    0,
    0,
    0,
    0,
    0
  ],
  "per_prompt_cliff_unresolved": 0,
  "per_prompt_cliff_modal_position": 1,
  "quartile_membership_low_overlap_vs_fresh": 0.78125,
  "quartile_membership_top_overlap_vs_fresh": 0.84375,
  "per_pos_whole_run_reconcile_resid": [
    0.0,
    0.0,
    0.0,
    0.0,
    0.0,
    0.0,
    0.0
  ],
  "per_pos_whole_run_reconcile_max": 0.0,
  "prefix_invariant_max_resid": 0.0,
  "decode_wall_s": 245.87025260925293,
  "peak_gpu_gb": 18.9404296875,
  "num_prompts": 128,
  "self_test": {
    "a_whole_run_a_k_reproduces_289": true,