{
  "pr": 237,
  "metric_primary": "publishfirst_accepted_risk_self_test_passes",
  "metric_test": "accepted_risk_at_floor",
  "publishfirst_accepted_risk_self_test_passes": true,
  "accepted_risk_at_floor": 0.4999999999999939,
  "accepted_risk_at_speed_gate": 0.05831773945416474,
  "accepted_risk_at_speed_gate_grounded": 0.2394311004235805,
  "accepted_risk_at_p95": 0.029652072149779496,
  "lambda_risk5": 0.9699990336265527,
  "lambda_risk5_minus_p95bar": -0.008012263746568049,
  "lambda_floor_publish_first": 0.9138270633254324,
  "lambda_speed_gate": 0.9674684694454245,
  "p95_private_bar": 0.9780112973731208,
  "sigma_draw": 7.390974474817942,
  "mu_safe_fresh": 512.15707117161,
  "draw_model": {
    "law": "private_draw(lambda) ~ Normal(mu=private_mean(lambda), sigma=sigma_draw)",
    "clear_event": "private_draw >= 500",
    "p_clear": "Phi((private_mean(lambda) - 500) / sigma_draw)",
    "risk": "1 - P(clears 500 | lambda)",
    "sigma_draw": 7.390974474817942,
    "f_priv_assumed": 0.969106920637722,
    "f_priv_grounded": 0.9570535584491102
  },
  "import_banked": {
    "private_mean_curve_src": "kanna #228 publish_first_lambda_floor (module import)",
    "sigma_draw_src": "kanna #217 trigger_reconcile (vgovdrjc)",
    "p95_lcb_bar_src": "stark #191 private_build_bar (lambda_star_lcb_private)",
    "f_priv_grounded_src": "kanna #224 private_bar_reachability (1081oc84)",
    "speed_gate_src": "ubel #229 speed_margin_at_validity_bar (bz2b3fw8, both-bugs worstcase)",
    "k_cal": 125.26795005202914,
    "step_int4": 1.2182,
    "et_lambda1": 5.206954309441966,
    "f_priv": 0.969106920637722,
    "f_priv_grounded": 0.9570535584491102,
    "sigma_draw": 7.390974474817942,
    "mu_safe_fresh": 512.15707117161,
    "private_central_lambda1": 518.891835191882,
    "lambda_star_lcb_private_191": 0.9780112973731208,
    "lambda_star_central_private_191": 0.9138270633254315
  },
  "accepted_risk_curve": {
    "topology": "both_bugs",
    "sigma_draw": 7.390974474817942,
    "rows": [
      {
        "name": "floor",
        "lambda": 0.9138270633254324,
        "private_mean_assumed": 500.0000000000001,
        "p_clear_assumed": 0.5000000000000061,
        "risk_assumed": 0.4999999999999939,
        "private_mean_grounded": 493.7812010563913,
        "p_clear_grounded": 0.20006069173160979,
        "risk_grounded": 0.7999393082683902,
        "regime": "publish_first_go_p95_hold",
        "construction_note": "mean==500 -> coin-flip (the strongest anchor; risk==0.5 by construction)"
      },
      {
        "name": "0.9500",
        "lambda": 0.95,
        "private_mean_assumed": 507.76222836669075,
        "p_clear_assumed": 0.8531939731973428,
        "risk_assumed": 0.1468060268026572,
        "private_mean_grounded": 501.44688594794826,
        "p_clear_grounded": 0.5776025144136521,
        "risk_grounded": 0.42239748558634793,
        "regime": "publish_first_go_p95_hold",
        "construction_note": "interior of the publish-first band (mean>500, single-draw risk held)"
      },
      {
        "name": "speed_gate",
        "lambda": 0.9674684694454245,
        "private_mean_assumed": 511.5968341958821,
        "p_clear_assumed": 0.9416822605458353,
        "risk_assumed": 0.05831773945416474,
        "private_mean_grounded": 505.23379849178014,
        "p_clear_grounded": 0.7605688995764195,
        "risk_grounded": 0.2394311004235805,
        "regime": "publish_first_go_p95_hold",
        "construction_note": "OPERATIVE public launch lambda (ubel #229); risk entailed by #124 launch"
      },
      {
        "name": "p95_bar",
        "lambda": 0.9780112973731208,
        "private_mean_assumed": 513.9388738669445,
        "p_clear_assumed": 0.9703479278502205,
        "risk_assumed": 0.029652072149779496,
        "private_mean_grounded": 507.54670881517796,
        "p_clear_grounded": 0.8463895709370579,
        "risk_grounded": 0.1536104290629421,
        "regime": "both_clear",
        "construction_note": "stark #191 LCB-on-lambda bar; draw-risk here is SMALLER than 5% (over-protect)"
      },
      {
        "name": "0.9970",
        "lambda": 0.997,
        "private_mean_assumed": 518.2105936764171,
        "p_clear_assumed": 0.9931282040424673,
        "risk_assumed": 0.006871795957532734,
        "private_mean_grounded": 511.7652986913735,
        "p_clear_grounded": 0.944290428489237,
        "risk_grounded": 0.055709571510762945,
        "regime": "both_clear",
        "construction_note": "near the lambda=1 spine; private mean ~518.2"
      },
      {
        "name": "1.0000",
        "lambda": 1.0,
        "private_mean_assumed": 518.8918351918821,
        "p_clear_assumed": 0.9947068823559917,
        "risk_assumed": 0.005293117644008305,
        "private_mean_grounded": 512.438067198805,
        "p_clear_grounded": 0.9538001054279254,
        "risk_grounded": 0.04619989457207463,
        "regime": "both_clear",
        "construction_note": "lambda=1 spine; private mean == #228 anchor 518.892"
      }
    ]
  },
  "reconcile_0p9780": {
    "lambda_risk5": 0.9699990336265527,
    "lambda_risk5_minus_p95bar": -0.008012263746568049,
    "p95_lcb_on_lambda_bar": 0.9780112973731208,
    "mu_at_lambda_risk5": 512.1570711716101,
    "mu_safe_fresh": 512.15707117161,
    "lambda_risk5_roundtrips_mu_safe": 1.1368683772161603e-13,
    "risk_at_p95_bar": 0.029652072149779496,
    "table": [
      {
        "lambda": 0.9138270633254324,
        "construction": "draw-risk floor (mean==500)",
        "private_mean": 500.0000000000001,
        "p_clears_500": 0.5000000000000061,
        "risk": 0.4999999999999939,
        "note": "central mean touches 500 -> coin-flip draw-risk"
      },
      {
        "lambda": 0.9699990336265527,
        "construction": "draw-clears-500 at 95% (risk==0.05)",
        "private_mean": 512.1570711716101,
        "p_clears_500": 0.9500000000000013,
        "risk": 0.04999999999999871,
        "note": "central mean == mu_safe_fresh 512.157 == 500 + z1*sigma_draw"
      },
      {
        "lambda": 0.9780112973731208,
        "construction": "LCB-on-lambda bar (stark #191)",
        "private_mean": 513.9388738669445,
        "p_clears_500": 0.9703479278502205,
        "risk": 0.029652072149779496,
        "note": "lambda whose PUBLIC-LCB private mean reaches 500; draw-risk here < 0.05"
      }
    ],
    "operative_construction": "draw_risk",
    "verdict": "The two 0.9780 constructions are NOT the same object. stark #191's lambda_star_lcb_private=0.978011 is the LCB-ON-LAMBDA bar: the lambda whose private mean computed at the PUBLIC LCB (520.953, a ~14 TPS haircut below the central 535.433) reaches 500 -- a conservative PRE-REGISTRATION that discounts public sampling uncertainty. The draw-clears-500-at-95% lambda is lambda_risk5=0.969999 (central mean == mu_safe_fresh 512.157 == 500 + z1*sigma_draw), which sits -0.008012 BELOW the LCB-bar. Equivalently, at the 0.9780 LCB-bar the actual single-draw risk is only 0.0297 (< 0.05) because the LCB-bar over-protects relative to the private-draw sigma. OPERATIVE for the human's #124 decision is the draw-risk risk(lambda) (the chance the actual private draw fails its bar); the LCB-bar is the conservative pre-registration."
  },
  "robustness": {
    "f_priv_axis": {
      "accepted_risk_at_speed_gate_assumed": 0.05831773945416474,
      "accepted_risk_at_speed_gate_grounded": 0.2394311004235805,
      "accepted_risk_at_p95_assumed": 0.029652072149779496,
      "accepted_risk_at_p95_grounded": 0.1536104290629421,
      "floor_assumed": 0.9138270633254324,
      "floor_grounded": 0.9432567135093388,
      "grounded_curve_strictly_above_assumed": true,