{
  "pr": 669,
  "leg": "matched_synthesis",
  "analysis_only": true,
  "official_tps": 0,
  "no_hf_job": true,
  "rescue_tax_ms_per_step": 2.7261,
  "rescue_tax_ms_per_step_95ci": [
    2.7046,
    2.7476
  ],
  "C_ms_per_recompute": 19.9031,
  "C_ms_per_recompute_95ci": [
    19.7462,
    20.0601
  ],
  "C_over_636_assumption": 2.5153,
  "E_accept_tokens_per_step": 3.1842,
  "rescued_walltps_local": 140.2087,
  "rescued_walltps_local_95ci": [
    140.1005,
    140.3172
  ],
  "rescued_official_equiv": 139.7972,
  "rescued_official_equiv_95ci": [
    139.6893,
    139.9054
  ],
  "plus10_bar": 136.378,
  "clears_plus10_point": true,
  "clears_plus10_at_ci_lo": true,
  "clears_plus10_margin": 3.4192,
  "unrescued_ceiling_local": 159.2996,
  "dummy_tau_tps_local": 124.9749,
  "dummy_tau_official_equiv": 124.6081,
  "dummy_tau_clears_plus10": false,
  "dummy_tau_realized_fire_rate_per_emit": 0.11251240552713948,
  "prefork_rate_per_emit": 0.043015,
  "overfire_ratio": 2.6157,
  "correcting_over_dummy_tau": 1.1223,
  "r2_raw_fit": 0.99996771,
  "ar_vs_ar_pos0_floor": 0,
  "spec_vs_ar_pos0_disagree": 2,
  "pos0_logprob_grid_nats": 0.125,
  "tie_artifact_flips": 2,
  "confident_genuine_flips": 0,
  "nondeterministic_flips": 1,
  "draft_break_at_tau": 0,
  "prefork_draft_positions": 25154,
  "strict_literal_holds": false,
  "identity_artifact_resolved_holds": true,
  "verdict": "LIVE_FLAG_REDUCIBLE_HOLDS",
  "verdict_phase_identity": "LIVE_FLAG_REDUCIBLE_HOLDS",
  "pos0_margins": [
    {
      "key": "37227f6b",
      "want_ar": 818,
      "want_spec": 8291,
      "want_ar_str": "The",
      "want_spec_str": "Here",
      "ar_argmax_id": 818,
      "ar_lp_arpick": -0.9013760685920715,
      "ar_lp_specpick": -0.9013760685920715,
      "ar_top0": {
        "The": -0.9013760685920715,
        "Here": -0.9013760685920715,
        "This": -2.2763760089874268,
        "Step": -2.6513760089874268,
        "To": -4.776376247406006,
        "**": -5.401376247406006,
        "<|channel>": -7.526376247406006,
        "*": -7.651376247406006,
        "Let": -7.651376247406006,
        "##": -9.151375770568848,
        "When": -10.776375770568848,
        "1": -10.776375770568848,
        "A": -11.088875770568848,
        "Context": -11.401375770568848,
        "An": -11.526375770568848,
        "Ste": -11.526375770568848,
        "There": -11.651375770568848,
        "###": -11.651375770568848,
        "For": -11.776375770568848,
        "First": -11.901375770568848
      },
      "ar_margin_nats": 0.0,
      "spec_argmax_id": 8291,
      "spec_lp_arpick": -0.9547397494316101,
      "spec_lp_specpick": -0.8297397494316101,
      "spec_top0": {
        "Here": -0.8297397494316101,
        "The": -0.9547397494316101,
        "This": -2.329739809036255,
        "Step": -2.704739809036255,
        "To": -4.829739570617676,
        "**": -5.329739570617676,
        "*": -7.579739570617676,
        "Let": -7.579739570617676,
        "<|channel>": -7.579739570617676,
        "##": -9.079739570617676,
        "When": -10.704739570617676,
        "1": -10.704739570617676,
        "A": -11.017239570617676,
        "An": -11.454739570617676,
        "Context": -11.579739570617676,
        "###": -11.579739570617676,
        "Ste": -11.704739570617676,
        "There": -11.704739570617676,
        "For": -11.829739570617676,
        "First": -11.892239570617676
      },
      "spec_margin_nats": 0.125
    },
    {
      "key": "74200cad",
      "want_ar": 5471,
      "want_spec": 8291,
      "want_ar_str": "Step",
      "want_spec_str": "Here",
      "ar_argmax_id": 5471,
      "ar_lp_arpick": -0.8762660026550293,
      "ar_lp_specpick": -1.0012660026550293,
      "ar_top0": {
        "Step": -0.8762660026550293,
        "Here": -1.0012660026550293,
        "The": -2.0012660026550293,
        "**": -3.0012660026550293,
        "*": -4.251266002655029,
        "<|channel>": -4.751266002655029,
        "This": -5.626266002655029,
        "To": -5.626266002655029,
        "Rationale": -7.501266002655029,
        "1": -8.501266479492188,
        "Clo": -9.626266479492188,
        "##": -9.876266479492188,
        "A": -10.001266479492188,
        "###": -10.251266479492188,
        "Ben": -10.251266479492188,
        "An": -10.813766479492188,
        "In": -10.813766479492188,
        "Keywords": -11.001266479492188,
        "Pharmac": -11.376266479492188,
        "Plan": -11.438766479492188
      },
      "ar_margin_nats": 0.125,
      "spec_argmax_id": 5471,
      "spec_lp_arpick": -0.9430487155914307,
      "spec_lp_specpick": -0.9430487155914307,
      "spec_top0": {
        "Step": -0.9430487155914307,
        "Here": -0.9430487155914307,
        "The": -1.9430487155914307,
        "**": -3.0680487155914307,
        "*": -4.318048477172852,
        "<|channel>": -4.693048477172852,
        "This": -5.568048477172852,
        "To": -5.568048477172852,
        "Rationale": -7.568048477172852,
        "1": -8.568048477172852,
        "Clo": -9.693048477172852,
        "##": -9.818048477172852,
        "A": -9.943048477172852,
        "###": -10.193048477172852,
        "Ben": -10.193048477172852,
        "An": -10.755548477172852,
        "In": -10.755548477172852,
        "Keywords": -11.193048477172852,
        "Pharmac": -11.318048477172852,
        "Plan": -11.505548477172852
      },
      "spec_margin_nats": 0.0
    }
  ],
  "raw_points": [
    [
      0.0,
      159.16766161872246
    ],
    [
      0.0,
      159.43162197689492
    ],
    [
      0.043015,
      140.20641220107768
    ],
    [
      0.043015,
      140.32076272143706
    ],
    [
      0.08603,
      125.15367169142907
    ],
    [
      0.08603,
      125.1670461818872
    ]
  ]
}