{
  "analysis_only": true,
  "official_tps": 0,
  "model": "google/gemma-4-E4B-it",
  "keepset_path": "research/validity/keepset_coverage_gap/pck04_keepset_12k.json",
  "baked_path": "research/validity/keepset_coverage_gap/osoi5_baked_keepset_16k.json",
  "ship_K": 12288,
  "baked_K": 16384,
  "full_vocab": 262144,
  "free_fix_headroom_rows": 4096,
  "keepset_note": "PCK-04c: 12288-row lm_head keepset. Vocab IDs (scatter positions in full 262144-vocab space). Row indices into source 32k tensor composed via /workspace/models/int4-pck04-32k/pck04_keepset.json. Mandatory floor 10103, specials, ascending-ID fill.",
  "baked_note": "16k vocab prune; subset of int4-pck04-32k keepset",
  "n_records": 728,
  "n_records_per_task": {
    "mmlu_pro": 500,
    "gpqa_diamond": 198,
    "aime2024": 30
  },
  "holdout_frac": 0.5,
  "holdout_seed": 12345,
  "per_task_coverage": {
    "mmlu_pro": {
      "n_positions": 631645,
      "n_types": 20851,
      "coverage_gap_rate_pos": 0.14450838683121056,
      "gap_sliceA_rate_pos": 0.018548393480515162,
      "gap_sliceB_rate_pos": 0.1259599933506954,
      "baked16k_coverage_pos": 0.8740400066493046,
      "coverage_gap_rate_type": 0.6342141863699583,
      "gap_sliceA_rate_type": 0.059613447796268766,
      "gap_sliceB_rate_type": 0.5746007385736895,
      "baked16k_coverage_type": 0.4253992614263105,
      "n_keep_pos": 540367,
      "n_sliceA_pos": 11716,
      "n_sliceB_pos": 79562,
      "n_sliceA_types": 1243,
      "n_sliceB_types": 11981
    },
    "gpqa_diamond": {
      "n_positions": 382186,
      "n_types": 9615,
      "coverage_gap_rate_pos": 0.0712532641174716,
      "gap_sliceA_rate_pos": 0.007504199525885302,
      "gap_sliceB_rate_pos": 0.0637490645915863,
      "baked16k_coverage_pos": 0.9362509354084138,
      "coverage_gap_rate_type": 0.4065522620904836,
      "gap_sliceA_rate_type": 0.0405616224648986,
      "gap_sliceB_rate_type": 0.36599063962558503,
      "baked16k_coverage_type": 0.634009360374415,
      "n_keep_pos": 354954,
      "n_sliceA_pos": 2868,
      "n_sliceB_pos": 24364,
      "n_sliceA_types": 390,
      "n_sliceB_types": 3519
    },
    "aime2024": {
      "n_positions": 80924,
      "n_types": 2216,
      "coverage_gap_rate_pos": 0.044115466363501554,
      "gap_sliceA_rate_pos": 0.006561712223814938,
      "gap_sliceB_rate_pos": 0.03755375413968662,
      "baked16k_coverage_pos": 0.9624462458603134,
      "coverage_gap_rate_type": 0.2536101083032491,
      "gap_sliceA_rate_type": 0.04061371841155235,
      "gap_sliceB_rate_type": 0.21299638989169675,
      "baked16k_coverage_type": 0.7870036101083032,
      "n_keep_pos": 77354,
      "n_sliceA_pos": 531,
      "n_sliceB_pos": 3039,
      "n_sliceA_types": 90,
      "n_sliceB_types": 472
    }
  },
  "pooled_coverage": {
    "n_positions": 1094755,
    "n_types": 23983,
    "coverage_gap_rate_pos": 0.11151353499184749,
    "gap_sliceA_rate_pos": 0.013806742147786492,
    "gap_sliceB_rate_pos": 0.097706792844061,
    "baked16k_coverage_pos": 0.902293207155939,
    "coverage_gap_rate_type": 0.6341992244506526,
    "gap_sliceA_rate_type": 0.055872909977901015,
    "gap_sliceB_rate_type": 0.5783263144727515,
    "baked16k_coverage_type": 0.4216736855272485,
    "n_keep_pos": 972675,
    "n_sliceA_pos": 15115,
    "n_sliceB_pos": 106965,
    "n_sliceA_types": 1340,
    "n_sliceB_types": 13870
  },
  "answer_token_drop": {
    "mmlu_pro": {
      "answer_token_drop_rate": 0.0,
      "answer_token_drop_sliceA": 0.0,
      "answer_token_drop_sliceB": 0.0,
      "answer_any_dropped_sample_rate": 0.0,
      "n_answer_tokens": 500,
      "n_samples": 500
    },
    "gpqa_diamond": {
      "answer_token_drop_rate": 0.0,
      "answer_token_drop_sliceA": 0.0,
      "answer_token_drop_sliceB": 0.0,
      "answer_any_dropped_sample_rate": 0.0,
      "n_answer_tokens": 198,
      "n_samples": 198
    },
    "aime2024": {
      "answer_token_drop_rate": 0.0,
      "answer_token_drop_sliceA": 0.0,
      "answer_token_drop_sliceB": 0.0,
      "answer_any_dropped_sample_rate": 0.0,
      "n_answer_tokens": 113,
      "n_samples": 30
    }
  },
  "pooled_answer_token_drop": {
    "answer_token_drop_rate": 0.0,
    "answer_token_drop_sliceA": 0.0,
    "answer_token_drop_sliceB": 0.0,
    "n_answer_tokens": 811
  },
  "dropped_token_histogram": {
    "common_english": {
      "sliceA_16k_to_12k": 15047,
      "sliceB_below_16k": 104434
    },
    "math_punct": {
      "sliceA_16k_to_12k": 58,
      "sliceB_below_16k": 2391
    },
    "other": {
      "sliceA_16k_to_12k": 10,
      "sliceB_below_16k": 140
    }
  },
  "top_dropped_tokens": [
    {
      "id": 10018,
      "count": 4824,
      "surface": "ifts",
      "class": "common_english",
      "slice": "sliceB_below_16k"
    },
    {
      "id": 192009,
      "count": 3009,
      "surface": "itans",
      "class": "common_english",
      "slice": "sliceB_below_16k"
    },
    {
      "id": 7393,
      "count": 2842,
      "surface": "ae",
      "class": "common_english",
      "slice": "sliceA_16k_to_12k"
    },
    {
      "id": 132226,
      "count": 2611,
      "surface": "atae",
      "class": "common_english",
      "slice": "sliceB_below_16k"
    },
    {
      "id": 42300,
      "count": 2505,
      "surface": "escence",
      "class": "common_english",
      "slice": "sliceB_below_16k"
    },
    {
      "id": 234392,
      "count": 2435,
      "surface": "ogloss",
      "class": "common_english",
      "slice": "sliceB_below_16k"
    },
    {
      "id": 37535,
      "count": 2029,
      "surface": " stimulus",
      "class": "common_english",
      "slice": "sliceB_below_16k"
    },
    {
      "id": 129937,
      "count": 1981,
      "surface": "kii",
      "class": "common_english",
      "slice": "sliceB_below_16k"
    },
    {
      "id": 153808,
      "count": 1882,
      "surface": "ilibus",
      "class": "common_english",
      "slice": "sliceB_below_16k"
    },
    {
      "id": 77562,
      "count": 1413,
      "surface": "cripts",
      "class": "common_english",
      "slice": "sliceB_below_16k"
    },
    {
      "id": 13463,
      "count": 1337,
      "surface": "pal",
      "class": "common_english",
      "slice": "sliceB_below_16k"
    },
    {
      "id": 107509,
      "count": 1054,
      "surface": "bruch",
      "class": "common_english",
      "slice": "sliceB_below_16k"
    },
    {
      "id": 146825,
      "count": 966,
      "surface": "anthin",
      "class": "common_english",
      "slice": "sliceB_below_16k"
    },
    {
      "id": 154493,
      "count": 887,
      "surface": "_/",
      "class": "math_punct",
      "slice": "sliceB_below_16k"
    },
    {
      "id": 167257,
      "count": 871,
      "surface": "nub",
      "class": "common_english",
      "slice": "sliceB_below_16k"
    },
    {
      "id": 41043,
      "count": 866,
      "surface": "thood",
      "class": "common_english",
      "slice": "sliceB_below_16k"
    },
    {
      "id": 21182,
      "count": 838,
      "surface": "orum",
      "class": "common_english",
      "slice": "sliceB_below_16k"
    },
    {
      "id": 36511,
      "count": 802,
      "surface": "auge",
      "class": "common_english",
      "slice": "sliceB_below_16k"
    },
    {
      "id": 9590,
      "count": 735,
      "surface": "equals",
      "class": "common_english",
      "slice": "sliceB_below_16k"
    },
    {
      "id": 55059,
      "count": 707,
      "surface": "itates",
      "class": "common_english",
      "slice": "sliceB_below_16k"
    },
    {
      "id": 51670,
      "count": 706,
      "surface": "oides",
      "class": "common_english",
      "slice": "sliceB_below_16k"
    },
    {
      "id": 41574,
      "count": 681,
      "surface": "ynth",
      "class": "common_english",
      "slice": "sliceB_below_16k"
    },
    {
      "id": 146861,
      "count": 651,
      "surface": "ularis",
      "class": "common_english",
      "slice": "sliceB_below_16k"
    },
    {
      "id": 15240,