{
  "pr": 618,
  "engine": "vllm-0.22.0",
  "checkpoint": "/workspace/gemma_build/int4_g128_lmhead",
  "model_len": 6144,
  "max_num_seqs": 16,
  "max_tokens": 3072,
  "min_tokens_guard": 8,
  "dataset_seed": 12345,
  "sampling_seed": 0,
  "decode": "greedy",
  "n_dataset": 198,
  "gate_bar": 0.47124,
  "gate_base_ref": 0.5236,
  "anchor_610": {
    "run": "gho8wxxs",
    "engine": "vllm-0.22.1rc1.dev307",
    "conc16_greedy_runs": [
      0.4697,
      0.4394
    ],
    "conc16_answer_flips": 64,
    "sampled_10seed_mean": 0.4414
  },
  "analysis": {
    "per_run": {
      "conc1_rep0": {
        "accuracy": 0.21212121212121213,
        "n_correct": 42,
        "n_scored": 198,
        "n_error": 0,
        "n_empty": 0,
        "empty_rate": 0.0
      },
      "conc1_rep1": {
        "accuracy": 0.21212121212121213,
        "n_correct": 42,
        "n_scored": 198,
        "n_error": 0,
        "n_empty": 0,
        "empty_rate": 0.0
      },
      "conc1_rep2": {
        "accuracy": 0.21212121212121213,
        "n_correct": 42,
        "n_scored": 198,
        "n_error": 0,
        "n_empty": 0,
        "empty_rate": 0.0
      },
      "conc16_rep0": {
        "accuracy": 0.20707070707070707,
        "n_correct": 41,
        "n_scored": 198,
        "n_error": 0,
        "n_empty": 0,
        "empty_rate": 0.0
      },
      "conc16_rep1": {
        "accuracy": 0.1717171717171717,
        "n_correct": 34,
        "n_scored": 198,
        "n_error": 0,
        "n_empty": 0,
        "empty_rate": 0.0
      },
      "conc16_rep2": {
        "accuracy": 0.20202020202020202,
        "n_correct": 40,
        "n_scored": 198,
        "n_error": 0,
        "n_empty": 0,
        "empty_rate": 0.0
      }
    },
    "arms": {
      "conc16": {
        "n_repeats": 3,
        "accuracy_stats": {
          "mean": 0.19360269360269358,
          "sd": 0.019120903521213047,
          "n": 3,
          "min": 0.1717171717171717,
          "max": 0.20707070707070707,
          "spread": 0.03535353535353536,
          "vals": [
            0.20707070707070707,
            0.1717171717171717,
            0.20202020202020202
          ]
        },
        "answer_flips_pairwise": {
          "0v1": 89,
          "0v2": 97,
          "1v2": 71
        },
        "answer_flips_max_pairwise": 97,
        "n_answer_unstable_union": 120,
        "answer_unstable_ids": [
          "rec06pnAkLOr2t2mp",
          "rec0Arme2jcXQZnAW",
          "rec0yTRmO1o1xCA6H",
          "rec1oj2DveQWl9Rpw",
          "rec2ZTsqazBZ3LTWZ",
          "rec2fsnzUuvNtUYK8",
          "rec32C1ZEapBnCC0E",
          "rec47oNPXudlTIk4y",
          "rec4L69T0Y1AS4AFS",
          "rec4UqStf9WUVif1f",
          "rec5eA17Qr1ucNLUf",
          "rec6sE2CRtD4drtHg",
          "rec8nshandHARTkrg",
          "rec9GugrngvsQR99A",
          "rec9W28HgpEUeUN8k",
          "recA1i5ZAh0Uzclxp",
          "recBXlqrZUCR897It",
          "recBhnXrUyTJ6WHIR",
          "recBtVK8rBVtIlXDq",
          "recCJJOeBGERaHYax",
          "recD8oX1KevFbl7bL",
          "recDDxpS9s8cwkqfq",
          "recE2ihVfqEK4R9d0",
          "recFaL6j8UMhutXrc",
          "recG1ljJQcVy6CbSl",
          "recGFKDUd8qgz81Zl",
          "recGee5m84dg5FZkc",
          "recHVUd2DkoKfedJZ",
          "recI1ls9OXdxatHQn",
          "recIMcQfaQNa6vzsT",
          "recINSFEYLCyyd08m",
          "recIOlKBsOeEcgkA1",
          "recIj8lR4tuDgrHou",
          "recIlghoOw5VbY4Zh",
          "recJZ3QEfRKjYw9a7",
          "recJpyGtGIsxulevT",
          "recK9F5aqdaybl8bb",
          "recKcjTwONILZqHAX",
          "recKm6LNWykGapmCr",
          "recL9MFV5zmdlle5T",
          "recLAgwx9vbgB5EHk",
          "recLSzwBUS3olCjhl",
          "recLrRirj7iXoB0rU",
          "recN4DY9Q5V03glmQ",
          "recNAiPUKOulQbKVP",
          "recNFJjE5PPTqVJGv",
          "recNuT2oSnO86bxOx",
          "recOYsaYs6RmtlTDy",
          "recOvqPKUtyy9ISA1",
          "recPL4ZPpVYxgMu57",
          "recPSTGXK3P39yNYT",
          "recPzW1WqRnPs57D6",
          "recQiWOxhkXRz9NVE",
          "recReg13iV2HwJTaA",
          "recRgabRzMaEoBRcM",
          "recS48OsU6kVadBPW",
          "recSBcGLPatKb3Ygu",
          "recUBgVlkKzcRPDdK",
          "recUc29lMDBEvurYo",
          "recVEXvhYxAhELVqB",
          "recWPMm91mGDLXONm",
          "recWxGU8Q4YReJ1tb",
          "recWzUUYBN0NuXO2k",
          "recXvQ6gWAmyakrpD",
          "recYCMJWH7IpcdqwE",
          "recYOzCsevNz61Lyn",
          "recYt8xx80OTyDsL0",
          "recZ13cwgDQf9jRd9",
          "recZSGUkn56v9kEp1",
          "recZdZxsN0AxDx0pB",
          "reca44yABeO2fx7UB",
          "recb2M22zaD3tL6Qc",
          "recb4cGsC6BJUCU3V",
          "recb80OwMgNnceA9t",
          "reccOKzFNmyqeJ6ry",
          "reccVBrYdwsB84fGy",
          "reccVFW11Elovnf8T",
          "recclFbsjbaiVVnnV",
          "receYQxnUBvxPcvbQ",
          "receo3UUzRvWCqyfA",
          "recf6ayQmL1SxKbvW",
          "recfTlTMjZBuOducT",
          "recgC4GJ8wUemlUQD",
          "recgXxEgllSGEpELP",
          "rechKl68Uc6H7vU0N",
          "rechgQucGlrnt8KRV",
          "recihePFulRgNKsIn",
          "reciuppdQde4FGX1z",
          "recjJ54TXc04enRkZ",
          "recjgMJaMxz4ESDF2",
          "reckEnrOPFT9Ru7tW",
          "reckYqR92oJkqJXkE",
          "reckl6PkaEMWM50yZ",
          "recmkvk6EFAmqyMxR",
          "recmwwQJnx7ll7bqL",
          "recn3NhOhqAPLda16",
          "recnGEpF1srQpaqWq",
          "recnawZPumSCLMVgp",
          "reco8WSc71p8zAv4q",
          "recoiTJPGUmzAkief",
          "recooG6bivTUJpDBz",
          "recpki12iG9RUGrz9",
          "recqFDvYKKRmbnoUb",
          "recqGD3fxPCI59vPQ",
          "recr3VHM4zYf6dMFY",
          "recrNbtgTNoabJJi6",
          "recrs0kUo7Ua1xhKO",
          "recs3PLPUEMiqg4P8",
          "rect4iLrSfUwkNTno",
          "rectXfsCM1dj4Kv2c",
          "rectlyG9pCAAuWhoB",
          "recuYEkVjdVUwA3c0",
          "recuyeuT5rQ6qDt8F",
          "recv7GsQg3f0fvB1f",
          "recvlnu8BuLmXZhSX",
          "recxTy0x7M6T9ikc0",
          "recxsX66ktJ1Lwt4f",
          "recyPffUDqC2k7ZZO",
          "reczQ4I0VpENdMtIj",
          "reczjcMtrB1YGS2fO"
        ],
        "score_flips_pairwise": {
          "0v1": 41,
          "0v2": 43,
          "1v2": 26
        },
        "n_score_unstable_union": 55,