{
  "pr": 631,
  "engine": "vllm-0.22.1rc1.dev307",
  "checkpoint": "/workspace/gemma_build/int4_g128_lmhead",
  "model_len": 6144,
  "max_num_seqs": 16,
  "max_tokens": 3072,
  "min_tokens_guard": 8,
  "dataset_seed": 12345,
  "sampling_seed": 0,
  "decode": "greedy",
  "n_dataset": 198,
  "gate_bar": 0.47124,
  "gate_base_ref": 0.5236,
  "anchor_618": {
    "run": "h26sg3ct",
    "engine": "vllm-0.22.0",
    "conc1_acc": 0.21212,
    "conc1_deterministic": true,
    "conc16_mean": 0.1936,
    "conc16_answer_unstable": 120,
    "verdict": "deterministic-but-cratered (~45% loop-to-cap)"
  },
  "anchor_610_615": {
    "run": "gho8wxxs",
    "engine": "vllm-0.22.1rc1.dev307",
    "conc16_greedy_runs": [
      0.4697,
      0.4394
    ],
    "conc16_answer_flips": 64,
    "healthy_acc_615": 0.486,
    "finish_length_rate_615": 0.031
  },
  "analysis": {
    "per_run": {
      "conc1_rep0": {
        "accuracy": 0.41919191919191917,
        "n_correct": 83,
        "n_scored": 198,
        "n_error": 0,
        "n_empty": 0,
        "empty_rate": 0.0
      },
      "conc1_rep1": {
        "accuracy": 0.41414141414141414,
        "n_correct": 82,
        "n_scored": 198,
        "n_error": 0,
        "n_empty": 0,
        "empty_rate": 0.0
      },
      "conc1_rep2": {
        "accuracy": 0.41414141414141414,
        "n_correct": 82,
        "n_scored": 198,
        "n_error": 0,
        "n_empty": 0,
        "empty_rate": 0.0
      },
      "conc16_rep0": {
        "accuracy": 0.4797979797979798,
        "n_correct": 95,
        "n_scored": 198,
        "n_error": 0,
        "n_empty": 0,
        "empty_rate": 0.0
      },
      "conc16_rep1": {
        "accuracy": 0.45454545454545453,
        "n_correct": 90,
        "n_scored": 198,
        "n_error": 0,
        "n_empty": 0,
        "empty_rate": 0.0
      },
      "conc16_rep2": {
        "accuracy": 0.43434343434343436,
        "n_correct": 86,
        "n_scored": 198,
        "n_error": 0,
        "n_empty": 0,
        "empty_rate": 0.0
      }
    },
    "arms": {
      "conc16": {
        "n_repeats": 3,
        "accuracy_stats": {
          "mean": 0.45622895622895615,
          "sd": 0.02277398865062066,
          "n": 3,
          "min": 0.43434343434343436,
          "max": 0.4797979797979798,
          "spread": 0.045454545454545414,
          "vals": [
            0.4797979797979798,
            0.45454545454545453,
            0.43434343434343436
          ]
        },
        "answer_flips_pairwise": {
          "0v1": 67,
          "0v2": 66,
          "1v2": 54
        },
        "answer_flips_max_pairwise": 67,
        "n_answer_unstable_union": 85,
        "answer_unstable_ids": [
          "rec0Arme2jcXQZnAW",
          "rec0wZvZgiz320KRs",
          "rec2ZTsqazBZ3LTWZ",
          "rec32C1ZEapBnCC0E",
          "rec4JrWy7Il8ho5vk",
          "rec5rjeLsEq5Fg7Oj",
          "rec6sE2CRtD4drtHg",
          "rec7C06XOB2h298ue",
          "rec7qmSnbud4FHSqL",
          "rec9GugrngvsQR99A",
          "recA1i5ZAh0Uzclxp",
          "recBGxVySx1pkrO1i",
          "recBXlqrZUCR897It",
          "recBhnXrUyTJ6WHIR",
          "recBtVK8rBVtIlXDq",
          "recCJJOeBGERaHYax",
          "recDj2Y2BbtV02Wv5",
          "recFaL6j8UMhutXrc",
          "recGFNRVl1qBZGwyU",
          "recIDiDKKrN61Auyr",
          "recIMcQfaQNa6vzsT",
          "recINSFEYLCyyd08m",
          "recIOlKBsOeEcgkA1",
          "recIlghoOw5VbY4Zh",
          "recJZ3QEfRKjYw9a7",
          "recKcjTwONILZqHAX",
          "recKm6LNWykGapmCr",
          "recKv4hFyNpViUXnL",
          "recL9MFV5zmdlle5T",
          "recLAgwx9vbgB5EHk",
          "recLB0EkQ54bYVhnd",
          "recLSzwBUS3olCjhl",
          "recLrRirj7iXoB0rU",
          "recNuT2oSnO86bxOx",
          "recO3hvCWRGiG0odN",
          "recOvqPKUtyy9ISA1",
          "recRgabRzMaEoBRcM",
          "recUOePh79cp4T2Bg",
          "recVE8cUNHpHZIAvL",
          "recXsYa3i2UhGF5fe",
          "recXvQ6gWAmyakrpD",
          "recYCMJWH7IpcdqwE",
          "recYOzCsevNz61Lyn",
          "recZ13cwgDQf9jRd9",
          "recZSGUkn56v9kEp1",
          "recZt4x514UQNnsgy",
          "recakFKZioXUuldcd",
          "recb2M22zaD3tL6Qc",
          "recb4cGsC6BJUCU3V",
          "recb80OwMgNnceA9t",
          "reccOKzFNmyqeJ6ry",
          "reccVBrYdwsB84fGy",
          "reccVFW11Elovnf8T",
          "recclFbsjbaiVVnnV",
          "recfTlTMjZBuOducT",
          "recgC4GJ8wUemlUQD",
          "rechKl68Uc6H7vU0N",
          "rechgQucGlrnt8KRV",
          "rechtUKxC6G67H7Pr",
          "reciuppdQde4FGX1z",
          "recixxJmdux0d8LZQ",
          "recjJ54TXc04enRkZ",
          "reck1zKeCssmN82Ga",
          "reckEnrOPFT9Ru7tW",
          "recmI7EiLv72PxmYK",
          "recmkvk6EFAmqyMxR",
          "recn3NhOhqAPLda16",
          "recnGEpF1srQpaqWq",
          "reco8WSc71p8zAv4q",
          "recooG6bivTUJpDBz",
          "recqFDvYKKRmbnoUb",
          "recr3VHM4zYf6dMFY",
          "recrNbtgTNoabJJi6",
          "recs3PLPUEMiqg4P8",
          "rect4iLrSfUwkNTno",
          "recuYEkVjdVUwA3c0",
          "recuyeuT5rQ6qDt8F",
          "recv7GsQg3f0fvB1f",
          "recvZlMbpPz0yLDle",
          "recw4rROcnHKNZhtK",
          "recxTy0x7M6T9ikc0",
          "recyrk6XBVwugG5u8",
          "recywRj5a8EEjj2Ib",
          "reczQ4I0VpENdMtIj",
          "reczUoM8JsxU6pYxr"
        ],
        "score_flips_pairwise": {
          "0v1": 35,
          "0v2": 37,
          "1v2": 34
        },
        "n_score_unstable_union": 53,
        "score_unstable_ids": [
          "rec0Arme2jcXQZnAW",
          "rec0wZvZgiz320KRs",
          "rec32C1ZEapBnCC0E",
          "rec6sE2CRtD4drtHg",
          "rec7C06XOB2h298ue",
          "rec9GugrngvsQR99A",
          "recBXlqrZUCR897It",
          "recBhnXrUyTJ6WHIR",
          "recBtVK8rBVtIlXDq",
          "recCJJOeBGERaHYax",
          "recDj2Y2BbtV02Wv5",
          "recIDiDKKrN61Auyr",
          "recIMcQfaQNa6vzsT",
          "recINSFEYLCyyd08m",
          "recIOlKBsOeEcgkA1",
          "recKm6LNWykGapmCr",
          "recKv4hFyNpViUXnL",
          "recL9MFV5zmdlle5T",
          "recLAgwx9vbgB5EHk",
          "recLB0EkQ54bYVhnd",
          "recLSzwBUS3olCjhl",
          "recLrRirj7iXoB0rU",
          "recNuT2oSnO86bxOx",
          "recO3hvCWRGiG0odN",
          "recRgabRzMaEoBRcM",
          "recXsYa3i2UhGF5fe",
          "recYOzCsevNz61Lyn",
          "recZSGUkn56v9kEp1",
          "recb2M22zaD3tL6Qc",
          "recb4cGsC6BJUCU3V",
          "recb80OwMgNnceA9t",
          "reccOKzFNmyqeJ6ry",
          "reccVFW11Elovnf8T",
          "recgC4GJ8wUemlUQD",
          "rechKl68Uc6H7vU0N",
          "rechgQucGlrnt8KRV",
          "rechtUKxC6G67H7Pr",
          "recixxJmdux0d8LZQ",
          "reck1zKeCssmN82Ga",
          "reckEnrOPFT9Ru7tW",
          "recmI7EiLv72PxmYK",
          "recmkvk6EFAmqyMxR",
          "recooG6bivTUJpDBz",
          "recqFDvYKKRmbnoUb",
          "recs3PLPUEMiqg4P8",
          "recuYEkVjdVUwA3c0",
          "recv7GsQg3f0fvB1f",
          "recvZlMbpPz0yLDle",
          "recw4rROcnHKNZhtK",
          "recyrk6XBVwugG5u8",
          "recywRj5a8EEjj2Ib",
          "reczQ4I0VpENdMtIj",
          "reczUoM8JsxU6pYxr"
        ],
        "completion_chars_flips_pairwise": {
          "0v1": 189,
          "0v2": 191,
          "1v2": 184
        },
        "n_completion_chars_unstable_union": 192,
        "byte_identical": false,
        "deterministic": false,
        "wall_times_s": [
          285.5,
          278.2,
          277.6
        ],
        "wall_time_spread_s": 7.9,
        "finish_length": {
          "finish_length_rate_mean": 0.11111111111111112,
          "finish_length_rate_per_rep": [
            0.09090909090909091,
            0.1111111111111111,
            0.13131313131313133
          ],
          "n_length_per_rep": [
            18,
            22,
            26
          ],
          "n_length_mean": 22.0,
          "ctok_p50_per_rep": [
            1920,
            1725,
            1727
          ],