{
  "variant": "both",
  "model": "google/gemma-4-E4B-it-qat-w4a16-ct",
  "load_s": 110.3571047782898,
  "backend_summary": {
    "256|FLASH_ATTN": 35,
    "512|TRITON_ATTN": 7
  },
  "tps": {
    "tps_mean": 91.87723487157464,
    "tps_std": 0.013196184737551568,
    "tps_samples": [
      91.89037016675437,
      91.88842781489666,
      91.87132765368126,
      91.85445387352861,
      91.88159484901226
    ],
    "tps_tokens": 256
  },
  "ppl": {
    "ppl": 2.005542128663461,
    "mean_record_ppl": 2.159027350783442,
    "num_records": 128,
    "num_tokens": 61797,
    "neg_log_likelihood": 43005.42295365108
  },
  "peak_mem_gb": 21.056672256,
  "n_identity": 128,
  "gen_tokens": 128
}