{
 "n_items": 90,
 "n_keep": 16384,
 "osoi5_head_width": 16384,
 "removed": [
  2,
  3,
  4,
  36,
  37
 ],
 "fd_summary": {
  "n": 90,
  "head_sanity_bf16_keepArgmax_eq_teacher": 0.7677464298153953,
  "osoi5_diverged_frac": 1.0,
  "int4_diverged_frac": 0.9888888888888889,
  "osoi5_first_median": 3.5,
  "int4_first_median": 15.0,
  "firstflip_int4_numeric_frac": 0.18888888888888888,
  "firstflip_layerdrop_frac": 0.8111111111111111,
  "osoi5_div_rate_mean": 0.20961805555555554,
  "int4_div_rate_mean": 0.0864236111111111,
  "posmatch_total_osoi5_flips": 6037,
  "posmatch_int4_also_flips_frac": 0.2979956932251118,
  "posmatch_osoi5_only_vs_int4_frac": 0.7020043067748882,
  "posmatch_ablate5_also_flips_frac": 0.8007288388272321,
  "posmatch_residual_g128head_frac": 0.1739274474076528
 }
}