{
 "pr": 539,
 "n_items": 90,
 "n_keep": 16384,
 "osoi5_head_width": 16384,
 "removed_layers": [
  2,
  3,
  4,
  36,
  37
 ],
 "int4_divergence_profile": {
  "cos_m_per_layer": [
   0.9939,
   0.9898,
   0.9886,
   0.9908,
   0.99,
   0.9864,
   0.9872,
   0.9855,
   0.9863,
   0.9899,
   0.9904,
   0.9909,
   0.9816,
   0.9832,
   0.9766,
   0.975,
   0.9609,
   0.9561,
   0.9581,
   0.9458,
   0.9394,
   0.9425,
   0.95,
   0.9565,
   0.9589,
   0.9626,
   0.9677,
   0.9678,
   0.9717,
   0.9571,
   0.9577,
   0.9597,
   0.9559,
   0.9517,
   0.947,
   0.9431,
   0.9401,
   0.9363,
   0.9327,
   0.9279,
   0.922,
   0.9096,
   0.9092
  ],
  "relmse_per_layer": [
   0.0332,
   0.0475,
   0.0802,
   0.0577,
   0.0533,
   0.0434,
   0.037,
   0.0438,
   0.0421,
   0.0234,
   0.0275,
   0.0316,
   0.034,
   0.0311,
   0.0367,
   0.0371,
   0.0325,
   0.0414,
   0.0618,
   0.0778,
   0.0932,
   0.0804,
   0.0751,
   0.1061,
   0.0615,
   0.0466,
   0.0406,
   0.0385,
   0.0401,
   0.041,
   0.0447,
   0.0512,
   0.0514,
   0.0465,
   0.0452,
   0.0484,
   0.0468,
   0.047,
   0.0516,
   0.0585,
   0.0668,
   0.0908,
   0.2722
  ],
  "final_cos_m": 0.9091825909084744,
  "final_relmse": 0.2721907091140747,
  "concentration": {
   "participation_ratio": 4.397719181615483,
   "gini": 0.812355726961169,
   "norm_entropy": 0.6785391973351238,
   "dominant_layers": [
    41,
    1,
    22,
    40,
    17
   ],
   "top1_share": 0.44956494253034773,
   "top3_share": 0.6072804636726223,
   "top5_share": 0.7170330763894158
  },
  "locus": "concentrated"
 },
 "layerdrop_divergence": {
  "cos_m_aligned": [
   1.0,
   0.9947,
   0.9943,
   0.4924,
   0.4863,
   0.5056,
   0.6542,
   0.7254,
   0.7328,
   0.753,
   0.7489,
   0.7154,
   0.7434,
   0.7182,
   0.7021,
   0.75,
   0.6917,
   0.6726,
   0.7267,
   0.7992,
   0.8372,
   0.9084,
   0.9201,
   0.9225,
   0.9242,
   0.9295,
   0.8907,
   0.8918,
   0.9003,
   0.9004,
   0.8986,
   0.9008,
   0.9018,
   0.8957,
   0.7462,
   0.7453,
   0.7657,
   0.7223,
   0.0
  ],
  "relmse_aligned": [
   0.0,
   0.0055,
   0.0014,
   0.2388,
   0.16,
   0.2704,
   0.3465,
   0.2365,
   0.1927,
   0.1326,
   0.0948,
   0.1076,
   0.1437,
   0.1631,
   0.2364,
   0.3483,
   0.4151,
   0.4804,
   0.3592,
   0.2874,
   0.2682,
   0.1339,
   0.0972,
   0.0939,
   0.0846,
   0.0889,
   0.08,
   0.0786,
   0.0693,
   0.0615,
   0.0525,
   0.0462,
   0.0445,
   0.0462,
   0.1357,
   0.16,
   0.1849,
   0.5376,
   0.0
  ],
  "final_cos_m": 0.7223457634449005,
  "final_relmse": 0.5375843769974179,
  "ablate5_pure_final_cos_m": 0.7603745969136556,
  "ablate5_pure_final_relmse": 0.47092757834328547,
  "concentration": {
   "participation_ratio": 7.283699978131558,
   "gini": 0.7930059593033847,
   "norm_entropy": 0.8105617887417882,
   "dominant_layers": [
    36,
    2,
    14,
    4,
    33
   ],
   "top1_share": 0.26872930064264516,
   "top3_share": 0.5349310433142711,
   "top5_share": 0.6872632974062127
  },
  "locus": "intermediate"
 },
 "block_influence": {
  "removed_bi": {
   "2": 0.05591033005619137,
   "3": 0.06970563500689024,
   "4": 0.07232041865394843,
   "36": 0.019700587583694903,
   "37": 0.018829169142916866
  },
  "removed_bi_percentile_in_stack": {
   "2": 0.2857142857142857,
   "3": 0.3333333333333333,
   "4": 0.35714285714285715,
   "36": 0.023809523809523808,
   "37": 0.0
  },
  "stack_mean_bi": 0.22422942246655456,
  "stack_max_bi": 0.9634989073853327,
  "argmax_layer": 23,
  "removed_are_low_bi": true
 },
 "int4_frac": 0.33613124654294263,
 "layerdrop_frac": 0.6638687534570574,
 "first_divergence": {
  "n": 90,
  "head_sanity_bf16_keepArgmax_eq_teacher": 0.7677464298153953,
  "osoi5_diverged_frac": 1.0,
  "int4_diverged_frac": 0.9888888888888889,
  "osoi5_first_median": 3.5,
  "int4_first_median": 15.0,
  "firstflip_int4_numeric_frac": 0.18888888888888888,
  "firstflip_layerdrop_frac": 0.8111111111111111,
  "osoi5_div_rate_mean": 0.20961805555555554,
  "int4_div_rate_mean": 0.0864236111111111,
  "posmatch_total_osoi5_flips": 6037,
  "posmatch_int4_also_flips_frac": 0.2979956932251118,
  "posmatch_osoi5_only_vs_int4_frac": 0.7020043067748882,
  "posmatch_ablate5_also_flips_frac": 0.8007288388272321,
  "posmatch_residual_g128head_frac": 0.1739274474076528
 },
 "first_divergence_driver": "layerdrop-capability",
 "stream_diagnostics": {
  "n_selected": 90,
  "per_task": {
   "mmlu_pro": 30,
   "gpqa_diamond": 30,
   "aime2024": 30
  },
  "keepset_coverage": 0.9341344479275514,
  "keepset_coverage_by_task": {
   "mmlu_pro": 0.8917450365726228,
   "gpqa_diamond": 0.9445141065830721,
   "aime2024": 0.9661442006269593
  },
  "implied_hf_vllm_greedy_agreement": 0.8218800104403594
 },
 "damage_locus": "concentrated",
 "rebake_feasibility": "cheap-targeted",
 "rebake_reason": "Dominant damage is layer-removal, localized to 5 specific removed layers [2, 3, 4, 36, 37] that were low-Block-Influence (redundant) in base-int4; the int4 residual is mild & diffuse. Restoring depth (re-bake at 42L/40L int4, e.g. fern #535 base-int4 262k full body) recovers the dominant component at a TPS cost without a full QAT re-train.",
 "verdict_line": "BODY damage is concentrated: layer-removal (5 low-BI layers [2, 3, 4, 36, 37]) is the dominant knob (repr layerdrop_frac=0.66 vs int4_frac=0.34; functional first-divergence driver=layerdrop-capability, 80% of flips reproduced by pure layer-removal); int4 is mild & concentrated (final cos 0.909). rebake_feasibility=cheap-targeted."
}