{
  "pr": 697,
  "analysis_only": 1,
  "official_tps": 0,
  "no_hf_job": 1,
  "fires": 0,
  "verdict": "REALIZATION_GAP",
  "basis_x": 0.87,
  "bar": 136.378,
  "locked_ar_official": 126.378,
  "local": {
    "ar_m1": 77.96466846838655,
    "unpinned_spec_k5": 225.3400846549989,
    "bi1_pinned_k5": 159.78772767927066,
    "bi1_xcheck": 159.9402045094334
  },
  "e_accept": {
    "ar_m1": null,
    "unpinned_spec_k5": 3.1897308367466355,
    "bi1_pinned_k5": 3.1960688201558747,
    "bi1_xcheck": 3.1996251925475625
  },
  "wall_tps_cv_pct": {
    "unpinned_spec_k5": 0.014895163576693713,
    "bi1_pinned_k5": 0.07099606642252382
  },
  "official_equiv": {
    "ar_m1": 67.8292615674963,
    "unpinned_spec_k5": 196.04587364984903,
    "bi1_pinned_k5": 139.0153230809655,
    "bi1_xcheck": 139.14797792320707
  },
  "served_local_tps_pinned": 159.78772767927066,
  "served_official_equiv_pinned": 139.0153230809655,
  "self_calibration": {
    "ar_local": 77.96466846838655,
    "ar_official_equiv_x0870": 67.8292615674963,
    "locked_ar_official": 126.378,
    "implied_multiplier": 1.6209650150855743,
    "abs_err_vs_locked": -58.5487384325037,
    "basis_holds_within_1tps": false
  },
  "modelled_tier_bi1": 162.32,
  "modelled_margin_bi1": 25.94,
  "measured_margin_over_bar": 2.6373230809655013,
  "realization_gap_vs_model_frac": 0.8983298735171357,
  "level_realization_frac": 0.8564275694983089,
  "level_shortfall": 23.304676919034506,
  "decomposition": {
    "spec_speedup_served_off": 128.21661208235273,
    "pin_delta_served_off": -57.03055056888356,
    "pin_delta_served_local": -65.55235697572823
  },
  "fixed2d_modelled_tier": 187.35,
  "fixed2d_modelled_margin": 50.97,
  "fixed2d_served": "NOT_CLEANLY_REACHABLE_UNDER_CUDAGRAPH",
  "workload": {
    "num_prompts": 128,
    "output_len": 512,
    "seed": 1
  },
  "head": "full_vocab_proxy (pin head-independent per PR #697; 16k-head capstone NOT done \u2014 stark #690 cross-read blocked by launch isolation, needs human auth)"
}