{
  "serve_ok": true,
  "base_fullhead_surgical_warm_median_tps": 253.78321616646676,
  "tps_runs": [
    250.44175311859482,
    257.1246792143387
  ],
  "osoi5_ship_local_warm_median_tps": 353.72543626702964,
  "cited_osoi5_ship_tps": 357.06,
  "tps_cost_vs_osoi5_ship_cited": -103.27678383353324,
  "tps_frac_of_osoi5_ship_cited": 0.7107579010991619,
  "tps_cost_vs_osoi5_ship_local": -99.94222010056288,
  "tps_frac_of_osoi5_ship_local": 0.7174582038677144,
  "aime_greedy_base_fullhead": 0.16666666666666666,
  "aime_n_correct_maj": 5,
  "aime_n_problems": 30,
  "aime_pct_of_base": 0.625,
  "aime_base_anchor": 0.26666666666666666,
  "aime_osoi5_ship_collapsed": 0.03333333333333333,
  "aime_quality_bar_frac": 0.9,
  "aime_clears_90pct_bar": false,
  "aime_within_noise_of_base": true,
  "aime_not_collapsed": true,
  "aime_plain_conc1": 0.1,
  "aime_plain_conc_spread": 0.16666666666666666,
  "aime_metric_conc_confounded": true,
  "aime_base_fullhead_within_plain_conc_band": true,
  "aime_by_config": {
    "conc32_specon_PROTOCOL": 0.16666666666666666,
    "conc1_specon": 0.16666666666666666,
    "conc1_specoff_M1_AR": 0.16666666666666666,
    "plain_int4_conc1_control": 0.1,
    "plain_int4_conc32_anchor": 0.26666666666666666,
    "osoi5_ship_conc32_collapsed": 0.03333333333333333
  },
  "aime_extract_fail_by_config": {
    "base_fullhead_conc32": 0.06666666666666667,
    "base_fullhead_conc1_specon": 0.0,
    "base_fullhead_conc1_specoff": 0.06666666666666667,
    "plain_int4_conc1": 0.0
  },
  "ppl": 2.0056557074968437,
  "ppl_base_reference": 2.0190133619612727,
  "ppl_gate": 2.42,
  "ppl_pass": true,
  "self_det_base_fullhead": 0.2578125,
  "self_det_osoi5_ship_control": 0.1484375,
  "peak_gpu_mib": 21791,
  "quality_safe_fast_ship_exists": false,
  "rebake_required": false,
  "rebake_recommended_for_quality": true,
  "wandb_run_id": "whh42dgd"
}