{
  "pr": 396,
  "agent": "denken",
  "kind": "demand-alone-500-budget",
  "analysis_only": true,
  "no_launch": true,
  "no_hf_job": true,
  "no_submission": true,
  "no_served_file_change": true,
  "gpu_used": false,
  "official_tps": 0,
  "baseline_unchanged_tps": 481.53,
  "baseline_unchanged_ppl": 2.3772,
  "inputs": {
    "realized_strict_base_390": 471.41634950257713,
    "gap_to_500_390": 28.583650497422866,
    "shippable_strict_ceiling_390": 509.77660237793333,
    "ceiling_500_389": 520.953,
    "floor_base_378": 469.6847174760462,
    "measured_slope_389": 0.0010710812125055698,
    "interp_386_slope": 0.003037485347520844,
    "slope_ratio_389": 0.35262103021493496,
    "meas_floor_central_389_pct": 0.5763925836099941,
    "meas_floor_pess_389_pct": 1.272268511379609,
    "interp_floor_pess_386_pct": 3.523494549873982,
    "ladder_289": [
      0.7292532942898975,
      0.759556697719242,
      0.7929794882639035,
      0.8228,
      0.8348727920920435,
      0.8357919254658385,
      0.8464932652113331
    ],
    "mu_p": 481.53,
    "mu_v": 460.85,
    "k_cal": 125.26795005202914,
    "gap_measured": 0.04294644155088978,
    "cov_prior": 0.8902659519153152,
    "identity_bar": 0.9213011665456927,
    "cov_budget_336": 0.031035214630377506,
    "cstar_central": 0.9089,
    "s_central": 7.912609135742992,
    "e_t_realized": 3.844,
    "target": 500.0,
    "published_392_residual_dcov": 0.0117,
    "published_383_demand_alone_priv_dcov": 0.05716864498666053,
    "source_390_run": "5y64zbjz",
    "source_389_run": "fqt33bj3",
    "source_392_run": "2evhfxi7",
    "source_387_run": "z8osvif8",
    "source_289_run": "fi34s269",
    "source_383_run": "t68af2yw",
    "source_340_anchor": "cstar_central=0.9089",
    "source_336_budget": "0.031035"
  },
  "expected_tokens_per_step": 3.851185944363104,
  "expected_accepted_draft": 2.851185944363104,
  "s_central_et_per_cov": 7.912609135742992,
  "demand_alone": {
    "corrected_base_tps": 471.41634950257713,
    "gap_to_500_corrected": 28.583650497422866,
    "required_dcov_demand_alone_500": 0.02945619989109333,
    "dcov_budget_336": 0.031035214630377506,
    "demand_alone_500_inside_budget": true,
    "required_frac_of_336_budget": 0.9491218360146727,
    "budget_headroom_dcov": 0.0015790147392841757,
    "tps_at_full_dcov_budget_demand_alone": 501.5322412804383,
    "demand_alone_reaches_500": true,
    "demand_alone_margin_tps": 1.5322412804383134
  },
  "robustness_389": {
    "measured_slope_389": 0.0010710812125055698,
    "interp_386_slope": 0.003037485347520844,
    "slope_ratio_389": 0.35262103021493496,
    "all_corners_clear_3p2_389": true,
    "pessimistic_breaches_3p2_389": false,
    "rows": {
      "bare_deployed_basis": {
        "attn_floor_charge_pct": 0.0,
        "charged_base_tps": 471.41634950257713,
        "required_dcov": 0.02945619989109333,
        "inside_budget": true,
        "frac_of_336_budget": 0.9491218360146727
      },
      "meas_central_389": {
        "attn_floor_charge_pct": 0.5763925836099941,
        "charged_base_tps": 468.6991406261193,
        "required_dcov": 0.03244335584645361,
        "inside_budget": false,
        "frac_of_336_budget": 1.0453723691892178
      },
      "meas_pessimistic_389": {
        "attn_floor_charge_pct": 1.272268511379609,
        "charged_base_tps": 465.41866773036065,
        "required_dcov": 0.03609620861679127,
        "inside_budget": false,
        "frac_of_336_budget": 1.1630726272297154
      },
      "interp_pessimistic_386": {
        "attn_floor_charge_pct": 3.523494549873982,
        "charged_base_tps": 454.80602012063895,
        "required_dcov": 0.048274529436423914,
        "inside_budget": false,
        "frac_of_336_budget": 1.5554759331089798
      },
      "full_public_private_gap": {
        "attn_floor_charge_pct": 4.294644155088978,
        "charged_base_tps": 451.1706948025309,
        "required_dcov": 0.052577911087372815,
        "inside_budget": false,
        "frac_of_336_budget": 1.6941371829891956
      }
    },
    "base_holds_under_389_slope": true,
    "robust_under_389_slope": false,
    "measured_central_busts": true,
    "interp386_pess_busts_harder_than_meas": true,
    "knife_edge_no_margin": true
  },
  "gap_to_500_corrected": 28.583650497422866,
  "required_dcov_demand_alone_500": 0.02945619989109333,
  "dcov_budget_336": 0.031035214630377506,
  "demand_alone_500_inside_budget": true,
  "tps_at_full_dcov_budget_demand_alone": 501.5322412804383,
  "demand_alone_reaches_500": true,
  "demand_alone_margin_tps": 1.5322412804383134,
  "robust_under_389_slope": false,
  "base_holds_under_389_slope": true,
  "self_test": {
    "conditions": {
      "a_base_matches_390": true,
      "a_gap_matches_390_banked": true,
      "a_gap_rounds_28p58": true,
      "a_budget_is_336_0p031": true,
      "a_secant_positive": true,
      "a_ceiling_500_389_above_500": true,
      "b_ladder_len_7": true,
      "b_ladder_in_unit": true,
      "b_ladder_monotone_nondecreasing": true,
      "b_et_ladder_matches_realized": true,
      "b_et_in_1_to_8": true,
      "c_tps_at_zero_dcov_is_base": true,
      "c_tps_monotone_in_dcov": true,
      "c_required_dcov_hits_500": true,
      "c_full_budget_tps_consistent": true,
      "d_required_dcov_positive": true,
      "d_required_inside_budget": true,
      "d_required_lt_full_gap_demand": true,
      "d_required_lt_383_priv_demand": true,
      "d_required_gt_392_residual": true,
      "e_full_budget_reaches_500": true,
      "e_full_budget_margin_positive": true,
      "e_margin_rounds_1p5": true,
      "f_slope_ratio_matches_0p353": true,
      "f_measured_slope_milder_than_interp": true,
      "f_measured_floor_below_interp": true,
      "f_all_corners_clear_3p2": true,
      "f_interp386_pess_breaches_3p2": true,
      "f_measured_central_busts_budget": true,
      "f_robust_under_389_slope_false": true,
      "f_base_holds_under_389_slope_true": true,
      "f_knife_edge_no_margin": true,
      "g_required_dcov_monotone_in_charge": true,
      "g_bare_inside_central_outside": true,
      "h_no_nan_inf": true
    },
    "n_checks": 35,
    "n_passed": 35,
    "passes": true
  },
  "demand_alone_500_self_test_passes": true
}