{
  "panel": {
    "engine": "vllm==0.22.0",
    "max_num_seqs": 1,
    "batch_invariant": 1,
    "max_model_len": 8192,
    "max_tokens": 6144,
    "min_tokens": 8,
    "decode": "greedy",
    "drafter": "off",
    "M": 1
  },
  "bar": 0.9,
  "rows": [
    {
      "axis": "GSM8K",
      "int4_acc": 0.94,
      "int4_ci": [
        0.8980683070423372,
        0.9653478057456681
      ],
      "int4_n": 200,
      "int4_k": 188,
      "int4_acc_full": 0.922,
      "int4_n_full": 500,
      "int4_k_full": 461,
      "base_acc": 0.915,
      "base_n": 200,
      "base_k": 183,
      "pct_of_base": 1.0273224043715845,
      "pct_of_base_ci": [
        0.9490771716066536,
        1.11201844707442
      ],
      "pct_of_base_marginal": 1.0076502732240438,
      "paired_delta": 0.025,
      "paired_delta_ci": [
        -0.01,
        0.06
      ],
      "n_common": 200,
      "sha_mismatch": 0,
      "pass": true,
      "pass_lcb": true,
      "paired": true
    },
    {
      "axis": "MMLU-Pro",
      "int4_acc": 0.6333333333333333,
      "int4_ci": [
        0.4551356365479487,
        0.7812607919389929
      ],
      "int4_n": 30,
      "int4_k": 19,
      "int4_acc_full": 0.6833333333333333,
      "int4_n_full": 300,
      "int4_k_full": 205,
      "base_acc": 0.6666666666666666,
      "base_n": 30,
      "base_k": 20,
      "pct_of_base": 0.95,
      "pct_of_base_ci": [
        0.5634993725966804,
        1.601598943830513
      ],
      "pct_of_base_marginal": 1.0250000000000001,
      "paired_delta": -0.03333333333333333,
      "paired_delta_ci": [
        -0.16666666666666666,
        0.06666666666666667
      ],
      "n_common": 30,
      "sha_mismatch": 0,
      "pass": true,
      "pass_lcb": false,
      "paired": true
    },
    {
      "axis": "AIME",
      "int4_acc": 0.4,
      "int4_ci": [
        0.2856949053488255,
        0.5263394650795924
      ],
      "int4_n": 60,
      "int4_k": 24,
      "int4_acc_full": 0.4,
      "int4_n_full": 60,
      "int4_k_full": 24,
      "base_acc": 0.4667,
      "base_n": 60,
      "base_k": 28,
      "pct_of_base": 0.8571428571428572,
      "pct_of_base_ci": [
        0.4833555575622608,
        1.5199864076382006
      ],
      "pct_of_base_marginal": 0.8571428571428572,
      "paired_delta": -0.06669999999999998,
      "paired_delta_ci": [
        null,
        null
      ],
      "n_common": 60,
      "sha_mismatch": 0,
      "pass": false,
      "pass_lcb": false,
      "banked": true,
      "paired": true
    },
    {
      "axis": "GPQA-D",
      "int4_acc": 0.4798,
      "int4_ci": [
        0.4112593527905358,
        0.5491055789398338
      ],
      "int4_n": 198,
      "int4_k": 95,
      "int4_acc_full": 0.4798,
      "int4_n_full": 198,
      "int4_k_full": 95,
      "base_acc": 0.4899,
      "base_n": 198,
      "base_k": 97,
      "pct_of_base": 0.979381443298969,
      "pct_of_base_ci": [
        0.7356320421569531,
        1.3038964543549902
      ],
      "pct_of_base_marginal": 0.979381443298969,
      "paired_delta": -0.010099999999999998,
      "paired_delta_ci": [
        null,
        null
      ],
      "n_common": 198,
      "sha_mismatch": 0,
      "pass": true,
      "pass_lcb": false,
      "banked": true,
      "paired": true
    }
  ],
  "worst_axis": "AIME",
  "primary_metric_worst_pct_of_base": 0.8571428571428572,
  "test_metric_gsm8k_int4_acc": 0.922,
  "verdict": "AIME_IS_SOLE_BLOCKER"
}