{
  "pr": 478,
  "student": "kanna",
  "analysis_only": true,
  "official_tps": 0,
  "no_served_file_change": true,
  "wandb_group": "equivalence-escalation-anchors",
  "sigma_hw_inputs": {
    "sigma_within_tps_at_ref": 0.3494,
    "sigma_within_frac": 0.000726,
    "sigma_between_tps": 4.864,
    "sigma_between_frac": 0.009623,
    "sigma_oneshot_tps_measured": 4.877,
    "sigma_oneshot_frac_measured": 0.010128,
    "convention_sigma_hw_tps_at_ref": 4.8153,
    "convention_sigma_hw_frac": 0.01,
    "mu_ref": 481.53,
    "n_between_session_draws": 3
  },
  "sigma_frac_canonical": 0.01,
  "sigma_abs_canonical": 4.8153,
  "candidates": {
    "floorlock_161": {
      "label": "floor-lock 161.70 (M=1 AR int4, no drafter)",
      "mu": 161.7,
      "spec_alive": false,
      "private_safe": true,
      "private_breach_note": "denken: Delta=0.633% -> private-SAFE (denken's lane, not restated here)",
      "fractional_model": {
        "sigma_tps": 1.617,
        "sigma_frac_of_mu": 0.01,
        "edge_minus_1sigma_tps": 160.083,
        "edge_minus_2sigma_tps": 158.46599999999998,
        "edge_minus_3sigma_tps": 156.849,
        "band68_lo_tps": 160.083,
        "band68_hi_tps": 163.31699999999998,
        "band95_lo_tps": 158.46599999999998,
        "band95_hi_tps": 164.934,
        "p_below_mu": 0.5,
        "p_below_1sigma": 0.15865525393145707,
        "p_below_2sigma": 0.02275013194817921,
        "p_below_3sigma": 0.0013498980316301035,
        "p_below_1pct": 0.15865525393145852,
        "p_below_2pct": 0.02275013194817893,
        "p_below_5pct": 2.8665157186802404e-07,
        "p_below_convention_sigma_edge": 0.001451048777135644
      },
      "absolute_model": {
        "sigma_tps": 4.8153,
        "sigma_frac_of_mu": 0.02977922077922078,
        "edge_minus_1sigma_tps": 156.88469999999998,
        "edge_minus_2sigma_tps": 152.0694,
        "edge_minus_3sigma_tps": 147.2541,
        "band68_lo_tps": 156.88469999999998,
        "band68_hi_tps": 166.5153,
        "band95_lo_tps": 152.0694,
        "band95_hi_tps": 171.33059999999998,
        "p_below_mu": 0.5,
        "p_below_1sigma": 0.15865525393145707,
        "p_below_2sigma": 0.02275013194817921,
        "p_below_3sigma": 0.0013498980316301035,
        "p_below_1pct": 0.36850910197305886,
        "p_below_2pct": 0.2509162454190337,
        "p_below_5pct": 0.04657376957845183,
        "p_below_convention_sigma_edge": 0.15865525393145669
      },
      "ppl_carry": 2.3772,
      "materially_below_2pct_fractional": 0.02275013194817893,
      "materially_below_2pct_absolute": 0.2509162454190337,
      "model_disagreement_ratio_2pct": 11.029221544322457,
      "completion": {
        "observed_ok": 10,
        "observed_total": 10,
        "observed_failures": 0,
        "rule_of_three_95_upper_bound": 0.2588655508930523,
        "p_completion_below_128_structural": 0.0,
        "mechanism": "M=1 AR: simplest deterministic decode, no drafter/spec early-stop"
      }
    },
    "globalflag_234": {
      "label": "global-flag 234 (spec-alive)",
      "mu": 234.0,
      "spec_alive": true,
      "private_safe": false,
      "private_breach_note": "denken #489: ~24% private-Delta one-shot breach (denken's lane; my sigma_hw band COMPLEMENTS, does not duplicate)",
      "fractional_model": {
        "sigma_tps": 2.34,
        "sigma_frac_of_mu": 0.01,
        "edge_minus_1sigma_tps": 231.66,
        "edge_minus_2sigma_tps": 229.32,
        "edge_minus_3sigma_tps": 226.98,
        "band68_lo_tps": 231.66,
        "band68_hi_tps": 236.34,
        "band95_lo_tps": 229.32,
        "band95_hi_tps": 238.68,
        "p_below_mu": 0.5,
        "p_below_1sigma": 0.15865525393145707,
        "p_below_2sigma": 0.02275013194817921,
        "p_below_3sigma": 0.0013498980316301035,
        "p_below_1pct": 0.15865525393145669,
        "p_below_2pct": 0.022750131948179042,
        "p_below_5pct": 2.8665157186802404e-07,
        "p_below_convention_sigma_edge": 0.01980368310516878
      },
      "absolute_model": {
        "sigma_tps": 4.8153,
        "sigma_frac_of_mu": 0.020578205128205126,
        "edge_minus_1sigma_tps": 229.1847,
        "edge_minus_2sigma_tps": 224.3694,
        "edge_minus_3sigma_tps": 219.5541,
        "band68_lo_tps": 229.1847,
        "band68_hi_tps": 238.8153,
        "band95_lo_tps": 224.3694,
        "band95_hi_tps": 243.6306,
        "p_below_mu": 0.5,
        "p_below_1sigma": 0.15865525393145707,
        "p_below_2sigma": 0.02275013194817921,
        "p_below_3sigma": 0.0013498980316301035,
        "p_below_1pct": 0.31350094283717467,
        "p_below_2pct": 0.16554963689690932,
        "p_below_5pct": 0.007554512905572963,
        "p_below_convention_sigma_edge": 0.15865525393145669
      },
      "ppl_carry": 2.3772,
      "mu_alt": 222.0,
      "fractional_model_alt": {
        "sigma_tps": 2.22,
        "sigma_frac_of_mu": 0.01,
        "edge_minus_1sigma_tps": 219.78,
        "edge_minus_2sigma_tps": 217.56,
        "edge_minus_3sigma_tps": 215.34,
        "band68_lo_tps": 219.78,
        "band68_hi_tps": 224.22,
        "band95_lo_tps": 217.56,
        "band95_hi_tps": 226.44,
        "p_below_mu": 0.5,
        "p_below_1sigma": 0.15865525393145707,
        "p_below_2sigma": 0.02275013194817921,
        "p_below_3sigma": 0.0013498980316301035,
        "p_below_1pct": 0.15865525393145719,
        "p_below_2pct": 0.022750131948179264,
        "p_below_5pct": 2.8665157186802404e-07,
        "p_below_convention_sigma_edge": 0.015039290175291986
      },
      "absolute_model_alt": {
        "sigma_tps": 4.8153,
        "sigma_frac_of_mu": 0.02169054054054054,
        "edge_minus_1sigma_tps": 217.1847,
        "edge_minus_2sigma_tps": 212.3694,
        "edge_minus_3sigma_tps": 207.5541,
        "band68_lo_tps": 217.1847,
        "band68_hi_tps": 226.8153,
        "band95_lo_tps": 212.3694,
        "band95_hi_tps": 231.6306,
        "p_below_mu": 0.5,
        "p_below_1sigma": 0.15865525393145707,
        "p_below_2sigma": 0.02275013194817921,
        "p_below_3sigma": 0.0013498980316301035,
        "p_below_1pct": 0.32238837392854586,
        "p_below_2pct": 0.17824839719759095,
        "p_below_5pct": 0.010579021876012173,
        "p_below_convention_sigma_edge": 0.15865525393145669
      },
      "materially_below_2pct_fractional": 0.022750131948179042,
      "materially_below_2pct_absolute": 0.16554963689690932,
      "model_disagreement_ratio_2pct": 7.276864911113634,
      "completion": {
        "observed_ok": 10,
        "observed_total": 10,
        "observed_failures": 0,
        "rule_of_three_95_upper_bound": 0.2588655508930523,
        "p_completion_below_128_structural": 0.0,
        "mechanism": "spec-alive: every prompt runs to EOS/max_len; spec decode does not drop prompts; lawine #467 observed 10/10 sessions 128/128"
      }
    }
  },
  "ppl_leg": {
    "n_session_samples": 3,
    "samples": [
      2.3772,
      2.376682786480556,
      2.3772
    ],
    "mean": 2.377027595493519,
    "pstdev": 0.0002438167912802484,
    "sample_stdev": 0.00029861336467963776,
    "anchor_ppl": 2.3772,
    "observed_ceiling_ppl": 2.3779,
    "gate": 2.42,
    "headroom_to_gate": 0.04279999999999973,
    "sigma_observed": 0.00029861336467963776,
    "z_to_gate_observed_sigma": 143.32915087681013,
    "p_breach_observed_sigma": 0.0,
    "sigma_conservative": 0.001,
    "z_to_gate_conservative_sigma": 42.79999999999973,
    "p_breach_conservative_sigma": 0.0,
    "z_to_gate_from_ceiling_conservative": 42.10000000000002,
    "structural_note": "Both candidates are greedy-identity -> token-identical to the reference -> PPL pinned to the reference (2.3772). 0.0428 headroom is >=40 sigma at any defensible session sigma. P(PPL>2.42) ~ 0 for BOTH candidates."
  },
  "self_test": {
    "models_coincide_at_ref": true,
    "absolute_slow_tail_exceeds_fractional": true,
    "floorlock_absolute_frac_near_3pct": true,
    "normal_tail_1sigma_ok": true,
    "normal_tail_2sigma_ok": true,