{
  "pr": 409,
  "agent": "denken",
  "kind": "tree-per-position-width-dp",
  "analysis_only": true,
  "no_launch": true,
  "no_hf_job": true,
  "no_submission": true,
  "no_served_file_change": true,
  "gpu_used": false,
  "official_tps": 0,
  "baseline_unchanged_tps": 481.53,
  "baseline_unchanged_ppl": 2.3772,
  "corrected_strict_base_tps": 467.475218449957,
  "gap_to_500_tps": 32.524781550042974,
  "inputs": {
    "base_467_393": 467.475218449957,
    "gap_32_393": 32.524781550042974,
    "s_central_387": 7.912609135742992,
    "e_t_realized_396": 3.844,
    "g_max_ceiling_band_401": 0.10973404808468479,
    "top1_coverage_387": 0.7617,
    "top4_coverage_387": 0.8902659519153152,
    "locked_prize_top1_top4": 0.12856595191531517,
    "ladder_289": [
      0.7292532942898975,
      0.759556697719242,
      0.7929794882639035,
      0.8228,
      0.8348727920920435,
      0.8357919254658385,
      0.8464932652113331
    ],
    "f_attn_step_378": 0.09506718019009251,
    "m_deployed": 8,
    "n_draft_pos": 7,
    "gross_per_unit_cov_corrected": 962.2655265974456,
    "published_gross_per_cov_399": 968.57,
    "corner_full_fanout_k8_402": -61.607197607642426,
    "corner_depth1_k8_402": 71.43798577088975,
    "cb3_supply_lift_optimistic_388": 38.02,
    "width_cap_401_support": 16,
    "target": 500.0,
    "ppl_deployed": 2.3772,
    "ppl_gate": 2.42,
    "source_402_run": "8pcyhe2r",
    "source_401_run": "i2qsjyp6",
    "source_393_run": "0q7ynumg",
    "source_399_run": "ec7i3z5t",
    "source_387_run": "z8osvif8",
    "source_289_run": "fi34s269",
    "source_332_run": "y5cl0ena",
    "source_388_ref": "kanna cb3 realized +38.02",
    "source_403_ref": "kanna conservative-k cb3 re-cost (pending; not used)",
    "source_357_ref": "fern tree+cb3 GO/NO-GO (consumer; sibling)"
  },
  "tree_shape": "per-position width vector w=(w_1..w_7) over the 7 #289 MTP draft slots; M(w)=1+sum(w_p) verified rows. all-ones=deployed M=8 (no tree); full_fanout=(K,)*7->M=1+7K; depth1=(K,1,1,1,1,1,1)->M=8+(K-1). Honest coverage g_honest(w)=g_max*sum_p u_p(1-beta^(w_p-1))/sum_p u_p with u_p=1-a_p (per-position miss-room) and beta=((1-top4)/(1-top1))^(1/3)~=0.772 (geometric top-k tail decay calibrated to reconcile top1/top4/head-ceiling). Verify-M tax reused EXACTLY from #402 (split-KV attention, LOCKED 16-way split): tps_loss steps every BLOCK_Q=4 rows.",
  "beta_decay": 0.7722165754495655,
  "w_star_honest": [
    3,
    2,
    2,
    1,
    1,
    1,
    1
  ],
  "m_star_honest": 12,
  "slots_star_honest": 4,
  "g_star_honest": 0.01681698899437153,
  "max_net_honest": 1.3265222515525068,
  "max_net_honest_linear": 1.8235763963985683,
  "tree_net_positive": true,
  "greedy_matches_dp": true,
  "max_net_ceiling": 87.99108646621505,
  "w_star_ceiling": [
    2,
    1,
    1,
    1,
    1,
    1,
    1
  ],
  "m_star_ceiling": 9,
  "combine": {
    "cb3_supply_lift_optimistic": 38.02,
    "max_net_honest": 1.3265222515525068,
    "combined_lift_tps": 39.34652225155251,
    "combined_projected_tps": 506.82174070150955,
    "gap_to_500": 32.524781550042974,
    "clears_500_combined": true,
    "cb3_alone_clears_500": true,
    "tree_marginal_cushion_tps": 1.3265222515525068,
    "combined_vs_500_tps": 6.821740701509555
  },
  "max_net_combined_projected_tps": 506.82174070150955,
  "combined_clears_500": true,
  "cb3_alone_clears_500": true,
  "net_by_slots": {
    "0": 0.0,
    "1": -9.77905886050012,
    "2": -5.7118778234909575,
    "3": -2.175300804519982,
    "4": 1.3265222515525068,
    "5": -9.596793210989983,
    "6": -6.688717943789916,
    "7": -3.97877240621122,
    "8": -1.2839110053797615,
    "9": -12.201613803807257,
    "10": -9.653954325579251,
    "11": -7.207617143399952,
    "12": -4.922650812529163,
    "13": -15.812198860330794,
    "14": -13.837242833253104,
    "15": -11.87327983403105,
    "16": -9.942288998094744,
    "17": -20.598306741288006,
    "18": -18.81255670854417,
    "19": -17.14460237669844,
    "20": -15.552774632803718,
    "21": -26.141989558597068,
    "22": -24.706148397700776,
    "23": -23.294412980765962,
    "24": -21.896550695969875
  },
  "beta_sweep": {
    "beta_0.700": {
      "beta": 0.7,
      "w_star": [
        3,
        3,
        2,
        2,
        2,
        2,
        1
      ],
      "m_star": 16,
      "max_net_honest": 6.3444564719128,
      "net_positive": true,
      "combined_clears_500": true
    },
    "beta_0.772": {
      "beta": 0.7722165754495655,
      "w_star": [
        3,
        2,
        2,
        1,
        1,
        1,
        1
      ],
      "m_star": 12,
      "max_net_honest": 1.3265222515525068,
      "net_positive": true,
      "combined_clears_500": true
    },
    "beta_0.850": {
      "beta": 0.85,
      "w_star": [
        1,
        1,
        1,
        1,
        1,
        1,
        1
      ],
      "m_star": 8,
      "max_net_honest": 0.0,
      "net_positive": false,
      "combined_clears_500": true
    }
  },
  "ppl_unchanged": 2.3772,
  "self_test": {
    "conditions": {
      "a_base_is_393": true,
      "a_base_plus_gap_is_500": true,
      "a_secant_matches_387": true,
      "a_gmax_rounds_0p1097": true,
      "a_gross_per_cov_corrected_900s": true,
      "a_ladder_len_7": true,
      "a_ladder_monotone": true,
      "b_m_all_ones_is_8": true,
      "b_m_full_fanout_k8_is_57": true,
      "b_m_full_fanout_matches_402": true,
      "b_m_depth1_k8_is_15": true,
      "b_m_depth1_matches_402": true,
      "c_reproduce_full_fanout_corner": true,
      "c_reproduce_depth1_corner": true,
      "c_full_fanout_tight_to_402_exact": true,
      "c_depth1_tight_to_402_exact": true,
      "c_full_fanout_corner_negative": true,
      "c_depth1_corner_positive": true,
      "d_ceiling_opt_ge_full_fanout": true,
      "d_ceiling_opt_ge_depth1": true,
      "d_ceiling_opt_ge_max_corner": true,
      "e_g_all_ones_is_zero": true,
      "e_beta_in_unit_interval": true,
      "e_beta_rounds_0p772": true,
      "e_g_monotone_in_width": true,
      "e_g_saturates_below_gmax": true,
      "e_g_full_saturation_near_gmax": true,
      "e_program_chain_hits_top4_at_w4": true,
      "e_program_residual_is_gmax": true,
      "f_honest_opt_net_positive": true,
      "f_honest_opt_below_depth1_corner": true,
      "f_honest_opt_above_full_fanout_corner": true,
      "f_greedy_matches_dp": true,
      "f_w_star_widens_early_positions": true,
      "f_m_star_modest": true,
      "g_exact_le_linear_at_opt": true,
      "g_net_zero_at_g_zero_m8": true,
      "g_tax_zero_at_m8": true,
      "g_tax_step_within_block": true,
      "g_tax_jumps_across_block": true,
      "h_ppl_passes_gate": true,
      "i_no_nan_inf": true
    },
    "n_checks": 42,
    "n_passed": 42,
    "passes": true
  },
  "tree_per_position_width_dp_self_test_passes": true,
  "peak_mem_mib": 12.1640625
}