{
  "32": {
    "ppl": 2.006960042873599,
    "mean_record_ppl": 2.1611353115876093,
    "num_records": 128,
    "num_tokens": 61797,
    "group_size": 32,
    "scale_elems": 124149760,
    "scale_mb": 248.3,
    "rel_err_mean": 0.0,
    "rel_err_max": 0.0,
    "verdict": "PASS",
    "secs": 29.6
  },
  "128": {
    "ppl": 2.109045047211055,
    "mean_record_ppl": 2.297926278022328,
    "num_records": 128,
    "num_tokens": 61797,
    "group_size": 128,
    "scale_elems": 31037440,
    "scale_mb": 62.075,
    "rel_err_mean": 0.1036,
    "rel_err_max": 0.15935,
    "verdict": "PASS",
    "secs": 49.8
  },
  "-1": {
    "ppl": 2.231190147622291,
    "mean_record_ppl": 2.4387190616340177,
    "num_records": 128,
    "num_tokens": 61797,
    "group_size": -1,
    "scale_elems": 1333248,
    "scale_mb": 2.666,
    "rel_err_mean": 0.16736,
    "rel_err_max": 0.29914,
    "verdict": "PASS",
    "secs": 52.8
  }
}