{
  "32": {
    "ppl": 2.0064778276936956,
    "mean_record_ppl": 2.159773167863459,
    "num_records": 128,
    "num_tokens": 61797,
    "group_size": 32,
    "scale_elems": 124149760,
    "scale_mb": 248.3,
    "rel_err_mean": 0.0,
    "rel_err_max": 0.0,
    "verdict": "PASS",
    "secs": 30.0
  },
  "128": {
    "ppl": 2.0937391397660012,
    "mean_record_ppl": 2.2763954547096157,
    "num_records": 128,
    "num_tokens": 61797,
    "group_size": 128,
    "scale_elems": 31037440,
    "scale_mb": 62.075,
    "rel_err_mean": 0.10376,
    "rel_err_max": 0.15918,
    "verdict": "PASS",
    "secs": 40.3
  },
  "-1": {
    "ppl": 2.2145304173320692,
    "mean_record_ppl": 2.418351133400074,
    "num_records": 128,
    "num_tokens": 61797,
    "group_size": -1,
    "scale_elems": 1333248,
    "scale_mb": 2.666,
    "rel_err_mean": 0.16755,
    "rel_err_max": 0.30078,
    "verdict": "PASS",
    "secs": 40.9
  }
}