{
  "analysis_only": true,
  "official_tps": 0,
  "stark_tax": 0.87,
  "ship_bar": 126.378,
  "plus10_bar": 136.378,
  "ar_local_median": 106.27315543859065,
  "ar_local_anchor_expected": 126.94,
  "cells": {
    "ar": {
      "n_runs": 1,
      "wall_tps_values": [
        106.27315543859065
      ],
      "wall_tps_median": 106.27315543859065,
      "wall_tps_mean": 106.27315543859065,
      "wall_tps_min": 106.27315543859065,
      "wall_tps_max": 106.27315543859065,
      "official_equiv_tax": 92.45764523157386,
      "mean_acceptance_length_metrics": null,
      "draft_acceptance_rate_metrics": null,
      "mean_acceptance_length_serverlog": null,
      "speedup_vs_ar": 1.0,
      "official_equiv_ratio": 126.378
    },
    "ngram:5": {
      "n_runs": 1,
      "wall_tps_values": [
        108.63573979577829
      ],
      "wall_tps_median": 108.63573979577829,
      "wall_tps_mean": 108.63573979577829,
      "wall_tps_min": 108.63573979577829,
      "wall_tps_max": 108.63573979577829,
      "official_equiv_tax": 94.51309362232712,
      "mean_acceptance_length_metrics": 2.2531306550850525,
      "draft_acceptance_rate_metrics": 0.25135755147080174,
      "mean_acceptance_length_serverlog": 2.2599979453763632,
      "speedup_vs_ar": 1.0222312431341407,
      "official_equiv_ratio": 129.18754004480644,
      "byte_identity": {
        "n_compared": 128,
        "n_mismatch": 49,
        "break_rate": 0.3828125,
        "byte_exact": false,
        "mismatch_ids": [
          "aime2026-0e674f51e8",
          "aime2026-1eaadd490a",
          "aime2026-5e99c1f8e3",
          "aime2026-7443669f7e",
          "aime2026-8742f9e684",
          "gpqa_diamond-019eb0f05f",
          "gpqa_diamond-025e20e6e9",
          "gpqa_diamond-045347c35e",
          "gpqa_diamond-051eba2501",
          "gpqa_diamond-0c1cc6cb8c"
        ]
      }
    },
    "ngram:6": {
      "n_runs": 1,
      "wall_tps_values": [
        108.2120154939638
      ],
      "wall_tps_median": 108.2120154939638,
      "wall_tps_mean": 108.2120154939638,
      "wall_tps_min": 108.2120154939638,
      "wall_tps_max": 108.2120154939638,
      "official_equiv_tax": 94.1444534797485,
      "mean_acceptance_length_metrics": 2.3103831616393684,
      "draft_acceptance_rate_metrics": 0.21932370745261487,
      "mean_acceptance_length_serverlog": 2.3174439122762793,
      "speedup_vs_ar": 1.018244118633454,
      "official_equiv_ratio": 128.68365522465865,
      "byte_identity": {
        "n_compared": 128,
        "n_mismatch": 46,
        "break_rate": 0.359375,
        "byte_exact": false,
        "mismatch_ids": [
          "aime2026-0e674f51e8",
          "aime2026-1eaadd490a",
          "aime2026-5e99c1f8e3",
          "aime2026-7443669f7e",
          "gpqa_diamond-025e20e6e9",
          "gpqa_diamond-045347c35e",
          "gpqa_diamond-051eba2501",
          "gpqa_diamond-0c1cc6cb8c",
          "gpqa_diamond-0c38e0dd0d",
          "gpqa_diamond-0caf81b8c8"
        ]
      }
    },
    "suffix:5": {
      "n_runs": 1,
      "wall_tps_values": [
        121.52909026068217
      ],
      "wall_tps_median": 121.52909026068217,
      "wall_tps_mean": 121.52909026068217,
      "wall_tps_min": 121.52909026068217,
      "wall_tps_max": 121.52909026068217,
      "official_equiv_tax": 105.73030852679348,
      "mean_acceptance_length_metrics": 1.623429848839685,
      "draft_acceptance_rate_metrics": 0.2995843724023275,
      "mean_acceptance_length_serverlog": 2.498690259123244,
      "speedup_vs_ar": 1.1435539836860031,
      "official_equiv_ratio": 144.5200653502697,
      "byte_identity": {
        "n_compared": 128,
        "n_mismatch": 47,
        "break_rate": 0.3671875,
        "byte_exact": false,
        "mismatch_ids": [
          "aime2026-1eaadd490a",
          "aime2026-7443669f7e",
          "aime2026-8742f9e684",
          "gpqa_diamond-019eb0f05f",
          "gpqa_diamond-025e20e6e9",
          "gpqa_diamond-051eba2501",
          "gpqa_diamond-083aa35723",
          "gpqa_diamond-0c38e0dd0d",
          "gpqa_diamond-0caf81b8c8",
          "gpqa_diamond-0dbcc69ff3"
        ]
      }
    },
    "suffix:6": {
      "n_runs": 1,
      "wall_tps_values": [
        120.80884607606666
      ],
      "wall_tps_median": 120.80884607606666,
      "wall_tps_mean": 120.80884607606666,
      "wall_tps_min": 120.80884607606666,
      "wall_tps_max": 120.80884607606666,
      "official_equiv_tax": 105.10369608617799,
      "mean_acceptance_length_metrics": 1.6289323292207445,
      "draft_acceptance_rate_metrics": 0.2958594005175749,
      "mean_acceptance_length_serverlog": 2.775891942480618,
      "speedup_vs_ar": 1.1367766918888127,
      "official_equiv_ratio": 143.66356476752438,
      "byte_identity": {
        "n_compared": 128,
        "n_mismatch": 42,
        "break_rate": 0.328125,
        "byte_exact": false,
        "mismatch_ids": [
          "aime2026-1eaadd490a",
          "aime2026-7443669f7e",
          "aime2026-8742f9e684",
          "gpqa_diamond-025e20e6e9",
          "gpqa_diamond-083aa35723",
          "gpqa_diamond-0c38e0dd0d",
          "gpqa_diamond-0caf81b8c8",
          "gpqa_diamond-0dbcc69ff3",
          "gpqa_diamond-123161632f",
          "gpqa_diamond-14a2ed1ddc"
        ]
      }
    }
  },
  "drafterfree_best_cell": "suffix:5",
  "drafterfree_best_walltps_official_equiv": 105.73030852679348,
  "verdict": "DRAFTERFREE_DEAD",
  "failed_cells": {},
  "elapsed_s": 3526.4477486610413,
  "workload": {
    "num_prompts": 128,
    "output_len": 512,
    "conc": 1,
    "temp": 0.0,
    "ignore_eos": true,
    "batch_invariant": 1,
    "max_model_len": 4096,
    "max_num_seqs": 16,
    "prompt_lookup_min": 2,
    "prompt_lookup_max": 6
  }
}