{
  "trunc_total": 1194,
  "recovered_total": 501,
  "still_trunc_4096": 76,
  "trunc_rate_2048": 0.1194,
  "recovered_frac": 0.4196,
  "spliced_seeds": [
    1,
    2,
    3,
    4,
    5
  ],
  "raw2048_mean": 0.6045999999999999,
  "raw2048_ci_lb": 0.5858,
  "debiased_mean": 0.6547000000000001,
  "debiased_ci_lb": 0.6366,
  "debias_delta": 0.0501
}