{
  "agent": "stark",
  "created_at": "20260614T183850Z",
  "kind": "private-drop-shape-robustness",
  "nan_clean": true,
  "peak_mem_mib": 27.359,
  "pr": 203,
  "self_test_passes": true,
  "synthesis": {
    "beta": 0.765124365433998,
    "both_bugs_bar_vs_shape": [
      {
        "bar": null,
        "c": -1.7,
        "delta_d_pct": [
          7.085,
          2.8959,
          1.2545,
          -0.9805,
          -1.3928,
          -1.9623,
          -2.7308
        ],
        "drop_at_bar_pct": null,
        "drop_at_floor_pct": 3.332546112995094,
        "gap_bar_minus_floor": null,
        "is_flat": false,
        "is_nls": false,
        "reachable_at_full_recovery": false,
        "sigma_check": 0.041689980762995564,
        "weighted_deficit_pct": 3.3163232328185464
      },
      {
        "bar": 0.9976368501646791,
        "c": -1.6,
        "delta_d_pct": [
          6.7033,
          2.7606,
          1.2157,
          -0.8878,
          -1.2759,
          -1.8118,
          -2.5351
        ],
        "drop_at_bar_pct": 3.189107815991322,
        "drop_at_floor_pct": 3.18376140928949,
        "gap_bar_minus_floor": 0.6557721335284825,
        "is_flat": false,
        "is_nls": false,
        "reachable_at_full_recovery": true,
        "sigma_check": 0.04168998076299558,
        "weighted_deficit_pct": 3.178132154407505
      },
      {
        "bar": 0.9910788925282938,
        "c": -1.4,
        "delta_d_pct": [
          5.9398,
          2.49,
          1.1382,
          -0.7024,
          -1.0419,
          -1.5109,
          -2.1438
        ],
        "drop_at_bar_pct": 2.908848299648269,
        "drop_at_floor_pct": 2.886539386742608,
        "gap_bar_minus_floor": 0.6492141758920973,
        "is_flat": false,
        "is_nls": false,
        "reachable_at_full_recovery": true,
        "sigma_check": 0.041689980762995564,
        "weighted_deficit_pct": 2.9017499975854197
      },
      {
        "bar": 0.9845261561539396,
        "c": -1.2,
        "delta_d_pct": [
          5.1763,
          2.2193,
          1.0607,
          -0.5169,
          -0.808,
          -1.21,
          -1.7525
        ],
        "drop_at_bar_pct": 2.6287733146081242,
        "drop_at_floor_pct": 2.589775726893843,
        "gap_bar_minus_floor": 0.642661439517743,
        "is_flat": false,
        "is_nls": false,
        "reachable_at_full_recovery": true,
        "sigma_check": 0.04168998076299557,
        "weighted_deficit_pct": 2.625367840763334
      },
      {
        "bar": 0.9779783323491393,
        "c": -1.0,
        "delta_d_pct": [
          4.4129,
          1.9487,
          0.9832,
          -0.3315,
          -0.5741,
          -0.909,
          -1.3611
        ],
        "drop_at_bar_pct": 2.3488724300882295,
        "drop_at_floor_pct": 2.2934646675451646,
        "gap_bar_minus_floor": 0.6361136157129428,
        "is_flat": false,
        "is_nls": true,
        "reachable_at_full_recovery": true,
        "sigma_check": 0.04168998076299557,
        "weighted_deficit_pct": 2.348985683941248
      },
      {
        "bar": 0.961628275009792,
        "c": -0.5,
        "delta_d_pct": [
          2.5042,
          1.2721,
          0.7894,
          0.132,
          0.0107,
          -0.1567,
          -0.3828
        ],
        "drop_at_bar_pct": 1.6498146672529135,
        "drop_at_floor_pct": 1.5546295248065083,
        "gap_bar_minus_floor": 0.6197635583735954,
        "is_flat": false,
        "is_nls": false,
        "reachable_at_full_recovery": true,
        "sigma_check": 0.04168998076299557,
        "weighted_deficit_pct": 1.6580302918860343
      },
      {
        "bar": 0.9453023711509982,
        "c": 0.0,
        "delta_d_pct": [
          0.5956,
          0.5956,
          0.5956,
          0.5956,
          0.5956,
          0.5956,
          0.5956
        ],
        "drop_at_bar_pct": 0.9516238039565257,
        "drop_at_floor_pct": 0.8184982090631232,
        "gap_bar_minus_floor": 0.6034376545148017,
        "is_flat": true,
        "is_nls": false,
        "reachable_at_full_recovery": true,
        "sigma_check": 0.04168998076299557,
        "weighted_deficit_pct": 0.9670748998308207
      },
      {
        "bar": 0.9289961124045916,
        "c": 0.5,
        "delta_d_pct": [
          -1.3131,
          -0.081,
          0.4018,
          1.0591,
          1.1804,
          1.3479,
          1.5739
        ],
        "drop_at_bar_pct": 0.2541477481542041,
        "drop_at_floor_pct": 0.08498249105184882,
        "gap_bar_minus_floor": 0.587131395768395,
        "is_flat": false,
        "is_nls": false,
        "reachable_at_full_recovery": true,
        "sigma_check": 0.04168998076299557,
        "weighted_deficit_pct": 0.2761195077756071
      },
      {
        "bar": 0.9127051338307572,
        "c": 1.0,
        "delta_d_pct": [
          -3.2217,
          -0.7576,
          0.208,
          1.5227,
          1.7652,
          2.1002,
          2.5523
        ],
        "drop_at_bar_pct": -0.44276051044547915,
        "drop_at_floor_pct": -0.6460049536887595,
        "gap_bar_minus_floor": 0.5708404171945607,
        "is_flat": false,
        "is_nls": false,
        "reachable_at_full_recovery": true,
        "sigma_check": 0.04168998076299557,
        "weighted_deficit_pct": -0.4148358842796065
      },
      {
        "bar": 0.8964252099191063,
        "c": 1.5,
        "delta_d_pct": [
          -5.1304,
          -1.4341,
          0.0142,
          1.9862,
          2.35,
          2.8525,
          3.5306
        ],
        "drop_at_bar_pct": -1.1392429653479614,
        "drop_at_floor_pct": -1.3745505169006413,
        "gap_bar_minus_floor": 0.5545604932829098,
        "is_flat": false,
        "is_nls": false,
        "reachable_at_full_recovery": true,
        "sigma_check": 0.04168998076299557,
        "weighted_deficit_pct": -1.1057912763348203
      },
      {
        "bar": 0.8801522508446802,
        "c": 2.0,
        "delta_d_pct": [
          -7.039,
          -2.1107,
          -0.1796,
          2.4498,
          2.9349,
          3.6048,
          4.5089
        ],
        "drop_at_bar_pct": -1.835436655573501,
        "drop_at_floor_pct": -2.1007396313678055,
        "gap_bar_minus_floor": 0.5382875342084836,
        "is_flat": false,
        "is_nls": false,
        "reachable_at_full_recovery": true,
        "sigma_check": 0.04168998076299557,
        "weighted_deficit_pct": -1.7967466683900344
      }
    ],
    "central_bar_measured_nls": 0.9779783323491393,
    "colog_deficit_shape_spec": {
      "addendum_to": "denken #197 liveprobe recovery-\u03bb ladder (same q[2..9] probe)",
      "adverse_slice_definition": "the worst-drafted private content (NLS analogue): non-Latin-script / hardest-to-draft tokens \u2014 the slice whose per-rung deficit shape sets the binding bar.",
      "colog_n_rungs": 9,
      "depths": [
        1,
        2,
        3,
        4,
        5,
        6,
        7,
        8,
        9
      ],
      "fern_selection_rule": "fern #185 computes \u03a3_d w_d\u00b7\u03b4_d from the measured \u03b4_d; if \u03a3 w\u00b7\u03b4 \u2264 2.349pp (shape no more shallow-adverse than NLS) the bar \u2264 0.9780 \u2014 use 0.9780; if \u03a3 w\u00b7\u03b4 > 2.349pp the bar exceeds 0.978 toward unreachable (stronger NO-GO).",
      "framing": "ADDENDUM, not a competing probe: alongside denken #197's per-rung recovery \u03bb\u0302_d, land #71 co-logs the per-rung accepted-token quality on the ADVERSE (hardest-to-draft) slice so the deficit SHAPE is READ, not assumed. denken reads \u03bb_d; stark reads \u03b4_d; both ride the same q[2..9] measurement.",
      "quantities_per_rung": {
        "derived_delta_d": "\u03b4_d = 1 \u2212 q_adv[d]/q_pub[d]  (the measured per-rung deficit)",
        "q_adv_d": "adverse-slice conditional accepted-token quality at depth d",
        "q_pub_d": "public/pooled conditional accepted-token quality at depth d (baseline)"
      },