{
  "runner": "paired_tps_ab",
  "pr": 82,
  "metric": "wall_tps",
  "baseline": {
    "submission": "fa2sw_precache_kenyan",
    "label": "baseline",
    "override_env": {},
    "describe": "fa2sw_precache_kenyan"
  },
  "candidate": {
    "submission": "fa2sw_precache_kenyan",
    "label": "mtp_k9",
    "override_env": {
      "SPECULATIVE_CONFIG": "{\"method\":\"mtp\",\"model\":\"/tmp/qat-assistant\",\"num_speculative_tokens\":9}"
    },
    "describe": "fa2sw_precache_kenyan[SPECULATIVE_CONFIG={\"method\":\"mtp\",\"model\":\"/tmp/qat-assistant\",\"num_speculative_tokens\":9}]"
  },
  "n": 3,
  "workload": {
    "num_prompts": 128,
    "output_len": 512,
    "seed": 1
  },
  "reused_baseline_from": "research/walltps_ab/mtp_k6/paired_ab.json",
  "elapsed_s": 752.9992697238922,
  "git": {
    "git_commit": "bd2f8d639a307096ec109a1e9cbc39531a30914a",
    "git_branch": "lawine/mtp-k-sweep-wall-tps",
    "git_dirty": true
  },
  "arms": {
    "baseline": {
      "n": 3,
      "wall_tps": {
        "n": 3,
        "mean": 454.338292688571,
        "std": 0.0046202652150890595,
        "cv_pct": 0.0010169218156251796,
        "min": 454.3336404857965,
        "max": 454.3428803397955,
        "range_pct": 0.00203369474854136,
        "median": 454.33835724012107,
        "p25": 454.3336404857965,
        "p75": 454.33835724012107,
        "values": [
          454.3336404857965,
          454.3428803397955,
          454.33835724012107
        ]
      },
      "steady_gen_tps_mean": {
        "n": 3,
        "mean": 449.04761904761904,
        "std": 0.8910076081735246,
        "cv_pct": 0.1984216306643056,
        "min": 448.05,
        "max": 449.7642857142857,
        "range_pct": 0.381760339342513,
        "median": 449.3285714285715,
        "p25": 448.05,
        "p75": 449.3285714285715,
        "values": [
          449.7642857142857,
          448.05,
          449.3285714285715
        ]
      },
      "e_accept_exact": {
        "n": 3,
        "mean": 3.8555128617661034,
        "std": 0.0017176043127429225,
        "cv_pct": 0.04454930833653439,
        "min": 3.8541450619166717,
        "max": 3.8574405491542043,
        "range_pct": 0.08547467887379889,
        "median": 3.8549529742274338,
        "p25": 3.8541450619166717,
        "p75": 3.8549529742274338,
        "values": [
          3.8541450619166717,
          3.8574405491542043,
          3.8549529742274338
        ]
      },
      "server_ready_s": {
        "n": 3,
        "mean": 90.01661817232768,
        "std": 0.002698459904859932,
        "cv_pct": 0.002997735262275688,
        "min": 90.01372766494751,
        "max": 90.01907110214233,
        "range_pct": 0.005936056367497333,
        "median": 90.01705574989319,
        "p25": 90.01372766494751,
        "p75": 90.01705574989319,
        "values": [
          90.01907110214233,
          90.01372766494751,
          90.01705574989319
        ]
      },
      "records": [
        {
          "run_idx": 0,
          "t_start_utc": "2026-06-14T04:14:32.452986+00:00",
          "seed": 1,
          "num_prompts": 128,
          "output_len": 512,
          "num_completion_tokens": 65536,
          "decode_duration_s": 144.24641752243042,
          "wall_around_decode_s": 152.45455861091614,
          "wall_tps": 454.3336404857965,
          "steady_gen_tps_mean": 449.7642857142857,
          "steady_gen_tps_mean_nonzero": 449.7642857142857,
          "steady_gen_tps_n": 14,
          "gen_tps_series": [
            332.7,
            460.7,
            442.9,
            442.1,
            471.3,
            471.2,
            450.5,
            499.5,
            445.0,
            451.4,
            460.6,
            449.8,
            471.5,
            447.5
          ],
          "e_accept_exact": 3.8541450619166717,
          "e_accept_interval_mean": 3.8521428571428573,
          "num_speculative_tokens": 7,
          "total_accepted_tokens": 46788,
          "total_drafted_tokens": 114751,
          "intervals": 14,
          "clock": {
            "n_samples": 620,
            "n_load_samples": 577,
            "sm_clock_mhz": {
              "mean": 1710.0,
              "min": 1710.0,
              "max": 1710.0
            },
            "sm_clock_mhz_load": {
              "mean": 1710.0,
              "min": 1710.0,
              "max": 1710.0
            },
            "mem_clock_mhz_load": {
              "mean": 6251.0,
              "min": 6251.0,
              "max": 6251.0
            },
            "temp_c": {
              "mean": 51.84193548387097,
              "min": 35.0,
              "max": 57.0
            },
            "power_w_load": {
              "mean": 166.49190641247833,
              "min": 61.16,
              "max": 184.79
            },
            "util_pct": {
              "mean": 92.39193548387097,
              "min": 0.0,
              "max": 100.0
            }
          },
          "log_offset_start": 0,
          "server_ready_s": 90.01907110214233,
          "arm": "baseline",
          "submission": "fa2sw_precache_kenyan",
          "override_env": {}
        },
        {
          "run_idx": 1,
          "t_start_utc": "2026-06-14T04:18:38.957604+00:00",
          "seed": 1,
          "num_prompts": 128,
          "output_len": 512,
          "num_completion_tokens": 65536,
          "decode_duration_s": 144.24348402023315,
          "wall_around_decode_s": 152.35514998435974,
          "wall_tps": 454.3428803397955,
          "steady_gen_tps_mean": 448.05,
          "steady_gen_tps_mean_nonzero": 448.05,
          "steady_gen_tps_n": 14,
          "gen_tps_series": [
            307.2,
            462.4,
            443.5,
            445.6,
            456.1,
            483.0,
            445.9,
            502.5,
            447.0,
            446.2,
            461.9,
            433.3,
            482.7,
            455.4
          ],
          "e_accept_exact": 3.8574405491542043,
          "e_accept_interval_mean": 3.855,
          "num_speculative_tokens": 7,
          "total_accepted_tokens": 46622,
          "total_drafted_tokens": 114212,
          "intervals": 14,
          "clock": {
            "n_samples": 620,
            "n_load_samples": 577,
            "sm_clock_mhz": {
              "mean": 1710.0,
              "min": 1710.0,
              "max": 1710.0
            },
            "sm_clock_mhz_load": {
              "mean": 1710.0,
              "min": 1710.0,
              "max": 1710.0
            },
            "mem_clock_mhz_load": {
              "mean": 6251.0,
              "min": 6251.0,
              "max": 6251.0
            },
            "temp_c": {
              "mean": 52.791935483870965,
              "min": 38.0,
              "max": 57.0
            },
            "power_w_load": {
              "mean": 166.4717677642981,
              "min": 60.28,
              "max": 185.92
            },
            "util_pct": {
              "mean": 92.40645161290323,
              "min": 0.0,
              "max": 100.0
            }
          },
          "log_offset_start": 0,
          "server_ready_s": 90.01372766494751,
          "arm": "baseline",
          "submission": "fa2sw_precache_kenyan",
          "override_env": {}
        },
        {
          "run_idx": 2,
          "t_start_utc": "2026-06-14T04:22:45.266005+00:00",
          "seed": 1,
          "num_prompts": 128,
          "output_len": 512,
          "num_completion_tokens": 65536,
          "decode_duration_s": 144.24492001533508,
          "wall_around_decode_s": 152.40466403961182,
          "wall_tps": 454.33835724012107,
          "steady_gen_tps_mean": 449.3285714285715,
          "steady_gen_tps_mean_nonzero": 449.3285714285715,
          "steady_gen_tps_n": 14,