{
  "anchors": {
    "ship": 375.857,
    "sigma_hw": 4.864,
    "floor_free": 311.25,
    "baseline": 481.53,
    "nospec_anchor_cited": 252.69
  },
  "nospec_tps_per_stratum": {
    "easy": 83.54667144329026,
    "mix": 83.72173358290073,
    "hard": 85.0420739781338
  },
  "drafters": {
    "mtp": {
      "tps_per_stratum": {
        "easy": 185.12136658366114,
        "mix": 250.30245560549952,
        "hard": 309.9261922170867
      },
      "accept_per_stratum": {
        "easy": 0.25662668203288586,
        "mix": 0.40038377555746707,
        "hard": 0.5092937785886148
      },
      "mean_accept_len_per_stratum": {
        "easy": 2.796386774230201,
        "mix": 3.8026864289022697,
        "hard": 4.565056450120304
      },
      "decode_only_tps_per_stratum": {
        "easy": 201.0876694511488,
        "mix": 280.4057790676623,
        "hard": 357.4405009684243
      },
      "decode_only_tps_worstcase": 201.0876694511488,
      "decode_only_tps_worstcase_official": 211.3304109632604,
      "speedup_per_stratum": {
        "easy": 0.7326026616948085,
        "mix": 0.9905514884067416,
        "hard": 1.2265075476555727
      },
      "amort_vs_eager_per_stratum": {
        "easy": 2.2157838653011765,
        "mix": 2.989695087448848,
        "hard": 3.6443865691325397
      },
      "tps_worstcase": 185.12136658366114,
      "tps_median": 250.30245560549952,
      "tps_max": 309.9261922170867,
      "tps_mean": 248.45000480208242,
      "tps_worstcase_official": 194.55083737846755,
      "tps_mean_official": 261.1052271974508,
      "tps_mean_minus_worstcase": 63.328638218421275,
      "accept_min": 0.25662668203288586,
      "accept_median": 0.40038377555746707,
      "accept_max": 0.5092937785886148,
      "worst_stratum": "easy",
      "worst_accept_stratum": "easy",
      "hardreasoning_accept_vs_easy_ratio": 1.9845706399436303,
      "per_pos_accept_hard": {
        "0": 0.7888210253562835,
        "1": 0.657042383860818,
        "2": 0.5521006848047381,
        "3": 0.48065889320747734,
        "4": 0.4127336664815843,
        "5": 0.3575791227096058,
        "6": 0.3161206736997964
      },
      "per_pos_accept_easy": {
        "0": 0.6106124304056357,
        "1": 0.3926826496988979,
        "2": 0.26542438359277354,
        "3": 0.18838768321781615,
        "4": 0.1439609135325531,
        "5": 0.11169185319850017,
        "6": 0.08362686058402455
      },
      "worstcase_clears_ship_local": false,
      "mean_clears_ship_local": false,
      "worstcase_clears_ship": false,
      "worstcase_minus_ship": -181.30616262153248,
      "mean_clears_ship": false,
      "mean_minus_sigma_clears_ship": false
    },
    "ngram": {
      "tps_per_stratum": {
        "easy": 87.08550109971121,
        "mix": 91.6738945451313,
        "hard": 104.8492590102108
      },
      "accept_per_stratum": {
        "easy": 0.1853673024882846,
        "mix": 0.19227295241980127,
        "hard": 0.20159614658103514
      },
      "mean_accept_len_per_stratum": {
        "easy": 2.2865322950068716,
        "mix": 2.3396264717823794,
        "hard": 2.3941868060091442
      },
      "decode_only_tps_per_stratum": {
        "easy": 90.4644867992323,
        "mix": 95.42599766456419,
        "hard": 109.78640898986438
      },
      "decode_only_tps_worstcase": 90.4644867992323,
      "decode_only_tps_worstcase_official": 95.07244887288631,
      "speedup_per_stratum": {
        "easy": 0.34463374529942303,
        "mix": 0.3627919369390609,
        "hard": 0.41493236380628756
      },
      "amort_vs_eager_per_stratum": {
        "easy": 1.0423575182025417,
        "mix": 1.094983233408042,
        "hard": 1.2329104184026587
      },
      "tps_worstcase": 87.08550109971121,
      "tps_median": 91.6738945451313,
      "tps_max": 104.8492590102108,
      "tps_mean": 94.53621821835111,
      "tps_worstcase_official": 91.52134880559827,
      "tps_mean_official": 99.35158083797897,
      "tps_mean_minus_worstcase": 7.450717118639901,
      "accept_min": 0.1853673024882846,
      "accept_median": 0.19227295241980127,
      "accept_max": 0.20159614658103514,
      "worst_stratum": "easy",
      "worst_accept_stratum": "easy",
      "hardreasoning_accept_vs_easy_ratio": 1.087549658838976,
      "per_pos_accept_hard": {
        "0": 0.5044088830829523,
        "1": 0.2996407576747224,
        "2": 0.20411495754408884,
        "3": 0.1376551273677335,
        "4": 0.10646636185499674,
        "5": 0.07838014369693011,
        "6": 0.06352057478772044
      },
      "per_pos_accept_easy": {
        "0": 0.4864864864864865,
        "1": 0.24828218048557033,
        "2": 0.17475950526797984,
        "3": 0.13078332569857995,
        "4": 0.09688502061383417,
        "5": 0.08131012368300504,
        "6": 0.06802565277141548
      },
      "worstcase_clears_ship_local": false,
      "mean_clears_ship_local": false,
      "worstcase_clears_ship": false,
      "worstcase_minus_ship": -284.33565119440175,
      "mean_clears_ship": false,
      "mean_minus_sigma_clears_ship": false
    }
  },
  "self_det": 0.875,
  "self_det_detail": {
    "stratum": "easy",
    "sequences": 16,
    "sequences_identical": 14,
    "self_det": 0.875
  },
  "key_outputs": {
    "specdec_mtp_tps_worstcase": 185.12136658366114,
    "specdec_mtp_tps_worstcase_official": 194.55083737846755,
    "specdec_mtp_decode_only_tps_worstcase": 201.0876694511488,
    "specdec_mtp_decode_only_tps_worstcase_official": 211.3304109632604,
    "specdec_ngram_tps_worstcase": 87.08550109971121,
    "specdec_ngram_tps_worstcase_official": 91.52134880559827,
    "specdec_mtp_accept_min": 0.25662668203288586,
    "specdec_mtp_accept_median": 0.40038377555746707,
    "specdec_mtp_accept_max": 0.5092937785886148,
    "specdec_tps_mean_minus_worstcase": 63.328638218421275,
    "specdec_worstcase_clears_ship": false,
    "specdec_mean_clears_ship": false,
    "specdec_hardreasoning_accept_vs_easy_ratio": 1.9845706399436303,
    "worst_stratum": "easy",
    "ship_bar_official": 375.857,
    "ship_bar_local": 357.64,
    "sigma_hw": 4.864,
    "self_det": 0.875,
    "analysis_only": true,
    "official_tps": 0
  },
  "wandb_run_id": "q5631wt0"
}