{
  "schema": "int4_head_strict_identity_v1",
  "pr": 556,
  "agent": "land",
  "analysis_only": true,
  "official_tps": 0,
  "no_hf_job": true,
  "no_submission": true,
  "no_served_file_change": true,
  "wandb_group": "int4-head-strict-identity",
  "created_at": "20260617T054735Z",
  "int4_head_argmax_flip_rate_heldout": 0.0002864989824346486,
  "int4_head_argmax_flip_rate_ood": 0.00021326508850501172,
  "int4_head_is_319_strict": false,
  "strict_safe_head_ceiling_tps": 252.31,
  "strict_safe_head_lever_exists": false,
  "strict_safe_head_precision": "bf16",
  "int4_flip_is_near_tie_concentrated": false,
  "int4_g128_flip_rate_heldout": 0.0004939637628183596,
  "int4_g128_flip_rate_ood": 0.00042653017701002344,
  "int4_perrow_flip_rate_heldout": 0.0006223943411511331,
  "int4_perrow_flip_rate_ood": 0.000746427809767541,
  "fp8_e4m3_flip_rate_heldout": 3.9517101025468774e-05,
  "fp8_e4m3_flip_rate_ood": 0.00010663254425250586,
  "fern_int4_g128_ref": 0.0212,
  "fern_int4_perrow_ref": 0.0311,
  "fern_fp8_e4m3_ref": 0.0064,
  "stage3_locus_g128": {
    "n_positions": 101222,
    "n_flips": 50,
    "flip_rate": 0.0004939637628183596,
    "flip_margin_percentiles": {
      "p0": 0.008620262145996094,
      "p50": 0.15962600708007812,
      "p90": 0.40957031250000003,
      "p99": 0.8070366001129147,
      "p100": 0.9083337783813477
    },
    "nonflip_margin_percentiles": {
      "p0": 0.0056705474853515625,
      "p50": 8.580430030822754,
      "p90": 14.533144187927249,
      "p99": 18.447077178955077,
      "p100": 23.732789993286133
    },
    "flip_margin_mean": 0.2037341594696045,
    "nonflip_margin_mean": 9.670092657769894,
    "flip_margin_median": 0.15962600708007812,
    "near_tie_verify_recoverability": {
      "0.02": {
        "verify_frac_of_positions": 5.9275651538203154e-05,
        "flips_caught_frac": 0.06
      },
      "0.05": {
        "verify_frac_of_positions": 0.00018770622987097666,
        "flips_caught_frac": 0.2
      },
      "0.1": {
        "verify_frac_of_positions": 0.0003655331844855861,
        "flips_caught_frac": 0.32
      },
      "0.2": {
        "verify_frac_of_positions": 0.0006619114421766019,
        "flips_caught_frac": 0.58
      },
      "0.5": {
        "verify_frac_of_positions": 0.0017782695461460948,
        "flips_caught_frac": 0.96
      }
    },
    "int4_flip_is_near_tie_concentrated": false,
    "flip_caught_at_margin_0.05": 0.2,
    "verify_frac_at_margin_0.05": 0.00018770622987097666
  },
  "self_det": true,
  "primary_metric": {
    "name": "strict_safe_head_ceiling_tps",
    "value": 252.31
  },
  "lawine_floor_tps": 252.30599912117162,
  "lawine_int4_ceiling_tps": 292.1,
  "lawine_int4_recover_tps": 38.3,
  "lawine_fp8_recover_tps": 24.5,
  "sigma_hw": 4.864,
  "flip_rate": {
    "int4_g32": {
      "heldout": 0.0002864989824346486,
      "ood": 0.00021326508850501172,
      "official": 0.011234562161994638
    },
    "int4_g128": {
      "heldout": 0.0004939637628183596,
      "ood": 0.00042653017701002344,
      "official": 0.013837881394015464
    },
    "int4_perrow": {
      "heldout": 0.0006223943411511331,
      "ood": 0.000746427809767541,
      "official": 0.01840918599786156
    },
    "fp8_e4m3": {
      "heldout": 3.9517101025468774e-05,
      "ood": 0.00010663254425250586,
      "official": 0.0032851409356453288
    },
    "int8": {
      "heldout": 2.9637825769101577e-05,
      "ood": 0.0,
      "official": 0.0012706677203911177
    }
  },
  "flip_counts": {
    "int4_g32": {
      "heldout": 29,
      "ood": 2,
      "official": 725
    },
    "int4_g128": {
      "heldout": 50,
      "ood": 4,
      "official": 893
    },
    "int4_perrow": {
      "heldout": 63,
      "ood": 7,
      "official": 1188
    },
    "fp8_e4m3": {
      "heldout": 4,
      "ood": 1,
      "official": 212
    },
    "int8": {
      "heldout": 3,
      "ood": 0,
      "official": 82
    }
  },
  "corpora_positions": {
    "heldout": 101222,
    "ood": 9378,
    "official": 64533
  },
  "ref_reproduction_rate": {
    "heldout": 0.999871551990509,
    "ood": 0.9998933672904968,
    "official": 0.994483470916748
  },
  "int4_tps_if_safe": 290.63,
  "fp8_tps_if_safe": 276.52,
  "int8_tps_if_safe": 276.52,
  "bf16_floor_tps": 252.31,
  "stage3_locus": {
    "n_positions": 101222,
    "n_flips": 29,
    "flip_rate": 0.0002864989824346486,
    "flip_margin_percentiles": {
      "p0": 0.006961822509765625,
      "p50": 0.12161827087402344,
      "p90": 0.36557006835937494,
      "p99": 0.46797500610351556,
      "p100": 0.48593616485595703
    },
    "nonflip_margin_percentiles": {
      "p0": 0.0056705474853515625,
      "p50": 8.579959869384766,
      "p90": 14.53241195678711,
      "p99": 18.447045135498048,
      "p100": 23.732789993286133
    },
    "flip_margin_mean": 0.15878549115411167,
    "nonflip_margin_mean": 9.668141040394353,
    "flip_margin_median": 0.12161827087402344,
    "near_tie_verify_recoverability": {
      "0.02": {
        "verify_frac_of_positions": 5.9275651538203154e-05,
        "flips_caught_frac": 0.10344827586206896
      },
      "0.05": {
        "verify_frac_of_positions": 0.00018770622987097666,
        "flips_caught_frac": 0.2413793103448276
      },
      "0.1": {
        "verify_frac_of_positions": 0.0003655331844855861,
        "flips_caught_frac": 0.4482758620689655
      },
      "0.2": {
        "verify_frac_of_positions": 0.0006619114421766019,
        "flips_caught_frac": 0.7586206896551724
      },
      "0.5": {
        "verify_frac_of_positions": 0.0017782695461460948,
        "flips_caught_frac": 1.0
      }
    },
    "int4_flip_is_near_tie_concentrated": false,
    "flip_caught_at_margin_0.05": 0.2413793103448276,
    "verify_frac_at_margin_0.05": 0.00018770622987097666
  },
  "peak_gpu_gib": 16.73,
  "peak_mem_mib": 16213.5,
  "elapsed_s": 3153.5,
  "verdict": "Q (PR #556): is lawine #544's int4-HEAD +38 byte-exact under strict #319, or is the strict-safe head ceiling below 292? MEASURED: int4_head_argmax_flip_rate_heldout=0.00029 (29/101222), _ood=0.00021. int4_head_is_319_strict=False. int4 head (deployed g32) FLIPS the greedy argmax -> 292.1 is NOT strict-#319-legal via a PLAIN precision swap. Corrected strict_safe_head_ceiling_tps=252.31 via precision='bf16'; strict_safe_head_lever_exists=False. NO plain head precision is both byte-exact AND faster than bf16 -> the strict-safe ship has NO plain-precision head lever and is HARD-CAPPED at the bf16 floor 252.31; the program's headline '~292' is reachable ONLY via fern #549's candidate-verify, never a plain precision swap. fern cross-check (MY corpus): int4_g128 held=0.0005/ood=0.0004 (fern stream 0.0212), int4_perrow held=0.0006 (fern 0.0311), fp8_e4m3 held=0.0000/ood=0.0001 (fern 0.0064). Stage-3 locus (deployed g32): int4_flip_is_near_tie_concentrated=False (catch 0.24 of flips by verifying 0.00 of positions at margin<0.05) -> feeds fern #549's candidate-verify K_safe. "
}