{
  "mmlu": {
    "base_acc": 0.668,
    "ship_acc": 0.274,
    "delta": -0.394,
    "frac_base_retained": 0.4101796407185629,
    "ship_ci95": [
      0.23490559021036386,
      0.3130944097896362
    ],
    "dixie_substrate_anchor": 0.33,
    "ship_reproduces_substrate_anchor": false,
    "dixie_base_anchor": 0.668,
    "n_common": 500,
    "base_only_correct": 212,
    "ship_only_correct": 15,
    "answer_agreement": 0.352,
    "base_trunc": {
      "n": 500,
      "trunc": 43,
      "trunc_frac": 0.086
    },
    "ship_trunc": {
      "n": 500,
      "trunc": 130,
      "trunc_frac": 0.26
    },
    "base_empty": {
      "n": 500,
      "empty": 42,
      "empty_frac": 0.084
    },
    "ship_empty": {
      "n": 500,
      "empty": 130,
      "empty_frac": 0.26
    }
  },
  "gpqa": {
    "base_acc": 0.4444444444444444,
    "ship_acc": 0.23232323232323232,
    "delta": -0.2121212121212121,
    "frac_base_retained": 0.5227272727272727,
    "ship_ci95": [
      0.17349863055319167,
      0.29114783409327294
    ],
    "dixie_substrate_anchor": 0.283,
    "ship_reproduces_substrate_anchor": true,
    "dixie_base_anchor": 0.47,
    "n_common": 198,
    "base_only_correct": 58,
    "ship_only_correct": 16,
    "answer_agreement": 0.3282828282828283,
    "base_trunc": {
      "n": 197,
      "trunc": 39,
      "trunc_frac": 0.19796954314720813
    },
    "ship_trunc": {
      "n": 197,
      "trunc": 24,
      "trunc_frac": 0.1218274111675127
    },
    "base_empty": {
      "n": 198,
      "empty": 40,
      "empty_frac": 0.20202020202020202
    },
    "ship_empty": {
      "n": 198,
      "empty": 26,
      "empty_frac": 0.13131313131313133
    }
  }
}