{
  "pr": 250,
  "student": "ubel",
  "primary_metric_name": "ngram_draft_matchrate_self_test_passes",
  "ngram_draft_matchrate_self_test_passes": 1,
  "test_metric_name": "e_t_ngram_hybrid",
  "e_t_ngram_hybrid": 4.214300673273951,
  "ngram_hit_rate": 0.4696807861328125,
  "ngram_conditional_correct_rate": 0.5579740749163445,
  "e_t_ngram_pld": 1.3703006732739513,
  "e_t_ngram_ceiling": 1.3703006732739513,
  "verdict": "RED",
  "verdict_label": "no exploitable structure: n-gram-only E[T] < 2 even at the optimistic ceiling; max stacking gain <= 0.370 tok/step on top of the trained draft -> cannot move TPS. Clean NEGATIVE (valid terminal result).",
  "dataset": {
    "ref": "research/greedy_reference/google__gemma-4-E4B-it/decode_outputs.jsonl",
    "n_records": 128,
    "categories": {
      "mmlu_pro": 57,
      "gpqa_diamond": 57,
      "aime2026": 14
    },
    "total_decode_positions": 65536,
    "headline_key_len": 2,
    "headline_span_D": 7
  },
  "pld_self": {
    "by_k": {
      "2": {
        "hit_rate": 0.4696807861328125,
        "correct_rate": 0.5579740749163445,
        "hit_x_correct": 0.2620697021484375,
        "et": {
          "1": 1.1949093826350143,
          "2": 1.2729886173808322,
          "4": 1.3379062551037073,
          "7": 1.3703006732739513,
          "16": 1.3912157428832232
        }
      },
      "3": {
        "hit_rate": 0.3186492919921875,
        "correct_rate": 0.6542642340659867,
        "hit_x_correct": 0.2084808349609375,
        "et": {
          "1": 1.141185484432681,
          "2": 1.1940167981489243,
          "4": 1.23757907657445,
          "7": 1.2592663758814826,
          "16": 1.273458601325224
        }
      },
      "4": {
        "hit_rate": 0.23162841796875,
        "correct_rate": 0.7167325428194994,
        "hit_x_correct": 0.166015625,
        "et": {
          "1": 1.1052720342699092,
          "2": 1.14403421489046,
          "4": 1.174290884982709,
          "7": 1.1903948850219783,
          "16": 1.2010189308556454
        }
      },
      "5": {
        "hit_rate": 0.1767425537109375,
        "correct_rate": 0.7586980920314254,
        "hit_x_correct": 0.13409423828125,
        "et": {
          "1": 1.0815949300237655,
          "2": 1.1103280021686093,
          "4": 1.1334290309749053,
          "7": 1.146175102312078,
          "16": 1.1543922072889328
        }
      }
    },
    "headline": {
      "best_k": 2,
      "hit_rate": 0.4696807861328125,
      "correct_rate": 0.5579740749163445,
      "e_t_ngram": 1.3703006732739513,
      "e_t_ngram_by_D": {
        "1": 1.1949093826350143,
        "2": 1.2729886173808322,
        "4": 1.3379062551037073,
        "7": 1.3703006732739513,
        "16": 1.3912157428832232
      }
    }
  },
  "rest_prompt": {
    "by_k": {
      "2": {
        "hit_rate": 0.3705596923828125,
        "correct_rate": 0.264319538809965,
        "hit_x_correct": 0.0979461669921875,
        "et": {
          "1": 1.074360655737705,
          "2": 1.09336002669336,
          "4": 1.1034111189682458,
          "7": 1.107083129212629,
          "16": 1.1082251082251082
        }
      },
      "3": {
        "hit_rate": 0.1607666015625,
        "correct_rate": 0.47057706909643127,
        "hit_x_correct": 0.075653076171875,
        "et": {
          "1": 1.0493819253186447,
          "2": 1.0640688423445364,
          "4": 1.0741845599082118,
          "7": 1.0787286224548582,
          "16": 1.0811845252825207
        }
      },
      "4": {
        "hit_rate": 0.0945587158203125,
        "correct_rate": 0.6520897208326609,
        "hit_x_correct": 0.0616607666015625,
        "et": {
          "1": 1.0366831706661184,
          "2": 1.0486934536668107,
          "4": 1.0577317258186865,
          "7": 1.0620168857054886,
          "16": 1.0648641622253998
        }
      },
      "5": {
        "hit_rate": 0.0673370361328125,
        "correct_rate": 0.7650124631769771,
        "hit_x_correct": 0.051513671875,
        "et": {
          "1": 1.0294367126386228,
          "2": 1.0389511564863108,
          "4": 1.0468173468572797,
          "7": 1.0506605104527382,
          "16": 1.0533286187276993
        }
      }
    },
    "headline": {
      "best_k": 2,
      "hit_rate": 0.3705596923828125,
      "correct_rate": 0.264319538809965,
      "e_t_ngram": 1.107083129212629,
      "e_t_ngram_by_D": {
        "1": 1.074360655737705,
        "2": 1.09336002669336,
        "4": 1.1034111189682458,
        "7": 1.107083129212629,
        "16": 1.1082251082251082
      }
    }
  },
  "rest_loo": {
    "by_k": {
      "2": {
        "hit_rate": 0.682891845703125,
        "correct_rate": 0.3629843142512401,
        "hit_x_correct": 0.2478790283203125,
        "et": {
          "1": 1.2099996307374175,
          "2": 1.2755902446620082,
          "4": 1.3136099418721188,
          "7": 1.3238258761741237,
          "16": 1.327365159095052
        }
      },
      "3": {
        "hit_rate": 0.426727294921875,
        "correct_rate": 0.4573768147035686,
        "hit_x_correct": 0.1951751708984375,
        "et": {
          "1": 1.1473791099128121,
          "2": 1.1958469426856193,
          "4": 1.2251780673384307,
          "7": 1.2363416842740718,
          "16": 1.240577734870426
        }
      },
      "4": {
        "hit_rate": 0.2629241943359375,
        "correct_rate": 0.5481980152051535,
        "hit_x_correct": 0.144134521484375,
        "et": {
          "1": 1.099541969363958,
          "2": 1.1313940440224428,
          "4": 1.1528488750505743,
          "7": 1.1617386371693965,
          "16": 1.1664738444013314
        }
      },
      "5": {
        "hit_rate": 0.1731109619140625,
        "correct_rate": 0.6175407668576466,
        "hit_x_correct": 0.106903076171875,
        "et": {
          "1": 1.0689981404756468,
          "2": 1.0902315677402183,
          "4": 1.106615784674614,
          "7": 1.113667646609003,
          "16": 1.117789527545625
        }
      }
    },
    "headline": {
      "best_k": 2,
      "hit_rate": 0.682891845703125,
      "correct_rate": 0.3629843142512401,
      "e_t_ngram": 1.3238258761741237,
      "e_t_ngram_by_D": {
        "1": 1.2099996307374175,
        "2": 1.2755902446620082,
        "4": 1.3136099418721188,
        "7": 1.3238258761741237,
        "16": 1.327365159095052
      }
    }
  },
  "per_category_pld": {
    "mmlu_pro": {
      "hit_rate": 0.4642612390350877,
      "correct_rate": 0.5713336777621965,
      "et": 1.374982332155477,
      "n_records": 57
    },
    "gpqa_diamond": {
      "hit_rate": 0.44801946271929827,
      "correct_rate": 0.5549521988527725,
      "et": 1.3442653155228006,
      "n_records": 57
    },
    "aime2026": {
      "hit_rate": 0.5799386160714286,
      "correct_rate": 0.523935530430599,
      "et": 1.4655489674913105,
      "n_records": 14
    }
  },
  "hybrid_bound": {
    "vs_linear_mtp_k7": {
      "trained_et": 3.844,
      "e_t_ngram_hybrid_upper_pld": 4.214300673273951,
      "e_t_ngram_hybrid_upper_ceiling": 4.214300673273951
    },
    "vs_tree": {
      "trained_et": 5.066,
      "e_t_ngram_hybrid_upper_pld": 5.436300673273951,
      "e_t_ngram_hybrid_upper_ceiling": 5.436300673273951
    },
    "max_incremental_et_pld": 0.37030067327395133,
    "max_incremental_et_ceiling": 0.37030067327395133
  },
  "controls": {
    "linear_mtp_k7_et": 3.844,
    "tree_et": 5.066,
    "ppl_pinned": 2.3772,
    "ppl_cap": 2.42
  },
  "self_test": {
    "passes": true,
    "checks": [
      [
        "greedy_identity_preserved",
        true,
        "accepted tokens are bit-for-bit greedy ref; verify untouched"
      ],
      [
        "ppl_pinned_within_cap",
        true,
        "ppl=2.3772 <= cap 2.42 (verify model unchanged)"
      ],
      [
        "reproducible",
        true,
        "deterministic walk identical on rerun"
      ],
      [
        "nan_clean",
        true,
        "all hit/correct/E[T] values finite"
      ]
    ]
  }
}