{
  "aime_year(s)": [
    "2024"
  ],
  "decode_regime": "greedy",
  "maj_k": 1,
  "n_problems": 30,
  "common_ids": [
    "2024-I-1",
    "2024-I-10",
    "2024-I-11",
    "2024-I-12",
    "2024-I-13",
    "2024-I-14",
    "2024-I-15",
    "2024-I-2",
    "2024-I-3",
    "2024-I-4",
    "2024-I-5",
    "2024-I-6",
    "2024-I-7",
    "2024-I-8",
    "2024-I-9",
    "2024-II-1",
    "2024-II-10",
    "2024-II-11",
    "2024-II-12",
    "2024-II-13",
    "2024-II-14",
    "2024-II-15",
    "2024-II-2",
    "2024-II-3",
    "2024-II-4",
    "2024-II-5",
    "2024-II-6",
    "2024-II-7",
    "2024-II-8",
    "2024-II-9"
  ],
  "aime_greedy_base": 0.26666666666666666,
  "aime_greedy_osoi5_16k": 0.03333333333333333,
  "aime_greedy_transplant": 0.03333333333333333,
  "mean_pass_rate_base": 0.26666666666666666,
  "mean_pass_rate_osoi5_16k": 0.03333333333333333,
  "mean_pass_rate_transplant": 0.03333333333333333,
  "aime_pct_of_base": 0.125,
  "delta_head_swap_vs_osoi5_16k": {
    "delta": 0.0,
    "two_se_band": 0.09269623828717427,
    "within_noise": true
  },
  "delta_transplant_to_base": {
    "delta": 0.23333333333333334,
    "two_se_band": 0.17427096823731247,
    "within_noise": false
  },
  "full_collapse_base_minus_osoi5_16k": 0.23333333333333334,
  "recovered_fraction": 0.0,
  "collapse_locus": "BODY",
  "cheap_fast_ship_exists": false,
  "transplant_recovers_off_floor": false,
  "transplant_on_base": false,
  "base_extract_fail_rate": null,
  "osoi5_16k_extract_fail_rate": 0.36666666666666664,
  "transplant_extract_fail_rate": 0.26666666666666666,
  "head_input_dim_compatible": true,
  "tied_head_is_base_head_byte_verified": true,
  "only_moved_variable": "lm_head (osoi5 16k-int4-pruned -> base 262k BF16, via tie to byte-identical embed)",
  "parity_issues": [],
  "apples_to_apples": true,
  "sampling": {
    "temperature": 0.0,
    "top_p": 1.0,
    "top_k": -1,
    "max_tokens": 3072,
    "seed": 1234,
    "enable_thinking": false
  },
  "per_problem": [
    {
      "id": "2024-I-1",
      "gold": 204,
      "base_maj": 204,
      "osoi5_16k_maj": 960,
      "transplant_maj": 960
    },
    {
      "id": "2024-I-10",
      "gold": 113,
      "base_maj": 31,
      "osoi5_16k_maj": null,
      "transplant_maj": null
    },
    {
      "id": "2024-I-11",
      "gold": 371,
      "base_maj": 4,
      "osoi5_16k_maj": null,
      "transplant_maj": null
    },
    {
      "id": "2024-I-12",
      "gold": 385,
      "base_maj": 2,
      "osoi5_16k_maj": 1,
      "transplant_maj": 1
    },
    {
      "id": "2024-I-13",
      "gold": 110,
      "base_maj": 289,
      "osoi5_16k_maj": null,
      "transplant_maj": 13
    },
    {
      "id": "2024-I-14",
      "gold": 104,
      "base_maj": 30,
      "osoi5_16k_maj": 7,
      "transplant_maj": 100
    },
    {
      "id": "2024-I-15",
      "gold": 721,
      "base_maj": 1,
      "osoi5_16k_maj": 100,
      "transplant_maj": 23
    },
    {
      "id": "2024-I-2",
      "gold": 25,
      "base_maj": 25,
      "osoi5_16k_maj": 25,
      "transplant_maj": 25
    },
    {
      "id": "2024-I-3",
      "gold": 809,
      "base_maj": 809,
      "osoi5_16k_maj": 1,
      "transplant_maj": 16
    },
    {
      "id": "2024-I-4",
      "gold": 116,
      "base_maj": 116,
      "osoi5_16k_maj": 100,
      "transplant_maj": 99
    },
    {
      "id": "2024-I-5",
      "gold": 104,
      "base_maj": 2,
      "osoi5_16k_maj": null,
      "transplant_maj": 398
    },
    {
      "id": "2024-I-6",
      "gold": 294,
      "base_maj": 294,
      "osoi5_16k_maj": 16,
      "transplant_maj": 16
    },
    {
      "id": "2024-I-7",
      "gold": 540,
      "base_maj": 540,
      "osoi5_16k_maj": 12,
      "transplant_maj": 96
    },
    {
      "id": "2024-I-8",
      "gold": 197,
      "base_maj": 272,
      "osoi5_16k_maj": null,
      "transplant_maj": null
    },
    {
      "id": "2024-I-9",
      "gold": 480,
      "base_maj": 20,
      "osoi5_16k_maj": null,
      "transplant_maj": null
    },
    {
      "id": "2024-II-1",
      "gold": 73,
      "base_maj": 3,
      "osoi5_16k_maj": 0,
      "transplant_maj": 0
    },
    {
      "id": "2024-II-10",
      "gold": 468,
      "base_maj": 52,
      "osoi5_16k_maj": 13,
      "transplant_maj": 13
    },
    {
      "id": "2024-II-11",
      "gold": 601,
      "base_maj": 3,
      "osoi5_16k_maj": 1,
      "transplant_maj": 1
    },
    {
      "id": "2024-II-12",
      "gold": 23,
      "base_maj": 4,
      "osoi5_16k_maj": null,
      "transplant_maj": 2
    },
    {
      "id": "2024-II-13",
      "gold": 321,
      "base_maj": 321,
      "osoi5_16k_maj": 0,
      "transplant_maj": 0
    },
    {
      "id": "2024-II-14",
      "gold": 211,
      "base_maj": 12,
      "osoi5_16k_maj": null,
      "transplant_maj": null
    },
    {
      "id": "2024-II-15",
      "gold": 315,
      "base_maj": 147,
      "osoi5_16k_maj": 120,
      "transplant_maj": 120
    },
    {
      "id": "2024-II-2",
      "gold": 236,
      "base_maj": 1,
      "osoi5_16k_maj": 400,
      "transplant_maj": 400
    },
    {
      "id": "2024-II-3",
      "gold": 45,
      "base_maj": 8,
      "osoi5_16k_maj": 0,
      "transplant_maj": null
    },
    {
      "id": "2024-II-4",
      "gold": 33,
      "base_maj": 8,
      "osoi5_16k_maj": null,
      "transplant_maj": 3
    },
    {
      "id": "2024-II-5",
      "gold": 80,
      "base_maj": 370,
      "osoi5_16k_maj": 300,
      "transplant_maj": 300
    },
    {
      "id": "2024-II-6",
      "gold": 55,
      "base_maj": 55,
      "osoi5_16k_maj": 2024,
      "transplant_maj": 2024
    },
    {
      "id": "2024-II-7",
      "gold": 699,
      "base_maj": 0,
      "osoi5_16k_maj": null,
      "transplant_maj": null
    },
    {
      "id": "2024-II-8",
      "gold": 127,
      "base_maj": 2,
      "osoi5_16k_maj": null,
      "transplant_maj": null
    },
    {
      "id": "2024-II-9",
      "gold": 902,
      "base_maj": 2,
      "osoi5_16k_maj": 1,
      "transplant_maj": 1
    }
  ],
  "created_at": "20260616T234703Z",
  "wandb_run_id": "j3gjxxts"
}