{
  "config": "fa_sliding_off",
  "run_idx": 0,
  "extra_env": {
    "PRECACHE_BENCH": "0",
    "DISABLE_LOG_STATS": "0",
    "VLLM_USE_FLASHINFER_SAMPLER": "0",
    "FA_SLIDING": "0"
  },
  "num_prompts": 128,
  "output_len": 512,
  "tokenizer": "/tmp/osoi5-v0-baked",
  "ts": "20260614T004059Z",
  "serve_ready_s": 90.1,
  "decode_capture_s": 152.2,
  "decode_num_records": 128,
  "decode_completion_tokens": 65536,
  "decode_duration_s": 144.23534488677979,
  "acceptance": {
    "e_accept": 3.8540616574844684,
    "accept_rate": 0.40772309392635264
  },
  "bench": {
    "tps": 489.3402753861537,
    "completed": 128,
    "duration_s": 133.92725531999895,
    "total_output_tokens": 65536,
    "mean_e2e_latency_ms": 1046.0343789526405
  },
  "ppl": 2.376976138392039,
  "ppl_num_tokens": 61797,
  "ok": true
}