{
  "runner": "paired_tps_ab",
  "pr": 82,
  "metric": "wall_tps",
  "baseline": {
    "submission": "int4_mtp_batchinv",
    "label": "stock_topk32",
    "override_env": {
      "VLLM_BATCH_INVARIANT": "1",
      "NUM_SPECULATIVE_TOKENS": "6",
      "MODEL_ID": "google/gemma-4-E4B-it-qat-w4a16-ct",
      "DRAFTER_MODEL": "/tmp/stock-topk32"
    },
    "describe": "int4_mtp_batchinv[DRAFTER_MODEL=/tmp/stock-topk32,MODEL_ID=google/gemma-4-E4B-it-qat-w4a16-ct,NUM_SPECULATIVE_TOKENS=6,VLLM_BATCH_INVARIANT=1]"
  },
  "candidate": {
    "submission": "int4_mtp_batchinv",
    "label": "ftv1_topk64",
    "override_env": {
      "VLLM_BATCH_INVARIANT": "1",
      "NUM_SPECULATIVE_TOKENS": "6",
      "MODEL_ID": "google/gemma-4-E4B-it-qat-w4a16-ct",
      "DRAFTER_MODEL": "/tmp/qat-assistant"
    },
    "describe": "int4_mtp_batchinv[DRAFTER_MODEL=/tmp/qat-assistant,MODEL_ID=google/gemma-4-E4B-it-qat-w4a16-ct,NUM_SPECULATIVE_TOKENS=6,VLLM_BATCH_INVARIANT=1]"
  },
  "n": 1,
  "workload": {
    "num_prompts": 64,
    "output_len": 512,
    "seed": 3
  },
  "reused_baseline_from": null,
  "elapsed_s": 683.8862097263336,
  "git": {
    "git_commit": "294abb2fcb14d3fb07b9fb851aeb81620bc01146",
    "git_branch": "land/local-drafter-derisk",
    "git_dirty": true
  },
  "arms": {
    "baseline": {
      "n": 1,
      "wall_tps": {
        "n": 1,
        "mean": 154.6805128988712,
        "std": 0.0,
        "cv_pct": 0.0,
        "min": 154.6805128988712,
        "max": 154.6805128988712,
        "range_pct": 0.0,
        "median": 154.6805128988712,
        "p25": 154.6805128988712,
        "p75": 154.6805128988712,
        "values": [
          154.6805128988712
        ]
      },
      "steady_gen_tps_mean": {
        "n": 1,
        "mean": 152.83333333333334,
        "std": 0.0,
        "cv_pct": 0.0,
        "min": 152.83333333333334,
        "max": 152.83333333333334,
        "range_pct": 0.0,
        "median": 152.83333333333334,
        "p25": 152.83333333333334,
        "p75": 152.83333333333334,
        "values": [
          152.83333333333334
        ]
      },
      "e_accept_exact": {
        "n": 1,
        "mean": 3.291769041769042,
        "std": 0.0,
        "cv_pct": 0.0,
        "min": 3.291769041769042,
        "max": 3.291769041769042,
        "range_pct": 0.0,
        "median": 3.291769041769042,
        "p25": 3.291769041769042,
        "p75": 3.291769041769042,
        "values": [
          3.291769041769042
        ]
      },
      "server_ready_s": {
        "n": 1,
        "mean": 125.0324034690857,
        "std": 0.0,
        "cv_pct": 0.0,
        "min": 125.0324034690857,
        "max": 125.0324034690857,
        "range_pct": 0.0,
        "median": 125.0324034690857,
        "p25": 125.0324034690857,
        "p75": 125.0324034690857,
        "values": [
          125.0324034690857
        ]
      },
      "records": [
        {
          "run_idx": 0,
          "t_start_utc": "2026-06-18T19:09:24.712148+00:00",
          "seed": 3,
          "num_prompts": 64,
          "output_len": 512,
          "num_completion_tokens": 32768,
          "decode_duration_s": 211.8431041240692,
          "wall_around_decode_s": 220.6497359275818,
          "wall_tps": 154.6805128988712,
          "steady_gen_tps_mean": 152.83333333333334,
          "steady_gen_tps_mean_nonzero": 152.83333333333334,
          "steady_gen_tps_n": 21,
          "gen_tps_series": [
            139.6,
            147.1,
            175.2,
            187.9,
            144.2,
            159.8,
            140.7,
            144.2,
            150.4,
            164.7,
            167.5,
            149.5,
            132.1,
            151.2,
            163.3,
            170.2,
            160.8,
            103.1,
            158.8,
            154.5,
            144.7
          ],
          "e_accept_exact": 3.291769041769042,
          "e_accept_interval_mean": 3.2985714285714285,
          "num_speculative_tokens": 6,
          "total_accepted_tokens": 22386,
          "total_drafted_tokens": 58608,
          "intervals": 21,
          "clock": {
            "n_samples": 893,
            "n_load_samples": 847,
            "sm_clock_mhz": {
              "mean": 1710.0,
              "min": 1710.0,
              "max": 1710.0
            },
            "sm_clock_mhz_load": {
              "mean": 1710.0,
              "min": 1710.0,
              "max": 1710.0
            },
            "mem_clock_mhz_load": {
              "mean": 6251.0,
              "min": 6251.0,
              "max": 6251.0
            },
            "temp_c": {
              "mean": 51.837625979843224,
              "min": 39.0,
              "max": 55.0
            },
            "power_w_load": {
              "mean": 153.27288075560804,
              "min": 67.65,
              "max": 171.33
            },
            "util_pct": {
              "mean": 94.56550951847704,
              "min": 0.0,
              "max": 100.0
            }
          },
          "log_offset_start": 0,
          "server_ready_s": 125.0324034690857,
          "arm": "stock_topk32",
          "submission": "int4_mtp_batchinv",
          "override_env": {
            "VLLM_BATCH_INVARIANT": "1",
            "NUM_SPECULATIVE_TOKENS": "6",
            "MODEL_ID": "google/gemma-4-E4B-it-qat-w4a16-ct",
            "DRAFTER_MODEL": "/tmp/stock-topk32"
          }
        }
      ]
    },
    "candidate": {
      "n": 1,
      "wall_tps": {
        "n": 1,
        "mean": 167.1693500174837,
        "std": 0.0,
        "cv_pct": 0.0,
        "min": 167.1693500174837,
        "max": 167.1693500174837,
        "range_pct": 0.0,
        "median": 167.1693500174837,
        "p25": 167.1693500174837,
        "p75": 167.1693500174837,
        "values": [
          167.1693500174837
        ]
      },
      "steady_gen_tps_mean": {
        "n": 1,
        "mean": 163.84,
        "std": 0.0,
        "cv_pct": 0.0,
        "min": 163.84,
        "max": 163.84,
        "range_pct": 0.0,
        "median": 163.84,
        "p25": 163.84,
        "p75": 163.84,
        "values": [
          163.84
        ]
      },
      "e_accept_exact": {
        "n": 1,
        "mean": 3.583824492468893,
        "std": 0.0,
        "cv_pct": 0.0,
        "min": 3.583824492468893,
        "max": 3.583824492468893,
        "range_pct": 0.0,
        "median": 3.583824492468893,
        "p25": 3.583824492468893,
        "p75": 3.583824492468893,
        "values": [
          3.583824492468893
        ]
      },
      "server_ready_s": {
        "n": 1,
        "mean": 125.0217969417572,
        "std": 0.0,
        "cv_pct": 0.0,
        "min": 125.0217969417572,
        "max": 125.0217969417572,
        "range_pct": 0.0,
        "median": 125.0217969417572,
        "p25": 125.0217969417572,
        "p75": 125.0217969417572,
        "values": [
          125.0217969417572
        ]
      },
      "records": [
        {
          "run_idx": 0,
          "t_start_utc": "2026-06-18T19:15:14.559468+00:00",
          "seed": 3,
          "num_prompts": 64,
          "output_len": 512,
          "num_completion_tokens": 32768,
          "decode_duration_s": 196.01679372787476,
          "wall_around_decode_s": 204.8772759437561,
          "wall_tps": 167.1693500174837,
          "steady_gen_tps_mean": 163.84,
          "steady_gen_tps_mean_nonzero": 163.84,
          "steady_gen_tps_n": 20,
          "gen_tps_series": [
            143.6,
            147.6,
            185.4,
            185.5,
            157.1,
            163.7,
            145.2,
            156.8,
            168.6,
            190.6,
            182.8,
            147.0,
            146.2,
            166.5,
            187.5,
            164.4,
            163.5,
            183.0,
            157.0,
            134.8
          ],
          "e_accept_exact": 3.583824492468893,
          "e_accept_interval_mean": 3.5955,
          "num_speculative_tokens": 6,