{
  "label": "ctk24",
  "ctk_requested": 24,
  "num_prompts": 128,
  "output_len": 512,
  "K": 6,
  "reps": [
    {
      "rep": 1,
      "num_records": 128,
      "num_completion_tokens": 65536,
      "duration_s": 257.9381465911865,
      "wall_s_outer": 266.3297255039215,
      "wall_tps": 254.07641663747341
    },
    {
      "rep": 2,
      "num_records": 128,
      "num_completion_tokens": 65536,
      "duration_s": 256.0042133331299,
      "wall_s_outer": 265.1756055355072,
      "wall_tps": 255.9957867362134
    },
    {
      "rep": 3,
      "num_records": 128,
      "num_completion_tokens": 65536,
      "duration_s": 255.89549803733826,
      "wall_s_outer": 265.03418254852295,
      "wall_tps": 256.10454463891153
    }
  ],
  "centroid_top_k_logged": 24,
  "active_tokens_logged": 3072,
  "spec_metrics": {
    "num_drafts": 58521.0,
    "num_accepted_tokens": 138423.0,
    "num_draft_tokens": 351126.0,
    "e_accept_mean_acceptance_length": 3.3653560260419337,
    "draft_acceptance_rate": 0.3942260043403223
  },
  "per_position_accepted": {
    "0": 41158.0,
    "1": 29901.0,
    "2": 22985.0,
    "3": 18013.0,
    "4": 14621.0,
    "5": 11745.0
  },
  "steptime": {
    "raw_exec_steps": 4000,
    "raw_draft_steps": 3970,
    "exec": {
      "gap": {
        "n": 4000,
        "mean": 6.57255375,
        "p50": 6.512,
        "p90": 6.646
      },
      "cpu": {
        "n": 4000,
        "mean": 6.3132455,
        "p50": 6.479,
        "p90": 7.023
      },
      "gpu": {
        "n": 4000,
        "mean": 10.16707775,
        "p50": 10.185,
        "p90": 10.481
      },
      "dgpu": {
        "n": 4000,
        "mean": 0.0,
        "p50": 0.0,
        "p90": 0.0
      }
    },
    "draft": {
      "cpu": {
        "n": 3970,
        "mean": 5.401274307304786,
        "p50": 5.388,
        "p90": 5.486
      },
      "gpu": {
        "n": 3970,
        "mean": 2.6073785894206547,
        "p50": 2.696,
        "p90": 2.901
      }
    },
    "stat": "p50_steady_state",
    "verify_gpu_ms": 10.185,
    "drafter_gpu_ms": 2.696,
    "host_gap_ms": 6.512,
    "exec_cpu_ms": 6.479,
    "verify_gpu_ms_mean": 10.16707775,
    "drafter_gpu_ms_mean": 2.6073785894206547,
    "host_gap_ms_mean": 6.57255375,
    "exec_cpu_ms_mean": 6.3132455,
    "host_gap_outliers_gt3x": 5
  },
  "spec_log": {
    "intervals": 79,
    "num_speculative_tokens": 6,
    "total_accepted_tokens": 138423,
    "total_drafted_tokens": 351126,
    "e_accept_interval_mean": 3.3707594936708865,
    "steady_gen_tps_mean": 248.86202531645569,
    "steady_gen_tps_n": 79,
    "e_accept_exact": 3.3653560260419337,
    "draft_acceptance_rate": 0.3942260043403223
  },
  "steady_gen_tps_stats": {
    "n": 79,
    "mean": 248.86202531645569,
    "std": 36.049717089419815,
    "min": 41.6,
    "max": 293.2,
    "cv_pct": 14.485824843536735
  },
  "drafter_gpu_ms": 2.696,
  "verify_gpu_ms": 10.185,
  "e_accept": 3.3653560260419337,
  "steady_gen_tps_mean": 248.86202531645569,
  "wall_tps_stats": {
    "n": 3,
    "mean": 255.3922493375328,
    "std": 0.9314930099072035,
    "min": 254.07641663747341,
    "max": 256.10454463891153,
    "cv_pct": 0.3647303363055936
  },
  "per_position_accept_rate": {
    "pos1": 0.7033030877804549,
    "pos2": 0.5109447890500846,
    "pos3": 0.3927649903453461,
    "pos4": 0.30780403615796037,
    "pos5": 0.24984193708241487,
    "pos6": 0.20069718562567285
  },
  "num_drafts": 58521.0
}