{
  "pr": 173,
  "utc": "2026-06-14T15:16:13Z",
  "gpu": "NVIDIA A10G",
  "l2_bytes": 6291456,
  "topology": {
    "n_nodes": 32,
    "max_branch": 3,
    "spine_len": 9,
    "max_anc": 9,
    "depth": [
      0,
      1,
      1,
      1,
      2,
      2,
      2,
      2,
      2,
      3,
      3,
      3,
      3,
      4,
      4,
      4,
      4,
      4,
      5,
      5,
      5,
      5,
      6,
      6,
      6,
      6,
      7,
      7,
      7,
      8,
      8,
      9
    ],
    "descent_order": [
      0,
      1,
      4,
      9,
      13,
      18,
      22,
      26,
      29,
      31,
      14,
      10,
      15,
      19,
      23,
      5,
      11,
      16,
      20,
      24,
      27,
      6,
      2,
      7,
      12,
      17,
      21,
      25,
      28,
      30,
      3,
      8
    ],
    "worst_scalar_ops_carry": 544,
    "worst_scalar_ops_ceiling": 1312
  },
  "anchors": {
    "k_cal": 125.26795005202914,
    "step_m8_us": 7982.887878221502,
    "roofline_step": 1.2127483746822987,
    "measured_step_136": 1.2182,
    "e_t_descent_only": 5.056404568844709,
    "e_t_both_bugs": 5.206954309441963,
    "depth1_descent": 0.679,
    "depth1_both": 0.728739760479042,
    "official_descent_realized": 519.96,
    "official_both_realized": 535.44,
    "official_descent_roofline": 522.29,
    "official_both_roofline": 537.84,
    "pr161_step_reproduced": 1.217916316194892
  },
  "config": {
    "seed": 173,
    "spine_len": 9,
    "max_spec_len": 9,
    "n_iter": 80,
    "warmup": 30,
    "n_passes": 300,
    "rounds": 7,
    "sched_steps": 512,
    "gemm_filler_n": 2048,
    "hidden_threshold_us": 60.0
  },
  "claim_under_test": {
    "source": "research/spec_cost_model/host_residency_sweep (ubel #163), op 5",
    "claim": "descent_accept_walk +0 net (GPU-hidden by design)",
    "method": "kernel-resident accept_prep_descend_walk worst-case (all-mismatch-descend) paired device-busy marginal vs the linear break kernel (#161 method, new target)"
  },
  "self_test": {
    "roofline_step": 1.2127483746822987,
    "idle_overlap_us": 37.262387890630635,
    "per_call_idle_overlap_us": 1.0070915646116387,
    "step_reproduced": 1.2174161576274016,
    "anchor_136": 1.2182,
    "pr161_step_reproduced": 1.217916316194892,
    "delta_vs_anchor_pct": 0.06434430902957808,
    "tol_pct": 1.5,
    "gemm_per_call": 1,
    "filler_us_each": 284.2151375000001,
    "device_busy_us": 12632.382387499994,
    "eager_span_us": 12669.644775390625,
    "reproduces_anchor": true
  },
  "filler": {
    "gemm_n": 2048,
    "filler_us_each": 284.2996999999999,
    "step_gpu_us_target": 9149.573677586994,
    "gemm_per_op": 32,
    "realized_filler_us_per_step": 9097.590399999997
  },
  "schedule_stats": {
    "realistic_mean_accept_len": 2.97265625,
    "realistic_depth1_rate": 0.728739760479042,
    "n_steps": 512,
    "worst_reach_nodes": 32,
    "realistic_mean_reach": 3.97265625
  },
  "accept_prep_measured": {
    "linear_break": {
      "device_busy_isolation_us": 1.933587500000003,
      "idle_interleaved_us": 15.663859895803398,
      "idle_isolation_us": 20.5574386927287,
      "device_busy_interleaved_us": 9178.649325000002,
      "device_busy_isolation_rounds": [
        1.9112250000000017,
        1.9163624999999727,
        1.9163749999999822,
        1.9340874999999955,
        1.933587500000003,
        1.9515875000000178,
        1.9336249999999935
      ],
      "idle_interleaved_rounds": [
        9.178510416675635,
        15.3276380208099,
        40.41862239581678,
        8.81279791666202,
        73.53573359374786,
        66.00601614577499,
        15.663859895803398
      ],
      "device_busy_isolation_summary": {
        "n": 7,
        "mean": 1.9281214285714239,
        "median": 1.933587500000003,
        "std": 0.013137503762217924,
        "se": 0.004965509686143438,
        "cv_pct": 0.6813628834544778,
        "ci95_abs": 0.009732220149725926,
        "min": 1.9112250000000017,
        "max": 1.9515875000000178
      },
      "idle_interleaved_summary": {
        "n": 7,
        "mean": 32.7061683407558,
        "median": 15.663859895803398,
        "std": 25.501575976417254,
        "se": 9.638689724831316,
        "cv_pct": 77.97176272904838,
        "ci95_abs": 18.891484718825662,
        "min": 8.81279791666202,
        "max": 73.53573359374786
      }
    },
    "descend_walk": {
      "device_busy_isolation_us": 3.8980375000000267,
      "idle_interleaved_us": 17.313451562489718,
      "idle_isolation_us": 23.03461706339518,
      "device_busy_interleaved_us": 9181.636275000008,
      "device_busy_isolation_rounds": [
        3.8651375000000145,
        3.8632249999999786,
        3.865224999999974,
        3.8980375000000267,
        3.931675000000001,
        3.927250000000008,
        3.930149999999992
      ],
      "idle_interleaved_rounds": [
        17.313451562489718,
        11.27524973952859,
        39.48746744788514,
        27.274857812491973,
        67.17535807294735,
        7.0390979166695615,
        8.79119661459481
      ],
      "device_busy_isolation_summary": {
        "n": 7,
        "mean": 3.8972428571428566,
        "median": 3.8980375000000267,
        "std": 0.030196083781934824,
        "se": 0.011413046893581469,
        "cv_pct": 0.7748063153568047,
        "ci95_abs": 0.02236916086528642,
        "min": 3.8632249999999786,
        "max": 3.931675000000001
      },
      "idle_interleaved_summary": {
        "n": 7,
        "mean": 25.479525595229592,
        "median": 17.313451562489718,
        "std": 20.08903045927147,
        "se": 7.592939810804855,
        "cv_pct": 78.84381671153501,
        "ci95_abs": 14.881888565957887,
        "min": 7.0390979166695615,
        "max": 67.17535807294735
      }
    },
    "descend_walk_worst": {
      "device_busy_isolation_us": 11.87277499999999,
      "idle_interleaved_us": 28.122201822916395,
      "idle_isolation_us": 15.01824542338054,
      "device_busy_interleaved_us": 9197.45667500002,
      "device_busy_isolation_rounds": [
        11.682375000000011,
        11.767637499999994,
        11.687262500000001,
        11.87277499999999,
        11.897700000000002,
        11.896099999999995,
        11.896775000000007
      ],
      "idle_interleaved_rounds": [
        11.97774088539154,
        28.122201822916395,
        31.24144921872721,
        23.67125468748054,
        56.94535911456842,
        69.17968776043563,
        6.979197916649355
      ],
      "device_busy_isolation_summary": {
        "n": 7,
        "mean": 11.814375,
        "median": 11.87277499999999,
        "std": 0.09226385518291468,
        "se": 0.03487245940201,
        "cv_pct": 0.7809457138690339,
        "ci95_abs": 0.0683487644802748,
        "min": 11.682375000000011,
        "max": 11.897700000000002
      },
      "idle_interleaved_summary": {
        "n": 7,
        "mean": 32.58812734373844,
        "median": 28.122201822916395,
        "std": 21.091944909062867,
        "se": 7.9720058422935995,
        "cv_pct": 64.72278902861082,
        "ci95_abs": 15.624844335438354,
        "min": 6.979197916649355,
        "max": 69.17968776043563
      }
    },
    "descend_walk_ceiling": {
      "device_busy_isolation_us": 16.350387499999982,
      "idle_interleaved_us": 29.028182552108774,
      "idle_isolation_us": 10.382354242960616,
      "device_busy_interleaved_us": 9206.05357499998,
      "device_busy_isolation_rounds": [
        16.20888750000001,
        16.32171249999997,
        16.208962500000002,
        16.464512499999994,
        16.350387499999982,
        16.50508750000003,
        16.462124999999997
      ],
      "idle_interleaved_rounds": [
        10.649390364565988,
        29.028182552108774,
        62.93766380208581,
        28.41989505210404,
        63.86585807292249,
        19.433970052066798,
        29.674896093738425
      ],
      "device_busy_isolation_summary": {
        "n": 7,