{
  "kind": "linear-verify-measurement",
  "pr": 278,
  "agent": "denken",
  "model_dir": "/senpai-run/home/student-denken/.cache/huggingface/hub/models--google--gemma-4-E4B-it-qat-w4a16-ct/snapshots/ef0a4c43726bde42a3ca04fd300397c0b8b3c3f0",
  "loaded_num_layers": 42,
  "deployed_num_layers": 37,
  "deployed_layer_src": "osoi5-v0-baked config.json",
  "load_errors": {
    "/tmp/osoi5-v0-baked": "AssertionError()"
  },
  "drafter_dir": "/tmp/qat-assistant",
  "n_draft_gemms": 19,
  "lm_head_vocab": 12288,
  "ctx": 528,
  "K_spec": 7,
  "M_linear": 8,
  "deployed_batch": 8,
  "config": {
    "iters": 100,
    "warmup": 40,
    "repeats": 7,
    "graphed": {
      "verify_linear": true,
      "verify_full8": true,
      "verify_linear_b8": true,
      "draft": true,
      "draft_k": true
    }
  },
  "target_verify_m1_us": 4966.783229282924,
  "target_verify_m1_us_stats": {
    "n": 7,
    "mean": 4966.783229282924,
    "median": 4966.563720703125,
    "std": 0.4839825840914819,
    "se": 0.18292822234178097,
    "ci95_abs": 0.3585393157898907,
    "lo": 4966.424689967134,
    "hi": 4967.141768598714,
    "cv_pct": 0.009744387096220355,
    "min": 4966.3385009765625,
    "max": 4967.8131103515625
  },
  "verify_full8_us": 5348.49836077009,
  "verify_full8_us_stats": {
    "n": 7,
    "mean": 5348.49836077009,
    "median": 5348.4136962890625,
    "std": 0.41350737144694094,
    "se": 0.1562910957343738,
    "ci95_abs": 0.3063305476393727,
    "lo": 5348.192030222451,
    "hi": 5348.804691317729,
    "cv_pct": 0.00773127976405331,
    "min": 5347.8607177734375,
    "max": 5349.3145751953125
  },
  "verify_linear_b8_us": 9036.682913643974,
  "verify_linear_b8_us_stats": {
    "n": 7,
    "mean": 9036.682913643974,
    "median": 9036.533813476562,
    "std": 0.30248635575098654,
    "se": 0.11432909604390325,
    "ci95_abs": 0.22408502824605037,
    "lo": 9036.458828615727,
    "hi": 9036.90699867222,
    "cv_pct": 0.003347316251345719,
    "min": 9036.36962890625,
    "max": 9037.20947265625
  },
  "verify_linear_b8_per_seq_us": 1129.5853642054967,
  "linear_vs_full8_ratio": 0.9286313455217727,
  "b8_over_b1_ratio": 1.8194236584286443,
  "draft_pass_us_graphed": 101.85142653329032,
  "draft_pass_us_graphed_stats": {
    "n": 7,
    "mean": 101.85142653329032,
    "median": 101.83679580688477,
    "std": 0.039794269532002796,
    "se": 0.015040820112450583,
    "ci95_abs": 0.029480007420403142,
    "lo": 101.82194652586992,
    "hi": 101.88090654071073,
    "cv_pct": 0.03907090051310766,
    "min": 101.80607795715332,
    "max": 101.92895889282227
  },
  "draft_k7_chain_us_graphed": 706.8555014474051,
  "draft_k7_chain_us_stats": {
    "n": 7,
    "mean": 706.8555014474051,
    "median": 706.7852783203125,
    "std": 0.2698490109476047,
    "se": 0.1019933392148726,
    "ci95_abs": 0.1999069448611503,
    "lo": 706.655594502544,
    "hi": 707.0554083922663,
    "cv_pct": 0.03817597944630036,
    "min": 706.5599822998047,
    "max": 707.2563171386719
  },
  "physical_floor": {
    "body_int4_gb": 1.6973824,
    "lmhead_bf16_gb": 0.06291456,
    "a10g_bw_gbps": 600.0,
    "verify_hbm_floor_ms": 2.933828266666667,
    "verify_m1_wall_ms": 4.966783229282925,
    "verify_m1_over_floor": 1.692935910978199
  },
  "peak_gpu_gb": 13.335793152,
  "nan_clean": true
}