{
  "tag": "default_triton",
  "model": "/tmp/gemma4-e4b-qat-w4a16-ct",
  "env": {
    "PROBE_ATTN_BACKEND": "<unset>",
    "VLLM_ATTENTION_BACKEND": "<unset>",
    "VLLM_USE_FLASHINFER_SAMPLER": "0"
  },
  "widths": [
    1,
    8,
    16
  ],
  "repeats": 2,
  "decode_len": 400,
  "tps_len": 512,
  "load_ok": true,
  "load_s": 64.73,
  "resolved_attention_backend": "AttentionBackendEnum.TRITON_ATTN",
  "m_invariance": {
    "self_determinism": {
      "1": {
        "identical_frac": 1.0,
        "first_divergence": null,
        "len": 400
      },
      "8": {
        "identical_frac": 1.0,
        "first_divergence": null,
        "len": 400
      },
      "16": {
        "identical_frac": 0.3225,
        "first_divergence": 125,
        "len": 400
      }
    },
    "cross_width": {
      "M1_vs_M8": {
        "flip_rate": 0.6825,
        "steady_flip_rate": 0.710938,
        "first_divergence": 125,
        "n_flips": 273
      },
      "M1_vs_M16": {
        "flip_rate": 0.0,
        "steady_flip_rate": 0.0,
        "first_divergence": null,
        "n_flips": 0
      },
      "M8_vs_M16": {
        "flip_rate": 0.6825,
        "steady_flip_rate": 0.710938,
        "first_divergence": 125,
        "n_flips": 273
      }
    },
    "byte_exact_m_invariant": false,
    "self_det_min": 0.3225,
    "target_ids_head": {
      "1": [
        8291,
        563,
        506,
        2918,
        236772,
        2003,
        236772,
        9340,
        3465,
        531,
        506,
        2608,
        236787,
        108,
        10354,
        236743,
        236770,
        236761,
        31238,
        53923,
        532,
        20879,
        32288,
        108
      ],
      "8": [
        8291,
        563,
        506,
        2918,
        236772,
        2003,
        236772,
        9340,
        3465,
        531,
        506,
        2608,
        236787,
        108,
        10354,
        236743,
        236770,
        236761,
        31238,
        53923,
        532,
        20879,
        32288,
        108
      ],
      "16": [
        8291,
        563,
        506,
        2918,
        236772,
        2003,
        236772,
        9340,
        3465,
        531,
        506,
        2608,
        236787,
        108,
        10354,
        236743,
        236770,
        236761,
        31238,
        53923,
        532,
        20879,
        32288,
        108
      ]
    }
  },
  "tps": {
    "decode_tps_warm_median": 96.5999,
    "total_tps_warm_median": 96.1385,
    "prefill_s": 0.03579,
    "decode_tps_runs": [
      96.6409,
      96.5091,
      96.5999
    ]
  }
}