{
  "default_triton": {
    "tag": "default_triton",
    "model": "/tmp/gemma4-e4b-qat-w4a16-ct",
    "env": {
      "PROBE_ATTN_BACKEND": "<unset>",
      "VLLM_ATTENTION_BACKEND": "<unset>",
      "VLLM_USE_FLASHINFER_SAMPLER": "0"
    },
    "widths": [
      1,
      8,
      16
    ],
    "repeats": 2,
    "decode_len": 400,
    "tps_len": 512,
    "load_ok": true,
    "load_s": 64.73,
    "resolved_attention_backend": "AttentionBackendEnum.TRITON_ATTN",
    "m_invariance": {
      "self_determinism": {
        "1": {
          "identical_frac": 1.0,
          "first_divergence": null,
          "len": 400
        },
        "8": {
          "identical_frac": 1.0,
          "first_divergence": null,
          "len": 400
        },
        "16": {
          "identical_frac": 0.3225,
          "first_divergence": 125,
          "len": 400
        }
      },
      "cross_width": {
        "M1_vs_M8": {
          "flip_rate": 0.6825,
          "steady_flip_rate": 0.710938,
          "first_divergence": 125,
          "n_flips": 273
        },
        "M1_vs_M16": {
          "flip_rate": 0.0,
          "steady_flip_rate": 0.0,
          "first_divergence": null,
          "n_flips": 0
        },
        "M8_vs_M16": {
          "flip_rate": 0.6825,
          "steady_flip_rate": 0.710938,
          "first_divergence": 125,
          "n_flips": 273
        }
      },
      "byte_exact_m_invariant": false,
      "self_det_min": 0.3225,
      "target_ids_head": {
        "1": [
          8291,
          563,
          506,
          2918,
          236772,
          2003,
          236772,
          9340,
          3465,
          531,
          506,
          2608,
          236787,
          108,
          10354,
          236743,
          236770,
          236761,
          31238,
          53923,
          532,
          20879,
          32288,
          108
        ],
        "8": [
          8291,
          563,
          506,
          2918,
          236772,
          2003,
          236772,
          9340,
          3465,
          531,
          506,
          2608,
          236787,
          108,
          10354,
          236743,
          236770,
          236761,
          31238,
          53923,
          532,
          20879,
          32288,
          108
        ],
        "16": [
          8291,
          563,
          506,
          2918,
          236772,
          2003,
          236772,
          9340,
          3465,
          531,
          506,
          2608,
          236787,
          108,
          10354,
          236743,
          236770,
          236761,
          31238,
          53923,
          532,
          20879,
          32288,
          108
        ]
      }
    },
    "tps": {
      "decode_tps_warm_median": 96.5999,
      "total_tps_warm_median": 96.1385,
      "prefill_s": 0.03579,
      "decode_tps_runs": [
        96.6409,
        96.5091,
        96.5999
      ]
    },
    "_subprocess_rc": 0,
    "_wall_s": 117.8
  },
  "fi_sampler_on": {
    "tag": "fi_sampler_on",
    "model": "/tmp/gemma4-e4b-qat-w4a16-ct",
    "env": {
      "PROBE_ATTN_BACKEND": "<unset>",
      "VLLM_ATTENTION_BACKEND": "<unset>",
      "VLLM_USE_FLASHINFER_SAMPLER": "1"
    },
    "widths": [
      1,
      8,
      16
    ],
    "repeats": 2,
    "decode_len": 400,
    "tps_len": 512,
    "load_ok": false,
    "error": "RuntimeError: Engine core initialization failed. See root cause above. Failed core proc(s): {}",
    "traceback": "Traceback (most recent call last):\n  File \"/workspace/senpai/target/research/validity/flashinfer_m_invariance/probe_one.py\", line 124, in <module>\n    llm = LLM(**llm_kwargs)\n          ^^^^^^^^^^^^^^^^^\n  File \"/workspace/senpai/target/.venv/lib/python3.11/site-packages/vllm/entrypoints/llm.py\", line 349, in __init__\n    self.llm_engine = LLMEngine.from_engine_args(\n                      ^^^^^^^^^^^^^^^^^^^^^^^^^^^\n  File \"/workspace/senpai/target/.venv/lib/python3.11/site-packages/vllm/v1/engine/llm_engine.py\", line 170, in from_engine_args\n    return cls(\n           ^^^^\n  File \"/workspace/senpai/target/.venv/lib/python3.11/site-packages/vllm/v1/engine/llm_engine.py\", line 104, in __init__\n    self.engine_core = EngineCoreClient.make_client(\n                       ^^^^^^^^^^^^^^^^^^^^^^^^^^^^^\n  File \"/workspace/senpai/target/.venv/lib/python3.11/site-packages/vllm/v1/engine/core_client.py\", line 102, in make_client\n    return SyncMPClient(vllm_config, executor_class, log_stats)\n           ^^^^^^^^^^^^^^^^^^^^^^^^^^^^^^^^^^^^^^^^^^^^^^^^^^^^\n  File \"/workspace/senpai/target/.venv/lib/python3.11/site-packages/vllm/tracing/otel.py\", line 178, in sync_wrapper\n    return func(*args, **kwargs)\n           ^^^^^^^^^^^^^^^^^^^^^\n  File \"/workspace/senpai/target/.venv/lib/python3.11/site-packages/vllm/v1/engine/core_client.py\", line 755, in __init__\n    super().__init__(\n  File \"/workspace/senpai/target/.venv/lib/python3.11/site-packages/vllm/v1/engine/core_client.py\", line 567, in __init__\n    with launch_core_engines(\n  File \"/senpai-run/home/student-stark/.local/share/uv/python/cpython-3.11.15-linux-x86_64-gnu/lib/python3.11/contextlib.py\", line 144, in __exit__\n    next(self.gen)\n  File \"/workspace/senpai/target/.venv/lib/python3.11/site-packages/vllm/v1/engine/utils.py\", line 1150, in launch_core_engines\n    wait_for_engine_startup(\n  File \"/workspace/senpai/target/.venv/lib/python3.11/site-packages/vllm/v1/engine/utils.py\", line 1209, in wait_for_engine_startup\n    raise RuntimeError(\nRuntimeError: Engine core initialization failed. See root cause above. Failed core proc(s): {}\n",
    "_subprocess_rc": 3,
    "_wall_s": 71.3
  },
  "fi_attention": {
    "tag": "fi_attention",
    "model": "/tmp/gemma4-e4b-qat-w4a16-ct",
    "env": {
      "PROBE_ATTN_BACKEND": "FLASHINFER",
      "VLLM_ATTENTION_BACKEND": "<unset>",
      "VLLM_USE_FLASHINFER_SAMPLER": "0"
    },
    "widths": [
      1,
      8,
      16
    ],
    "repeats": 2,
    "decode_len": 400,
    "tps_len": 512,
    "load_ok": false,
    "error": "RuntimeError: Engine core initialization failed. See root cause above. Failed core proc(s): {}",