{
  "runner": "paired_tps_ab",
  "pr": 82,
  "metric": "wall_tps",
  "baseline": {
    "submission": "fa2sw_precache_kenyan",
    "label": "baseline",
    "override_env": {},
    "describe": "fa2sw_precache_kenyan"
  },
  "candidate": {
    "submission": "fa2sw_precache_kenyan",
    "label": "candidate",
    "override_env": {},
    "describe": "fa2sw_precache_kenyan"
  },
  "n": 1,
  "workload": {
    "num_prompts": 8,
    "output_len": 16,
    "seed": 1
  },
  "reused_baseline_from": null,
  "elapsed_s": 201.95345401763916,
  "git": {
    "git_commit": "089312da2a3e2c4cc7efdf982c22f2228cf5c2ae",
    "git_branch": "lawine/walltps-ab-runner",
    "git_dirty": true
  },
  "arms": {
    "baseline": {
      "n": 1,
      "wall_tps": {
        "n": 1,
        "mean": 109.45866951884915,
        "std": 0.0,
        "cv_pct": 0.0,
        "min": 109.45866951884915,
        "max": 109.45866951884915,
        "range_pct": 0.0,
        "median": 109.45866951884915,
        "p25": 109.45866951884915,
        "p75": 109.45866951884915,
        "values": [
          109.45866951884915
        ]
      },
      "steady_gen_tps_mean": {
        "n": 1,
        "mean": 9.5,
        "std": 0.0,
        "cv_pct": 0.0,
        "min": 9.5,
        "max": 9.5,
        "range_pct": 0.0,
        "median": 9.5,
        "p25": 9.5,
        "p75": 9.5,
        "values": [
          9.5
        ]
      },
      "e_accept_exact": {
        "n": 1,
        "mean": 4.548387096774194,
        "std": 0.0,
        "cv_pct": 0.0,
        "min": 4.548387096774194,
        "max": 4.548387096774194,
        "range_pct": 0.0,
        "median": 4.548387096774194,
        "p25": 4.548387096774194,
        "p75": 4.548387096774194,
        "values": [
          4.548387096774194
        ]
      },
      "server_ready_s": {
        "n": 1,
        "mean": 85.02052426338196,
        "std": 0.0,
        "cv_pct": 0.0,
        "min": 85.02052426338196,
        "max": 85.02052426338196,
        "range_pct": 0.0,
        "median": 85.02052426338196,
        "p25": 85.02052426338196,
        "p75": 85.02052426338196,
        "values": [
          85.02052426338196
        ]
      },
      "records": [
        {
          "run_idx": 0,
          "t_start_utc": "2026-06-14T02:27:02.322689+00:00",
          "seed": 1,
          "num_prompts": 8,
          "output_len": 16,
          "num_completion_tokens": 128,
          "decode_duration_s": 1.16939115524292,
          "wall_around_decode_s": 9.530380249023438,
          "wall_tps": 109.45866951884915,
          "steady_gen_tps_mean": 9.5,
          "steady_gen_tps_mean_nonzero": 9.5,
          "steady_gen_tps_n": 1,
          "gen_tps_series": [
            9.5
          ],
          "e_accept_exact": 4.548387096774194,
          "e_accept_interval_mean": 4.55,
          "num_speculative_tokens": 7,
          "total_accepted_tokens": 110,
          "total_drafted_tokens": 217,
          "intervals": 1,
          "clock": {
            "n_samples": 49,
            "n_load_samples": 3,
            "sm_clock_mhz": {
              "mean": 1710.0,
              "min": 1710.0,
              "max": 1710.0
            },
            "sm_clock_mhz_load": {
              "mean": 1710.0,
              "min": 1710.0,
              "max": 1710.0
            },
            "mem_clock_mhz_load": {
              "mean": 6251.0,
              "min": 6251.0,
              "max": 6251.0
            },
            "temp_c": {
              "mean": 35.59183673469388,
              "min": 35.0,
              "max": 40.0
            },
            "power_w_load": {
              "mean": 108.24666666666667,
              "min": 89.45,
              "max": 140.15
            },
            "util_pct": {
              "mean": 4.6938775510204085,
              "min": 0.0,
              "max": 97.0
            }
          },
          "log_offset_start": 0,
          "server_ready_s": 85.02052426338196,
          "arm": "baseline",
          "submission": "fa2sw_precache_kenyan",
          "override_env": {}
        }
      ]
    },
    "candidate": {
      "n": 1,
      "wall_tps": {
        "n": 1,
        "mean": 107.61008522883866,
        "std": 0.0,
        "cv_pct": 0.0,
        "min": 107.61008522883866,
        "max": 107.61008522883866,
        "range_pct": 0.0,
        "median": 107.61008522883866,
        "p25": 107.61008522883866,
        "p75": 107.61008522883866,
        "values": [
          107.61008522883866
        ]
      },
      "steady_gen_tps_mean": {
        "n": 0
      },
      "e_accept_exact": {
        "n": 0
      },
      "server_ready_s": {
        "n": 1,
        "mean": 90.02233028411865,
        "std": 0.0,
        "cv_pct": 0.0,
        "min": 90.02233028411865,
        "max": 90.02233028411865,
        "range_pct": 0.0,
        "median": 90.02233028411865,
        "p25": 90.02233028411865,
        "p75": 90.02233028411865,
        "values": [
          90.02233028411865
        ]
      },
      "records": [
        {
          "run_idx": 0,
          "t_start_utc": "2026-06-14T02:28:45.803425+00:00",
          "seed": 1,
          "num_prompts": 8,
          "output_len": 16,
          "num_completion_tokens": 128,
          "decode_duration_s": 1.1894795894622803,
          "wall_around_decode_s": 9.5803062915802,
          "wall_tps": 107.61008522883866,
          "steady_gen_tps_mean": null,
          "steady_gen_tps_mean_nonzero": null,
          "steady_gen_tps_n": 0,
          "gen_tps_series": [],
          "e_accept_exact": null,
          "e_accept_interval_mean": null,
          "num_speculative_tokens": 7,
          "total_accepted_tokens": 0,
          "total_drafted_tokens": 0,
          "intervals": 0,
          "clock": {
            "n_samples": 49,
            "n_load_samples": 4,
            "sm_clock_mhz": {
              "mean": 1710.0,
              "min": 1710.0,
              "max": 1710.0
            },
            "sm_clock_mhz_load": {
              "mean": 1710.0,
              "min": 1710.0,
              "max": 1710.0
            },
            "mem_clock_mhz_load": {
              "mean": 6251.0,
              "min": 6251.0,
              "max": 6251.0
            },
            "temp_c": {
              "mean": 35.816326530612244,
              "min": 35.0,
              "max": 41.0
            },
            "power_w_load": {
              "mean": 107.46,
              "min": 71.97,
              "max": 148.73
            },
            "util_pct": {
              "mean": 6.040816326530612,
              "min": 0.0,
              "max": 97.0
            }
          },
          "log_offset_start": 0,
          "server_ready_s": 90.02233028411865,
          "arm": "candidate",
          "submission": "fa2sw_precache_kenyan",
          "override_env": {}
        }
      ]
    }
  },
  "verdict": {
    "metric": "wall_tps",
    "n_per_arm": 1,
    "baseline_median_wall_tps": 109.45866951884915,
    "candidate_median_wall_tps": 107.61008522883866,
    "baseline_mean_wall_tps": 109.45866951884915,
    "candidate_mean_wall_tps": 107.61008522883866,
    "delta_median_tps": -1.8485842900104927,
    "delta_median_pct": -1.688842280046315,
    "delta_mean_pct": -1.688842280046315,
    "operative_threshold_pct": 0.2,
    "raw_mde_detect_pct": 0.09701326772724363,
    "raw_mde_powered_pct": 0.13867139344988294,
    "floor_cv_pct": 0.035,
    "se_diff_floor_tps": 0.05417927723350485,
    "se_diff_observed_tps": 0.0,
    "ci95_observed_pct": 0.0,
    "observed_significant": null,
    "median_se_baseline_tps": null,
    "median_se_candidate_tps": null,
    "baseline_cv_pct": 0.0,
    "candidate_cv_pct": 0.0,
    "floor_exceeded": false,
    "verdict": "REAL",
    "human_verdict": "A=109.46 B=107.61 \u0394=-1.689% [REAL] (op@N1=0.20%, raw-powered-MDE=0.139%)"
  }
}