{
  "mode": "reuse",
  "submission": "fa2sw_precache_kenyan",
  "n_runs": 1,
  "workload": {
    "num_prompts": 128,
    "output_len": 512,
    "seed": 1
  },
  "steptime": true,
  "elapsed_s": 268.0978150367737,
  "git": {
    "git_commit": "c4d7082d3c5a385352bdf5843e7420fd272eb97e",
    "git_branch": "lawine/tps-noise-floor",
    "git_dirty": true
  },
  "aggregate": {
    "steady_gen_tps_mean": {
      "n": 1,
      "mean": 448.6642857142857,
      "std": 0.0,
      "cv_pct": 0.0,
      "min": 448.6642857142857,
      "max": 448.6642857142857,
      "range_pct": 0.0,
      "median": 448.6642857142857,
      "p25": 448.6642857142857,
      "p75": 448.6642857142857,
      "values": [
        448.6642857142857
      ]
    },
    "steady_gen_tps_mean_nonzero": {
      "n": 1,
      "mean": 448.6642857142857,
      "std": 0.0,
      "cv_pct": 0.0,
      "min": 448.6642857142857,
      "max": 448.6642857142857,
      "range_pct": 0.0,
      "median": 448.6642857142857,
      "p25": 448.6642857142857,
      "p75": 448.6642857142857,
      "values": [
        448.6642857142857
      ]
    },
    "wall_tps": {
      "n": 1,
      "mean": 454.29156575371786,
      "std": 0.0,
      "cv_pct": 0.0,
      "min": 454.29156575371786,
      "max": 454.29156575371786,
      "range_pct": 0.0,
      "median": 454.29156575371786,
      "p25": 454.29156575371786,
      "p75": 454.29156575371786,
      "values": [
        454.29156575371786
      ]
    },
    "e_accept_exact": {
      "n": 1,
      "mean": 3.8554563249327134,
      "std": 0.0,
      "cv_pct": 0.0,
      "min": 3.8554563249327134,
      "max": 3.8554563249327134,
      "range_pct": 0.0,
      "median": 3.8554563249327134,
      "p25": 3.8554563249327134,
      "p75": 3.8554563249327134,
      "values": [
        3.8554563249327134
      ]
    }
  },
  "records": [
    {
      "run_idx": 0,
      "t_start_utc": "2026-06-14T01:42:23.816975+00:00",
      "seed": 1,
      "num_prompts": 128,
      "output_len": 512,
      "num_completion_tokens": 65536,
      "decode_duration_s": 144.2597770690918,
      "wall_around_decode_s": 153.1029133796692,
      "wall_tps": 454.29156575371786,
      "steady_gen_tps_mean": 448.6642857142857,
      "steady_gen_tps_mean_nonzero": 448.6642857142857,
      "steady_gen_tps_n": 14,
      "gen_tps_series": [
        317.2,
        464.1,
        441.3,
        442.8,
        464.8,
        475.4,
        444.7,
        502.9,
        450.2,
        446.0,
        461.3,
        439.0,
        481.8,
        449.8
      ],
      "e_accept_exact": 3.8554563249327134,
      "e_accept_interval_mean": 3.8521428571428573,
      "num_speculative_tokens": 7,
      "total_accepted_tokens": 46681,
      "total_drafted_tokens": 114436,
      "intervals": 14,
      "clock": {
        "n_samples": 623,
        "n_load_samples": 575,
        "sm_clock_mhz": {
          "mean": 1710.0,
          "min": 1710.0,
          "max": 1710.0
        },
        "sm_clock_mhz_load": {
          "mean": 1710.0,
          "min": 1710.0,
          "max": 1710.0
        },
        "mem_clock_mhz_load": {
          "mean": 6251.0,
          "min": 6251.0,
          "max": 6251.0
        },
        "temp_c": {
          "mean": 51.48796147672552,
          "min": 36.0,
          "max": 57.0
        },
        "power_w_load": {
          "mean": 164.80773913043478,
          "min": 73.0,
          "max": 185.55
        },
        "util_pct": {
          "mean": 91.7784911717496,
          "min": 0.0,
          "max": 100.0
        }
      },
      "log_offset_start": 28104
    }
  ]
}