{
  "primary_metric_name": "argmax_decode_step_self_test_passes",
  "argmax_decode_step_self_test_passes": 1,
  "test_metric_name": "descent_only_lcb_with_argmax_decode",
  "descent_only_lcb_with_argmax_decode": 500.84707198421364,
  "descent_only_clears_500_with_argmax": true,
  "measurement": {
    "wall_tps_control": 454.33210705484095,
    "wall_tps_patched": 455.1334910153509,
    "wall_tps_ratio_control_over_patched": 0.9982392331561403,
    "control_cv_pct": 0.007990231151516251,
    "patched_cv_pct": 0.025402517259066185,
    "delta_median_pct": 0.17638726122721932,
    "raw_mde_powered_pct": 0.08006196633719041,
    "operative_threshold_pct": 0.1,
    "e_accept_control": 3.849141742592613,
    "e_accept_patched": 3.8539746338288765,
    "control_reproduces_reference": true,
    "control_reproduction_rel_err_pct": 0.0013756675351141584,
    "control_recovers_official_anchor": true,
    "control_recovered_vs_anchor_pct": 0.03047967334790663,
    "official_anchor_tps": 481.53
  },
  "step": {
    "step_realized_argmax": 1.2160278494718242,
    "step_reduction_pct_vs_1p2182": 0.1760766843859639,
    "step_shipped_anchor": 1.2181727676912677,
    "step_conditional_154": 1.2047034772054985,
    "conditional_reduction_pct": 1.1056962397293395,
    "fraction_of_154_projection_realized": 0.15924507840332824
  },
  "verdict_descent_only": {
    "at_realized": {
      "step": 1.2160278494718242,
      "proj_private_tps": 514.7998652308092,
      "geom_tps_public": 520.8806979609944,
      "lcb_p90": 500.84707198421364,
      "p_clear_500": 0.9129828373084219,
      "clears_p90": true,
      "margin_lcb_vs_500": 0.8470719842136418
    },
    "at_shipped_1p2182": {
      "step": 1.2181727676912677,
      "proj_private_tps": 513.8934226968873,
      "geom_tps_public": 519.9635484984183,
      "lcb_p90": 499.96519706601964,
      "p_clear_500": 0.8994368544296176,
      "clears_p90": false,
      "margin_lcb_vs_500": -0.03480293398035883
    },
    "at_conditional_1p2047": {
      "step": 1.2047034772054985,
      "proj_private_tps": 519.6390521567497,
      "geom_tps_public": 525.777045520094,
      "lcb_p90": 505.55510080538465,
      "p_clear_500": 0.9630337622697593,
      "clears_p90": true,
      "margin_lcb_vs_500": 5.5551008053846544
    },
    "lcb_gain_vs_shipped": 0.8818749181940007
  },
  "output_neutral": true,
  "token_identity_rate": 1.0,
  "n_identical": 384,
  "n_shared": 384,
  "ppl_argmax": 2.376682786480556,
  "ppl_control": 2.376682786480556,
  "ppl_num_tokens": 61797,
  "ppl_bar": 2.42,
  "self_test_legs": {
    "a_control_reproduces_1p2182": true,
    "b_token_ids_byte_identical": true,
    "c_ppl_le_2p42_and_128of128": true,
    "d_descent_restoration_explicit": true,
    "e_nan_clean": true
  },
  "imported_anchors": {
    "source_fern_174": "research/spec_cost_model/conservative_step_launch_verdict_results.json",
    "source_pinned_packet": "research/spec_cost_model/pinned_launch_decision_packet_results.json",
    "K_cal": 125.26795,
    "E_T_descent": 5.056404568844709,
    "combined_rel_1sigma": 0.021148844836120288,
    "lcb_p90_ref_at_shipped": 499.96519706601964,
    "selfvalidated_against_committed": true
  }
}