{
  "agent": "wirbel",
  "pr": 415,
  "kind": "fixed-overhead-floor-decomp",
  "created_at": "20260615T223415Z",
  "analysis_only": true,
  "no_hf_job": true,
  "no_launch": true,
  "no_served_file_change": true,
  "no_kernel_build": true,
  "official_tps": 0,
  "gpu": {
    "name": "NVIDIA A10G",
    "sm_count": 80,
    "compute_capability": "8.6",
    "total_mem_gib": 22.06,
    "is_a10g_80sm": true,
    "is_sm8x": true
  },
  "seeds": [
    1234,
    2345,
    3456
  ],
  "peak_mem_mib": 288.5,
  "compose": {
    "launch": {
      "single_kernel_eager_us": 21.503999829292297,
      "single_kernel_graph_us": 14.336000196635723,
      "single_kernel_launch_overhead_us": 7.167999632656574,
      "graph_replay_floor_us": 14.336000196635723,
      "per_launch_overhead_us": 6.8949334012965355,
      "slope_detail": {
        "N10": {
          "eager_us": 89.08800035715103,
          "graph_us": 16.383999958634377,
          "saving_us": 72.70400039851665
        },
        "N30": {
          "eager_us": 233.47200453281403,
          "graph_us": 37.88800165057182,
          "saving_us": 195.5840028822422
        }
      }
    },
    "tail": {
      "tail_full_eager_proxy_us": 11402.239799499512,
      "tail_full_graph_proxy_us": 2326.5280723571777,
      "tail_gemvattn_graph_proxy_us": 2032.639980316162,
      "per_head_full_graph_proxy_us": 332.36115319388256,
      "draft_tail_eager_graph_proxy_delta_us": 9075.711727142334,
      "draft_tail_kernel_count": 294,
      "norm_sample_share_of_draft": 0.1263204581680615,
      "k_draft": 7
    },
    "norm_sample": {
      "rmsnorm_us": 29.69600073993206,
      "centroids_argmax_us": 75.77600330114365
    },
    "sync": {
      "d2h_item_blocking_us": 20.70399932563305,
      "event_record_wait_us": 17.11999997496605
    },
    "peak_copy": {
      "copy_us": 567.296028137207,
      "moved_bytes": 268435456.0,
      "peak_copy_gbs": 473.1840920540974,
      "peak_theoretical_gbs": 600.0,
      "copy_eff_vs_theoretical": 0.7886401534234957
    },
    "anchors": {
      "src": "/workspace/senpai/target/research/validity/decode_host_overhead/measure_deployed_decode.json",
      "deployed_draft_gpu_us": 1445.0,
      "deployed_verify_gpu_us": 6532.0,
      "deployed_wall_us": 8016.999999999999,
      "deployed_host_hop_us": 39.99999999999909,
      "deployed_gpu_busy_us": 7977.0,
      "host_overhead_frac": 0.00498939753024811
    },
    "fixed_overhead_total_us": 146.3,
    "fixed_from_draft_frac_us": 146.29959365871912,
    "fixed_from_residual_us": 146.299593658719,
    "fixed_overhead_frac": 0.12009522245936628,
    "f_draft_us": 124.37637240516386,
    "f_launch_us": 0.0,
    "f_norm_sample_us": 17.982886854095494,
    "f_sync_us": 3.940740740740654,
    "f_draft_pct": 85.01460861596982,
    "f_launch_pct": 0.0,
    "f_norm_sample_pct": 12.291788690427541,
    "f_sync_pct": 2.6936026936026343,
    "f_norm_sample_host_blocking_us": 0.0,
    "components_sum_us": 146.3,
    "floor_closure_residual_frac": 0.0,
    "norm_sample_share_of_draft": 0.1263204581680615,
    "norm_scale": 0.09851851851851859,
    "raw_isolated_us": 4540.640136227012,
    "overcredit_factor": 31.036501272911902,
    "draft_tail_cudagraph_saving_us": 2027.1104199811814,
    "draft_tail_kernel_count": 294,
    "per_launch_overhead_us": 6.8949334012965355,
    "draft_tail_eager_proxy_delta_us": 9075.711727142334,
    "draft_tail_cudagraph_equiv_neutral": true,
    "draft_tail_cudagraph_saving_realized_deployed": true,
    "per_head_full_graph_us": 332.36115319388256,
    "tail_full_graph_proxy_us": 2326.5280723571777,
    "tail_full_eager_proxy_us": 11402.239799499512,
    "draft_weight_bytes_tail": 117440512.0,
    "draft_bw_floor_us": 248.19201231002805,
    "draft_over_bwfloor_ratio": 5.822105177965938,
    "classification": {
      "F_DRAFT": {
        "equiv_neutral_reducible": false,
        "mechanism": "Real 7-head x 4-layer MTP drafter forward (GEMV+SDPA), a SEQUENTIAL tiny-kernel latency chain. Already ONEGRAPH/LOOPGRAPH-captured (no CPU launch overhead). Runs at 5.8x its 248us weight-read BW floor => occupancy/latency-bound, not CPU-launch-bound. The only equiv-neutral shrink is kernel fusion (fewer/bigger kernels) -> needs a kernel build (no_kernel_build => OUT of scope). Fewer/smaller/quantized heads change the emitted draft tokens -> NOT equiv-neutral."
      },
      "F_LAUNCH": {
        "equiv_neutral_reducible": true,
        "mechanism": "Per-kernel CPU launch/dispatch (~6.9us/kernel measured). Equiv-neutral and ALREADY REALIZED by the deployed ONEGRAPH=1 / LOOPGRAPH_REQUIRE_CAPTURE=1 capture of the ~294-kernel K=7 draft tail: draft_tail_cudagraph_saving_us=2027 is banked, not available -> 0 additional within-scope upside."
      },
      "F_NORM_SAMPLE": {
        "equiv_neutral_reducible": false,
        "mechanism": "Per-layer RMSNorm + per-head centroids get_top_tokens argmax, INSIDE the captured draft graph (0 host-blocking). argmax already fused (FUSED_SPARSE_ARGMAX / DIXIE_SLIM_GREEDY / centroids CUDA graphs). Norm fold-into-GEMV would need a kernel build (no_kernel_build => OUT of scope) -> 0 additional within-scope upside."
      },
      "F_SYNC": {
        "equiv_neutral_reducible": false,
        "mechanism": "verify->draft inter-graph host hop (scheduler/accept dispatch between the two CUDA graphs). #284 measured it directly at 40us (0.50% of the 8017us wall) and found it largely irreducible: the accept count is data-dependent, so the boundary can't be statically captured without dynamic control flow / a verify+draft graph fusion (a served-file change => OUT of scope)."
      }
    },
    "roofline_removable_us": 3.940740740740654,
    "equiv_neutral_floor_upside_tps_roofline": 1.562751014183334,
    "equiv_neutral_floor_upside_tps_realistic": 0.5,
    "cb3_supply_tps": 15.6,
    "floor_lever_exceeds_cb3_supply": false,
    "floor_lever_exceeds_selective_recompute": false,
    "draft_fuse_headroom_real_us": 1196.807987689972,
    "draft_fuse_headroom_norm_us": 117.90774989834547,
    "draft_fuse_headroom_tps_if_built": 51.60094402492143,
    "draft_fuse_requires_kernel_build": true,
    "verdict": "The 146.30us 'fixed-overhead floor' IS the normalized #378 DRAFT bucket (F_DRAFT_378*STEP_NORM = 146.30us). Decomposed: F_DRAFT=124.4us (85.0%, real 1445us drafter forward, 5.8x its BW floor, ALREADY graph-captured), F_NORM_SAMPLE=18.0us (12.3%, in-graph norm+argmax, fused), F_LAUNCH=0.0us (ONEGRAPH-captured; banked saving 2027us), F_SYNC=3.9us (2.7%, verify->draft host hop, largely irreducible). closure_residual=0.000%. Equivalence-preserving floor upside roofline +1.56 TPS / realistic +0.50 TPS -- floor_lever_exceeds_cb3_supply=False (vs +15.60); also below the +9..11 selective-recompute frontier. REFUTES the PR's '-40us -> +16 TPS' frame: the floor is already-captured real drafter compute + an irreducible host hop; the only large headroom (fuse F_DRAFT to its 248us BW floor, ~+52 TPS) needs a kernel build (FORBIDDEN here) and is flagged for a future card."
  },
  "selftest": {
    "passes": true,
    "n_checks": 37,
    "conditions": {
      "a_anchor_eq_draft_frac": true,
      "a_anchor_eq_residual": true,
      "a_frac_eq_f_draft_378": true,
      "a_fractions_partition_unity": true,
      "b_closure_le_8pct": true,
      "b_components_sum_total": true,
      "b_draft_dominates": true,
      "b_launch_zero_realized": true,
      "b_all_components_finite": true,
      "b_all_components_nonneg": true,
      "c_draft_tail_saving_positive": true,
      "c_draft_tail_equiv_neutral": true,
      "c_draft_tail_realized": true,
      "c_seven_heads": true,
      "c_per_head_finite_pos": true,
      "d_norm_sample_not_host_blocking": true,
      "d_norm_sample_share_bounded": true,
      "e_draft_anchor_pos": true,
      "e_host_hop_pos": true,
      "e_host_bound_lt_2pct": true,
      "e_sync_eq_host_hop": true,
      "f_roofline_finite": true,
      "f_realistic_le_roofline": true,