{
  "schema": "bi0_k_sweep_arm/v1",
  "complete": true,
  "K": 4,
  "submission": "int4_mtp_bi0_surgattn",
  "n": 3,
  "workload": {
    "num_prompts": 128,
    "output_len": 512,
    "seed": 1,
    "warmup": "8x128"
  },
  "measurement_env": {
    "VLLM_USE_FLASHINFER_SAMPLER": "0",
    "DISABLE_LOG_STATS": "0",
    "STEPTIME": "1",
    "STEPTIME_WARMUP_SKIP": "64",
    "STEPTIME_RAW_START": "64",
    "STEPTIME_RAW_COUNT": "4000",
    "STEPTIME_REPORT_EVERY": "100000",
    "NUM_SPECULATIVE_TOKENS": "4"
  },
  "manifest_env": {
    "VLLM_BATCH_INVARIANT": "0",
    "DRAFTER_MODEL": "google/gemma-4-E4B-it-qat-q4_0-unquantized-assistant",
    "NUM_SPECULATIVE_TOKENS": "6",
    "MAX_MODEL_LEN": "4096",
    "GPU_MEMORY_UTILIZATION": "0.90",
    "MAX_NUM_BATCHED_TOKENS": "512",
    "MAX_NUM_SEQS": "1",
    "PYTORCH_CUDA_ALLOC_CONF": "expandable_segments:True"
  },
  "server_ready_s": 110.02412009239197,
  "elapsed_s": 1120.871256828308,
  "peak_gpu_mem_mib": 19673,
  "wall_tps": {
    "n": 3,
    "mean": 210.26610357834394,
    "std": 1.371016713245897,
    "cv_pct": 0.6520388640459416,
    "min": 208.6831250873015,
    "max": 211.07551350109443,
    "range_pct": 1.1377908151046985,
    "median": 211.03967214663587,
    "p25": 208.6831250873015,
    "p75": 211.03967214663587,
    "values": [
      208.6831250873015,
      211.07551350109443,
      211.03967214663587
    ]
  },
  "e_accept_exact": {
    "n": 3,
    "mean": 2.98858652293744,
    "std": 0.007679046843997329,
    "cv_pct": 0.2569457763749032,
    "min": 2.979788042749184,
    "max": 2.9939385590301697,
    "range_pct": 0.4734852470350265,
    "median": 2.992032967032967,
    "p25": 2.979788042749184,
    "p75": 2.992032967032967,
    "values": [
      2.979788042749184,
      2.992032967032967,
      2.9939385590301697
    ]
  },
  "draft_acceptance_rate": {
    "n": 3,
    "mean": 0.49714663073436,
    "std": 0.0019197617109993129,
    "cv_pct": 0.3861560337165591,
    "min": 0.49494701068729596,
    "max": 0.49848463975754237,
    "range_pct": 0.7115866530204175,
    "median": 0.49800824175824177,
    "p25": 0.49494701068729596,
    "p75": 0.49800824175824177,
    "values": [
      0.49494701068729596,
      0.49800824175824177,
      0.49848463975754237
    ]
  },
  "prometheus_spec_decode": {
    "populated": true,
    "num_drafts": 66165.0,
    "num_accepted_tokens": 131686.0,
    "num_draft_tokens": 264660.0,
    "mean_tokens_per_step_E_T": 2.9902667573490516,
    "accepted_per_pos": [
      47266.0,
      34968.0,
      27506.0,
      21946.0
    ],
    "cumulative_acceptance_C": [
      0.7143656011486436,
      0.528496939469508,
      0.41571828005743217,
      0.33168593667346785
    ],
    "conditional_acceptance_p": [
      0.7143656011486436,
      0.739812973384674,
      0.7866048959048273,
      0.7978622845924526
    ]
  },
  "ppl": 2.0056557074968437,
  "ppl_summary": {
    "base_url": "http://127.0.0.1:8000",
    "dataset_path": "/workspace/senpai/target/official/main_bucket/shared_resources/speed_benchmark/data/ppl_ground_truth_tokens.jsonl",
    "mean_record_ppl": 2.159233499456369,
    "model": "gemma-4-e4b-it",
    "neg_log_likelihood": 43008.92257219653,
    "num_records": 128,
    "num_tokens": 61797,
    "output_file": "/workspace/senpai/target/research/bi0_k_sweep/k4/ppl.jsonl",
    "ppl": 2.0056557074968437,
    "prompt_logprobs": 1
  },
  "ppl_bar": 2.42,
  "ppl_within_bar": true,
  "fingerprint": "0a6b36bc57e4e6c8049f594b49e2c313561634f8519c849ee3bdd81e6378e744",
  "fingerprint_per_record": {
    "0": "2a3aef2c5bfcbf13c2b79caed099ba15fa786e66275a0a943aee29f7c9b05580",
    "1": "f7f87b15123cce78789c08e541d52e1ff05fcefb2b432c61421ca77ed232c1b3",
    "2": "464c0eb63f65d642bcc01aab57419bb63d1b5986f3922e194ea60c4646b1abd0",
    "3": "d3d8067a2d19eff6832fc6f63db3a08ed0ef342e800286eefe647822d2cb2971",
    "4": "1e018829eaba393d8dc43c25aa6001a6ceb886010ef16f7cc80ba523ebc3ec04",
    "5": "7fef6270c9104125f352582274f507982eb5df4c8986d5b8d2f7d96713cb30f1",
    "6": "7d46fac542a668459427762dc5fa753bf74279ea4d7b19eddc3c687238a0ce6e",
    "7": "aa6a6f9381ea8397a54a82a1943a336f587661fe74c79ee787df667d51e6479f",
    "8": "fa920b1af305b5265e67d3ad9b0d526d6f7383136ebb81c1ab4963c8a1398a10",
    "9": "bdc38d33125e90c52e031c0050386e0d310cb22beeae12bf20a7774eb5c2612c",
    "10": "e9f89105f2167520d220afe7fa8ed3aae165d4f77bc4acea8f77c2edb5c4f52b",
    "11": "214f2973cff15c74492ab6e5c6198eb0609ce95568251560bd5863399d30f21e",
    "12": "001754ae8306ea11252f04450bb563c4e65e13c915f682890605712750a09bab",
    "13": "0193611961f3d7b2750f9ce729a698d92d6ab995f20564c56a55edfd75a470da",
    "14": "2ba33dbc509c90b081c9dd4cf92bd9822003ac9fbe5a9e5e5662497843ca6ab8",
    "15": "bcba23c92259b63b06da8a17c934090716823852a7e96447c81c7ea61f30a917",
    "16": "0ffb21376ac9eb4a4cfa267b92282efc944debf9275ade4d01f6635fb6226944",
    "17": "66359d73da2befbc0ac9b0ca22f90387e3a1b4f1330e6d70f4a68ea69f57b9a1",
    "18": "d3692b24d4a641e04f44d9199e96d3c1e0dd0f39b24cf663d2f0d19f93e1a2d7",
    "19": "8e3154682b586cb4ca712eebc8349c7e7f57ae7268619f1be75d0991d22a7f08",
    "20": "af9c7529a4d9d1c4df9dc3196c892e37e06a39704779bcaf711a8c695c5f3e55",
    "21": "1300516d19048b380b40e9761ac6b82eeb1747c39444c764733670fefac2e6a2",
    "22": "4b450791174d8f8140c6b32056f284a2605a076d46cfe51d8fffd0f4ca0e33e5",
    "23": "f652067b29fca0d309e6653794820704824016fd47087e7b5d2f39b7f15cb811",
    "24": "a8a592e435d9fc5237a5ea53f65619e44156d858579aa38fef6ac6daab4c558c",
    "25": "1b0e8938de786b8f23567038ec3ddab492d5b4403eb7e7b16419c6426cec0629",
    "26": "ee84b041a78eb0e30f2b666dd097242aa63a972402c6db0796dc94a6430279ab",
    "27": "ee5211e6429de01e256b7bd3a5d7719600e0c0daf21de8e15cd678b14bc4dcb7",
    "28": "984f5883c331e216caa5519e9b1d2d41f1e9b411d757a49cdbc61a5c17f31eea",
    "29": "2de3ce868c5bb908c6550d0c0231f6970f2b65cb031d188c3ab945b1d48031c7",
    "30": "52f4b076a3838fe2e61557d4aecdcc8b45ead72eb8b3e850572551a629d628dd",
    "31": "b6e15a58321751d84315e46575cfa99d21ba06a8f9a13e157d1ffb995bf9fec6",
    "32": "d6c7bef3f92dc26dba091558edbb17df294370332cc5b0d08c7811a9a1c23a5e",
    "33": "88ac40bf44edfd10539954baa497f4788e2cb87421f8df579eab2e41926e0aa1",
    "34": "f930911cee260983b8e5547c599e880f61da358b150d0284fca1b5603de579a3",
    "35": "f59509c7d1effc6d0019e094b68facd41a97432c46238c1bff67ae9a86159f49",
    "36": "a630b856bf8f01d7de6a75ea1ddd94520469d53da1cfd459c3d7a18ebf518dce",
    "37": "06071394865574586cf0941c44292e74df5a1f0f5086ff17957848b5ebf63e82",
    "38": "126b7761880f2ea52284b77bf5bf56e656ac7bb616c4b2a1e06cfd5271c85f31",
    "39": "8a6fd3860c04b0480ff55915cdeca52b274d738d8f17b41a7e1f1a3e0a8a968b",
    "40": "34f405004db704eb408d7d1cb8abf306b925434ba181d8766b59d011e96e32f5",
    "41": "2cccee6001589fea1bb7b4fb84a8681fecd37f2a4cf734b21357d7c222753e23",
    "42": "410f1d728de4eb12d69a0da323ecec7304aa3ff1cfc5e015ca8e35bc2b345769",
    "43": "2a8db2010d99b130743c66d67f568ae73dbbad4c41bfa66ed5335ad7da0d2cf2",
    "44": "aacef202df49568332de62456daa09937c1de391974d313e00d1fc6fefd46184",
    "45": "dfd59655114e63ecbb46934b3fe28d1b963f5c5c20ea6eeb6ce67053955db101",
    "46": "f16d830718240e8c134b67b280b254adf0dd92d7808b37f82e5ab812ee936e87",
    "47": "c0f3012d829a0d21932c340aeba60f04d2f0d86b2589d9f8d137eff83f4002db",
    "48": "e50025b8d46d5c11f003d12b79d746184b7c609bbd37b1eafde3aaba602d4eea",
    "49": "bff5d41e8c0dfc8ccdb88549cb55f877de0d219a454e74e86e2220acaad62448",
    "50": "131fad116e68f3cef9c425764f9248e7447f26a5a104cb07239d7df4ab82730c",
    "51": "d6ed39f2be1fc084252a063b7d3cb5a98d404f8a023c9489668ac8ec65da6174",
    "52": "2dafcbc55b81a52d99a667da1f2cab2f4d6bd2228f5886c0c378072f3fe73412",
    "53": "d853aeb38f2a48b428bb04372b86e58157cbceae9e45c282bbf2c68cd5f0890a",
    "54": "3850076e83640783eeba2e338ae6ca0cb243dc60d2a43741daa4c21417c24313",
    "55": "bbade53e029d43eb66928c9550f095989534908b143e04ac741d07db7ab5e1cb",
    "56": "7c933373e43cee44ca834cfe44b66ed2a55e6a52b6aa980fde256a8c660410f4",